-16.05999933;-0.03540147
-16.03999933;-0.03540147
-16.01999933;-0.03540147
-15.99999933;0.14099552
-15.97999933;0.14099552
-15.95999933;-0.03540147
-15.93999933;-0.03540147
-15.91999933;-0.03540147
-15.89999933;-0.03540147
-15.87999933;-0.03540147
-15.85999933;-0.03540147
-15.83999933;-0.03540147
-15.81999933;-0.03540147
-15.79999933;0.14099552
-15.77999933;-0.03540147
-15.75999933;0.14099552
-15.73999933;-0.03540147
-15.71999933;-0.03540147
-15.69999933;-0.03540147
-15.67999933;-0.03540147
-15.65999933;-0.03540147
-15.63999933;0.14099552
-15.61999933;0.14099552
-15.59999933;0.14099552
-15.57999933;-0.03540147
-15.55999933;-0.03540147
-15.53999933;-0.03540147
-15.51999933;-0.03540147
-15.49999933;0.14099552
-15.47999933;-0.03540147
-15.45999933;0.14099552
-15.43999933;-0.03540147
-15.41999933;-0.03540147
-15.39999933;-0.03540147
-15.37999933;-0.03540147
-15.35999933;-0.03540147
-15.33999933;-0.03540147
-15.31999933;-0.03540147
-15.29999933;0.14099552
-15.27999933;-0.03540147
-15.25999933;-0.03540147
-15.23999933;-0.03540147
-15.21999933;-0.03540147
-15.19999933;-0.03540147
-15.17999933;-0.03540147
-15.15999933;-0.03540147
-15.13999933;-0.03540147
-15.11999933;-0.03540147
-15.09999933;-0.03540147
-15.07999933;-0.03540147
-15.05999933;-0.03540147
-15.03999933;-0.03540147
-15.01999933;-0.03540147
-14.99999933;-0.03540147
-14.97999933;-0.03540147
-14.95999933;-0.03540147
-14.93999933;-0.03540147
-14.91999933;-0.03540147
-14.89999933;-0.03540147
-14.87999933;-0.03540147
-14.85999933;-0.03540147
-14.83999933;-0.03540147
-14.81999933;-0.03540147
-14.79999933;-0.03540147
-14.77999933;-0.03540147
-14.75999933;-0.03540147
-14.73999933;-0.03540147
-14.71999933;-0.03540147
-14.69999933;-0.03540147
-14.67999933;-0.03540147
-14.65999933;-0.03540147
-14.63999933;-0.03540147
-14.61999933;-0.03540147
-14.59999933;-0.03540147
-14.57999933;-0.03540147
-14.55999933;-0.03540147
-14.53999933;-0.03540147
-14.51999933;-0.03540147
-14.49999933;0.14099552
-14.47999933;-0.03540147
-14.45999933;-0.03540147
-14.43999933;-0.03540147
-14.41999934;-0.03540147
-14.39999934;-0.03540147
-14.37999934;-0.03540147
-14.35999934;-0.03540147
-14.33999934;-0.03540147
-14.31999934;-0.03540147
-14.29999934;-0.03540147
-14.27999934;-0.03540147
-14.25999934;-0.03540147
-14.23999934;0.14099552
-14.21999934;-0.03540147
-14.19999934;-0.03540147
-14.17999934;-0.03540147
-14.15999934;-0.03540147
-14.13999934;-0.03540147
-14.11999934;-0.03540147
-14.09999934;-0.03540147
-14.07999934;-0.03540147
-14.05999934;-0.03540147
-14.03999934;-0.03540147
-14.01999934;-0.03540147
-13.99999934;-0.03540147
-13.97999934;-0.03540147
-13.95999934;-0.03540147
-13.93999934;-0.03540147
-13.91999934;-0.03540147
-13.89999934;-0.03540147
-13.87999934;-0.03540147
-13.85999934;-0.03540147
-13.83999934;-0.03540147
-13.81999934;-0.03540147
-13.79999934;-0.03540147
-13.77999934;-0.03540147
-13.75999934;-0.03540147
-13.73999934;-0.03540147
-13.71999934;-0.03540147
-13.69999934;-0.03540147
-13.67999934;-0.03540147
-13.65999934;-0.03540147
-13.63999934;-0.03540147
-13.61999934;-0.03540147
-13.59999934;-0.03540147
-13.57999934;-0.03540147
-13.55999934;-0.03540147
-13.53999934;-0.03540147
-13.51999934;-0.03540147
-13.49999934;-0.03540147
-13.47999934;-0.03540147
-13.45999934;-0.03540147
-13.43999934;-0.03540147
-13.41999934;-0.03540147
-13.39999934;-0.03540147
-13.37999934;-0.03540147
-13.35999934;-0.03540147
-13.33999934;-0.03540147
-13.31999934;-0.03540147
-13.29999934;-0.03540147
-13.27999934;-0.03540147
-13.25999934;-0.03540147
-13.23999934;-0.03540147
-13.21999934;-0.03540147
-13.19999934;-0.03540147
-13.17999934;-0.03540147
-13.15999934;-0.03540147
-13.13999934;-0.03540147
-13.11999934;-0.03540147
-13.09999934;-0.03540147
-13.07999934;-0.03540147
-13.05999934;-0.03540147
-13.03999934;-0.03540147
-13.01999934;-0.03540147
-12.99999934;0.14099552
-12.97999934;-0.03540147
-12.95999934;0.14099552
-12.93999934;-0.03540147
-12.91999934;-0.03540147
-12.89999934;-0.03540147
-12.87999934;-0.03540147
-12.85999934;-0.03540147
-12.83999934;-0.03540147
-12.81999934;-0.03540147
-12.79999934;-0.03540147
-12.77999935;-0.03540147
-12.75999935;-0.03540147
-12.73999935;-0.03540147
-12.71999935;-0.03540147
-12.69999935;-0.03540147
-12.67999935;-0.03540147
-12.65999935;-0.03540147
-12.63999935;-0.03540147
-12.61999935;-0.03540147
-12.59999935;-0.03540147
-12.57999935;-0.03540147
-12.55999935;-0.03540147
-12.53999935;-0.03540147
-12.51999935;-0.03540147
-12.49999935;0.14099552
-12.47999935;-0.03540147
-12.45999935;-0.03540147
-12.43999935;-0.03540147
-12.41999935;-0.03540147
-12.39999935;-0.03540147
-12.37999935;-0.03540147
-12.35999935;-0.03540147
-12.33999935;-0.03540147
-12.31999935;-0.03540147
-12.29999935;-0.03540147
-12.27999935;-0.03540147
-12.25999935;-0.03540147
-12.23999935;-0.03540147
-12.21999935;-0.03540147
-12.19999935;-0.03540147
-12.17999935;-0.03540147
-12.15999935;-0.03540147
-12.13999935;-0.03540147
-12.11999935;-0.03540147
-12.09999935;-0.03540147
-12.07999935;-0.03540147
-12.05999935;-0.03540147
-12.03999935;0.14099552
-12.01999935;-0.03540147
-11.99999935;-0.03540147
-11.97999935;0.14099552
-11.95999935;-0.03540147
-11.93999935;-0.03540147
-11.91999935;-0.03540147
-11.89999935;-0.03540147
-11.87999935;-0.03540147
-11.85999935;-0.03540147
-11.83999935;-0.03540147
-11.81999935;-0.03540147
-11.79999935;-0.03540147
-11.77999935;-0.03540147
-11.75999935;-0.03540147
-11.73999935;-0.03540147
-11.71999935;-0.03540147
-11.69999935;-0.03540147
-11.67999935;-0.03540147
-11.65999935;-0.03540147
-11.63999935;0.14099552
-11.61999935;-0.03540147
-11.59999935;0.14099552
-11.57999935;-0.03540147
-11.55999935;0.14099552
-11.53999935;-0.03540147
-11.51999935;-0.03540147
-11.49999935;-0.03540147
-11.47999935;-0.03540147
-11.45999935;-0.03540147
-11.43999935;-0.03540147
-11.41999935;-0.03540147
-11.39999935;-0.03540147
-11.37999935;0.14099552
-11.35999935;-0.03540147
-11.33999935;-0.03540147
-11.31999935;-0.03540147
-11.29999935;-0.03540147
-11.27999935;-0.03540147
-11.25999935;-0.03540147
-11.23999935;-0.03540147
-11.21999935;-0.03540147
-11.19999935;-0.03540147
-11.17999935;0.14099552
-11.15999935;-0.03540147
-11.13999935;-0.03540147
-11.11999936;-0.03540147
-11.09999936;-0.03540147
-11.07999936;-0.03540147
-11.05999936;0.14099552
-11.03999936;-0.03540147
-11.01999936;0.14099552
-10.99999936;-0.03540147
-10.97999936;-0.03540147
-10.95999936;-0.03540147
-10.93999936;-0.03540147
-10.91999936;-0.03540147
-10.89999936;-0.03540147
-10.87999936;-0.03540147
-10.85999936;-0.03540147
-10.83999936;-0.03540147
-10.81999936;-0.03540147
-10.79999936;-0.03540147
-10.77999936;-0.03540147
-10.75999936;-0.03540147
-10.73999936;-0.03540147
-10.71999936;-0.03540147
-10.69999936;-0.03540147
-10.67999936;-0.03540147
-10.65999936;-0.03540147
-10.63999936;-0.03540147
-10.61999936;-0.03540147
-10.59999936;-0.03540147
-10.57999936;-0.03540147
-10.55999936;0.14099552
-10.53999936;-0.03540147
-10.51999936;-0.03540147
-10.49999936;-0.03540147
-10.47999936;0.14099552
-10.45999936;-0.03540147
-10.43999936;-0.03540147
-10.41999936;-0.03540147
-10.39999936;-0.03540147
-10.37999936;-0.03540147
-10.35999936;-0.03540147
-10.33999936;0.14099552
-10.31999936;-0.03540147
-10.29999936;-0.03540147
-10.27999936;0.14099552
-10.25999936;-0.03540147
-10.23999936;-0.03540147
-10.21999936;-0.03540147
-10.19999936;-0.03540147
-10.17999936;-0.03540147
-10.15999936;-0.03540147
-10.13999936;-0.03540147
-10.11999936;-0.03540147
-10.09999936;-0.03540147
-10.07999936;-0.03540147
-10.05999936;-0.03540147
-10.03999936;0.14099552
-10.01999936;-0.03540147
-9.99999936;0.14099552
-9.97999936;0.14099552
-9.95999936;-0.03540147
-9.93999936;-0.03540147
-9.91999936;-0.03540147
-9.89999936;-0.03540147
-9.87999936;-0.03540147
-9.85999936;-0.03540147
-9.83999936;-0.03540147
-9.81999936;-0.03540147
-9.79999936;-0.03540147
-9.77999936;-0.03540147
-9.75999936;-0.03540147
-9.73999936;-0.03540147
-9.71999936;-0.03540147
-9.69999936;-0.03540147
-9.67999936;-0.03540147
-9.65999936;-0.03540147
-9.63999936;-0.03540147
-9.61999936;-0.03540147
-9.59999936;-0.03540147
-9.57999936;-0.03540147
-9.55999936;-0.03540147
-9.53999936;-0.03540147
-9.51999936;-0.03540147
-9.49999936;-0.03540147
-9.47999937;-0.03540147
-9.45999937;0.14099552
-9.43999937;-0.03540147
-9.41999937;-0.03540147
-9.39999937;-0.03540147
-9.37999937;-0.03540147
-9.35999937;-0.03540147
-9.33999937;-0.03540147
-9.31999937;-0.03540147
-9.29999937;-0.03540147
-9.27999937;-0.03540147
-9.25999937;-0.03540147
-9.23999937;-0.03540147
-9.21999937;-0.03540147
-9.19999937;-0.03540147
-9.17999937;-0.03540147
-9.15999937;-0.03540147
-9.13999937;-0.03540147
-9.11999937;0.14099552
-9.09999937;-0.03540147
-9.07999937;0.14099552
-9.05999937;-0.03540147
-9.03999937;0.14099552
-9.01999937;-0.03540147
-8.99999937;-0.03540147
-8.97999937;-0.03540147
-8.95999937;-0.03540147
-8.93999937;-0.03540147
-8.91999937;-0.03540147
-8.89999937;-0.03540147
-8.87999937;-0.03540147
-8.85999937;0.14099552
-8.83999937;-0.03540147
-8.81999937;-0.03540147
-8.79999937;-0.03540147
-8.77999937;0.14099552
-8.75999937;-0.03540147
-8.73999937;-0.03540147
-8.71999937;-0.03540147
-8.69999937;-0.03540147
-8.67999937;-0.03540147
-8.65999937;-0.03540147
-8.63999937;-0.03540147
-8.61999937;-0.03540147
-8.59999937;-0.03540147
-8.57999937;-0.03540147
-8.55999937;-0.03540147
-8.53999937;-0.03540147
-8.51999937;-0.03540147
-8.49999937;-0.03540147
-8.47999937;-0.03540147
-8.45999937;-0.03540147
-8.43999937;-0.03540147
-8.41999937;-0.03540147
-8.39999937;-0.03540147
-8.37999937;-0.03540147
-8.35999937;-0.03540147
-8.33999937;-0.03540147
-8.31999937;-0.03540147
-8.29999937;-0.03540147
-8.27999937;-0.03540147
-8.25999937;-0.03540147
-8.23999937;0.14099552
-8.21999937;-0.03540147
-8.19999937;-0.03540147
-8.17999937;-0.03540147
-8.15999937;-0.03540147
-8.13999937;0.14099552
-8.11999937;-0.03540147
-8.09999937;-0.03540147
-8.07999937;-0.03540147
-8.05999937;-0.03540147
-8.03999937;-0.03540147
-8.01999937;-0.03540147
-7.99999937;-0.03540147
-7.97999937;-0.03540147
-7.95999937;-0.03540147
-7.93999937;-0.03540147
-7.91999937;-0.03540147
-7.89999937;-0.03540147
-7.87999937;-0.03540147
-7.85999937;-0.03540147
-7.83999938;0.14099552
-7.81999938;-0.03540147
-7.79999938;-0.03540147
-7.77999938;-0.03540147
-7.75999938;0.14099552
-7.73999938;-0.03540147
-7.71999938;0.14099552
-7.69999938;-0.03540147
-7.67999938;-0.03540147
-7.65999938;-0.03540147
-7.63999938;-0.03540147
-7.61999938;-0.03540147
-7.59999938;-0.03540147
-7.57999938;-0.03540147
-7.55999938;-0.03540147
-7.53999938;-0.03540147
-7.51999938;-0.03540147
-7.49999938;0.14099552
-7.47999938;-0.03540147
-7.45999938;-0.03540147
-7.43999938;-0.03540147
-7.41999938;-0.03540147
-7.39999938;-0.03540147
-7.37999938;-0.03540147
-7.35999938;-0.03540147
-7.33999938;-0.03540147
-7.31999938;-0.03540147
-7.29999938;-0.03540147
-7.27999938;-0.03540147
-7.25999938;-0.03540147
-7.23999938;-0.03540147
-7.21999938;-0.03540147
-7.19999938;-0.03540147
-7.17999938;-0.03540147
-7.15999938;-0.03540147
-7.13999938;-0.03540147
-7.11999938;-0.03540147
-7.09999938;-0.03540147
-7.07999938;-0.03540147
-7.05999938;-0.03540147
-7.03999938;-0.03540147
-7.01999938;-0.03540147
-6.99999938;-0.03540147
-6.97999938;-0.03540147
-6.95999938;-0.03540147
-6.93999938;-0.03540147
-6.91999938;-0.03540147
-6.89999938;-0.03540147
-6.87999938;-0.03540147
-6.85999938;-0.03540147
-6.83999938;-0.03540147
-6.81999938;-0.03540147
-6.79999938;-0.03540147
-6.77999938;-0.03540147
-6.75999938;-0.03540147
-6.73999938;-0.03540147
-6.71999938;-0.03540147
-6.69999938;-0.03540147
-6.67999938;-0.03540147
-6.65999938;-0.03540147
-6.63999938;0.14099552
-6.61999938;-0.03540147
-6.59999938;0.14099552
-6.57999938;-0.03540147
-6.55999938;-0.03540147
-6.53999938;-0.03540147
-6.51999938;-0.03540147
-6.49999938;-0.03540147
-6.47999938;-0.03540147
-6.45999938;-0.03540147
-6.43999938;-0.03540147
-6.41999938;-0.03540147
-6.39999938;-0.03540147
-6.37999938;-0.03540147
-6.35999938;-0.03540147
-6.33999938;-0.03540147
-6.31999938;-0.03540147
-6.29999938;-0.03540147
-6.27999938;-0.03540147
-6.25999938;-0.03540147
-6.23999938;-0.03540147
-6.21999938;-0.03540147
-6.19999939;-0.03540147
-6.17999939;-0.03540147
-6.15999939;-0.03540147
-6.13999939;-0.03540147
-6.11999939;0.14099552
-6.09999939;-0.03540147
-6.07999939;-0.03540147
-6.05999939;-0.03540147
-6.03999939;-0.03540147
-6.01999939;-0.03540147
-5.99999939;-0.03540147
-5.97999939;-0.03540147
-5.95999939;-0.03540147
-5.93999939;-0.03540147
-5.91999939;-0.03540147
-5.89999939;-0.03540147
-5.87999939;-0.03540147
-5.85999939;-0.03540147
-5.83999939;-0.03540147
-5.81999939;-0.03540147
-5.79999939;0.14099552
-5.77999939;-0.03540147
-5.75999939;-0.03540147
-5.73999939;-0.03540147
-5.71999939;-0.03540147
-5.69999939;0.14099552
-5.67999939;0.14099552
-5.65999939;-0.03540147
-5.63999939;-0.03540147
-5.61999939;-0.03540147
-5.59999939;-0.03540147
-5.57999939;-0.03540147
-5.55999939;-0.03540147
-5.53999939;-0.03540147
-5.51999939;-0.03540147
-5.49999939;-0.03540147
-5.47999939;-0.03540147
-5.45999939;-0.03540147
-5.43999939;-0.03540147
-5.41999939;-0.03540147
-5.39999939;-0.03540147
-5.37999939;-0.03540147
-5.35999939;-0.03540147
-5.33999939;-0.03540147
-5.31999939;-0.03540147
-5.29999939;-0.03540147
-5.27999939;-0.03540147
-5.25999939;-0.03540147
-5.23999939;-0.03540147
-5.21999939;-0.03540147
-5.19999939;-0.03540147
-5.17999939;-0.03540147
-5.15999939;-0.03540147
-5.13999939;-0.03540147
-5.11999939;0.14099552
-5.09999939;-0.03540147
-5.07999939;-0.03540147
-5.05999939;-0.03540147
-5.03999939;-0.03540147
-5.01999939;-0.03540147
-4.99999939;-0.03540147
-4.97999939;-0.03540147
-4.95999939;-0.03540147
-4.93999939;-0.03540147
-4.91999939;-0.03540147
-4.89999939;0.14099552
-4.87999939;-0.03540147
-4.85999939;-0.03540147
-4.83999939;-0.03540147
-4.81999939;-0.03540147
-4.79999939;-0.03540147
-4.77999939;-0.03540147
-4.75999939;-0.03540147
-4.73999939;-0.03540147
-4.71999939;-0.03540147
-4.69999939;-0.03540147
-4.67999939;-0.03540147
-4.65999939;-0.03540147
-4.63999939;-0.03540147
-4.61999939;-0.03540147
-4.59999939;-0.03540147
-4.57999939;-0.03540147
-4.55999939;-0.03540147
-4.53999940;-0.03540147
-4.51999940;-0.03540147
-4.49999940;-0.03540147
-4.47999940;-0.03540147
-4.45999940;-0.03540147
-4.43999940;-0.03540147
-4.41999940;-0.03540147
-4.39999940;-0.03540147
-4.37999940;-0.03540147
-4.35999940;-0.03540147
-4.33999940;-0.03540147
-4.31999940;-0.03540147
-4.29999940;-0.03540147
-4.27999940;-0.03540147
-4.25999940;-0.03540147
-4.23999940;-0.03540147
-4.21999940;-0.03540147
-4.19999940;-0.03540147
-4.17999940;-0.03540147
-4.15999940;-0.03540147
-4.13999940;-0.03540147
-4.11999940;-0.03540147
-4.09999940;-0.03540147
-4.07999940;-0.03540147
-4.05999940;0.14099552
-4.03999940;-0.03540147
-4.01999940;-0.03540147
-3.99999940;-0.03540147
-3.97999940;-0.03540147
-3.95999940;-0.03540147
-3.93999940;-0.03540147
-3.91999940;-0.03540147
-3.89999940;-0.03540147
-3.87999940;-0.03540147
-3.85999940;-0.03540147
-3.83999940;0.14099552
-3.81999940;-0.03540147
-3.79999940;-0.03540147
-3.77999940;-0.03540147
-3.75999940;-0.03540147
-3.73999940;-0.03540147
-3.71999940;-0.03540147
-3.69999940;-0.03540147
-3.67999940;-0.03540147
-3.65999940;-0.03540147
-3.63999940;-0.03540147
-3.61999940;-0.03540147
-3.59999940;-0.03540147
-3.57999940;-0.03540147
-3.55999940;-0.03540147
-3.53999940;-0.03540147
-3.51999940;-0.03540147
-3.49999940;-0.03540147
-3.47999940;-0.03540147
-3.45999940;-0.03540147
-3.43999940;-0.03540147
-3.41999940;-0.03540147
-3.39999940;-0.03540147
-3.37999940;-0.03540147
-3.35999940;-0.03540147
-3.33999940;-0.03540147
-3.31999940;-0.03540147
-3.29999940;-0.03540147
-3.27999940;-0.03540147
-3.25999940;-0.03540147
-3.23999940;-0.03540147
-3.21999940;-0.03540147
-3.19999940;-0.03540147
-3.17999940;0.14099552
-3.15999940;-0.03540147
-3.13999940;-0.03540147
-3.11999940;-0.03540147
-3.09999940;-0.03540147
-3.07999940;-0.03540147
-3.05999940;-0.03540147
-3.03999940;-0.03540147
-3.01999940;-0.03540147
-2.99999940;-0.03540147
-2.97999940;-0.03540147
-2.95999940;0.14099552
-2.93999940;-0.03540147
-2.91999940;-0.03540147
-2.89999941;-0.03540147
-2.87999941;-0.03540147
-2.85999941;-0.03540147
-2.83999941;-0.03540147
-2.81999941;-0.03540147
-2.79999941;0.14099552
-2.77999941;0.14099552
-2.75999941;-0.03540147
-2.73999941;-0.03540147
-2.71999941;-0.03540147
-2.69999941;-0.03540147
-2.67999941;-0.03540147
-2.65999941;-0.03540147
-2.63999941;-0.03540147
-2.61999941;-0.03540147
-2.59999941;-0.03540147
-2.57999941;-0.03540147
-2.55999941;-0.03540147
-2.53999941;-0.03540147
-2.51999941;-0.03540147
-2.49999941;-0.03540147
-2.47999941;-0.03540147
-2.45999941;-0.03540147
-2.43999941;0.14099552
-2.41999941;-0.03540147
-2.39999941;-0.03540147
-2.37999941;-0.03540147
-2.35999941;-0.03540147
-2.33999941;-0.03540147
-2.31999941;-0.03540147
-2.29999941;-0.03540147
-2.27999941;-0.03540147
-2.25999941;-0.03540147
-2.23999941;-0.03540147
-2.21999941;-0.03540147
-2.19999941;-0.03540147
-2.17999941;-0.03540147
-2.15999941;-0.03540147
-2.13999941;-0.03540147
-2.11999941;-0.03540147
-2.09999941;-0.03540147
-2.07999941;-0.03540147
-2.05999941;-0.03540147
-2.03999941;0.14099552
-2.01999941;-0.03540147
-1.99999941;-0.03540147
-1.97999941;-0.03540147
-1.95999941;-0.03540147
-1.93999941;-0.03540147
-1.91999941;-0.03540147
-1.89999941;-0.03540147
-1.87999941;-0.03540147
-1.85999941;-0.03540147
-1.83999941;-0.03540147
-1.81999941;-0.03540147
-1.79999941;-0.03540147
-1.77999941;-0.03540147
-1.75999941;-0.03540147
-1.73999941;-0.03540147
-1.71999941;-0.03540147
-1.69999941;-0.03540147
-1.67999941;-0.03540147
-1.65999941;-0.03540147
-1.63999941;-0.03540147
-1.61999941;-0.03540147
-1.59999941;-0.03540147
-1.57999941;-0.03540147
-1.55999941;-0.03540147
-1.53999941;-0.03540147
-1.51999941;-0.03540147
-1.49999941;-0.03540147
-1.47999941;0.14099552
-1.45999941;-0.03540147
-1.43999941;-0.03540147
-1.41999941;-0.03540147
-1.39999941;-0.03540147
-1.37999941;-0.03540147
-1.35999941;-0.03540147
-1.33999941;-0.03540147
-1.31999941;-0.03540147
-1.29999941;-0.03540147
-1.27999941;-0.03540147
-1.25999942;-0.03540147
-1.23999942;-0.03540147
-1.21999942;-0.03540147
-1.19999942;-0.03540147
-1.17999942;-0.03540147
-1.15999942;-0.03540147
-1.13999942;-0.03540147
-1.11999942;-0.03540147
-1.09999942;-0.03540147
-1.07999942;-0.03540147
-1.05999942;-0.03540147
-1.03999942;-0.03540147
-1.01999942;-0.03540147
-0.99999942;-0.03540147
-0.97999942;-0.03540147
-0.95999942;-0.03540147
-0.93999942;-0.03540147
-0.91999942;-0.03540147
-0.89999942;-0.03540147
-0.87999942;-0.03540147
-0.85999942;-0.03540147
-0.83999942;-0.03540147
-0.81999942;-0.03540147
-0.79999942;-0.03540147
-0.77999942;-0.03540147
-0.75999942;-0.03540147
-0.73999942;-0.03540147
-0.71999942;-0.03540147
-0.69999942;-0.03540147
-0.67999942;-0.03540147
-0.65999942;0.14099552
-0.63999942;-0.03540147
-0.61999942;-0.03540147
-0.59999942;-0.03540147
-0.57999942;-0.03540147
-0.55999942;-0.03540147
-0.53999942;-0.03540147
-0.51999942;-0.03540147
-0.49999942;-0.03540147
-0.47999942;-0.03540147
-0.45999942;-0.03540147
-0.43999942;-0.03540147
-0.41999942;-0.03540147
-0.39999942;-0.03540147
-0.37999942;-0.03540147
-0.35999942;-0.03540147
-0.33999942;-0.03540147
-0.31999942;-0.03540147
-0.29999942;-0.03540147
-0.27999942;-0.03540147
-0.25999942;-0.03540147
-0.23999942;-0.03540147
-0.21999942;-0.03540147
-0.19999942;-0.03540147
-0.17999942;-0.03540147
-0.15999942;-0.03540147
-0.13999942;-0.03540147
-0.11999942;-0.03540147
-0.09999942;-0.03540147
-0.07999942;-0.03540147
-0.05999942;-0.03540147
-0.03999942;-0.03540147
-0.01999942;-0.03540147
0.00000058;-0.03540147
0.02000058;-0.03540147
0.04000058;-0.03540147
0.06000058;-0.03540147
0.08000058;-0.03540147
0.10000058;-0.03540147
0.12000058;-0.03540147
0.14000058;-0.03540147
0.16000058;-0.03540147
0.18000058;-0.03540147
0.20000058;-0.03540147
0.22000058;-0.03540147
0.24000058;-0.03540147
0.26000058;0.14099552
0.28000058;-0.03540147
0.30000058;-0.03540147
0.32000058;-0.03540147
0.34000058;-0.03540147
0.36000058;-0.03540147
0.38000058;-0.03540147
0.40000057;-0.03540147
0.42000057;0.14099552
0.44000057;-0.03540147
0.46000057;-0.03540147
0.48000057;-0.03540147
0.50000057;-0.03540147
0.52000057;-0.03540147
0.54000057;-0.03540147
0.56000057;-0.03540147
0.58000057;-0.03540147
0.60000057;-0.03540147
0.62000057;-0.03540147
0.64000057;-0.03540147
0.66000057;-0.03540147
0.68000057;-0.03540147
0.70000057;0.14099552
0.72000057;-0.03540147
0.74000057;-0.03540147
0.76000057;-0.03540147
0.78000057;-0.03540147
0.80000057;-0.03540147
0.82000057;-0.03540147
0.84000057;-0.03540147
0.86000057;-0.03540147
0.88000057;-0.03540147
0.90000057;-0.03540147
0.92000057;-0.03540147
0.94000057;-0.03540147
0.96000057;-0.03540147
0.98000057;-0.03540147
1.00000057;-0.03540147
1.02000057;-0.03540147
1.04000057;-0.03540147
1.06000057;-0.03540147
1.08000057;-0.03540147
1.10000057;-0.03540147
1.12000057;-0.03540147
1.14000057;-0.03540147
1.16000057;-0.03540147
1.18000057;-0.03540147
1.20000057;-0.03540147
1.22000057;-0.03540147
1.24000057;-0.03540147
1.26000057;-0.03540147
1.28000057;-0.03540147
1.30000057;-0.03540147
1.32000057;-0.03540147
1.34000057;-0.03540147
1.36000057;-0.03540147
1.38000057;-0.03540147
1.40000057;-0.03540147
1.42000057;-0.03540147
1.44000057;-0.03540147
1.46000057;-0.03540147
1.48000057;-0.03540147
1.50000057;-0.03540147
1.52000057;-0.03540147
1.54000057;-0.03540147
1.56000057;-0.03540147
1.58000057;-0.03540147
1.60000057;-0.03540147
1.62000057;-0.03540147
1.64000057;-0.03540147
1.66000057;-0.03540147
1.68000057;0.14099552
1.70000057;-0.03540147
1.72000057;-0.03540147
1.74000057;-0.03540147
1.76000057;-0.03540147
1.78000057;-0.03540147
1.80000057;-0.03540147
1.82000057;-0.03540147
1.84000057;-0.03540147
1.86000057;-0.03540147
1.88000057;-0.03540147
1.90000057;-0.03540147
1.92000057;-0.03540147
1.94000057;-0.03540147
1.96000057;0.14099552
1.98000057;-0.03540147
2.00000057;-0.03540147
2.02000057;-0.03540147
2.04000056;-0.03540147
2.06000056;-0.03540147
2.08000056;-0.03540147
2.10000056;-0.03540147
2.12000056;-0.03540147
2.14000056;-0.03540147
2.16000056;-0.03540147
2.18000056;-0.03540147
2.20000056;-0.03540147
2.22000056;-0.03540147
2.24000056;-0.03540147
2.26000056;-0.03540147
2.28000056;-0.03540147
2.30000056;-0.03540147
2.32000056;-0.03540147
2.34000056;-0.03540147
2.36000056;-0.03540147
2.38000056;-0.03540147
2.40000056;-0.03540147
2.42000056;-0.03540147
2.44000056;-0.03540147
2.46000056;-0.03540147
2.48000056;-0.03540147
2.50000056;-0.03540147
2.52000056;-0.03540147
2.54000056;-0.03540147
2.56000056;-0.03540147
2.58000056;-0.03540147
2.60000056;-0.03540147
2.62000056;-0.03540147
2.64000056;-0.03540147
2.66000056;-0.03540147
2.68000056;-0.03540147
2.70000056;-0.03540147
2.72000056;-0.03540147
2.74000056;-0.03540147
2.76000056;-0.03540147
2.78000056;-0.03540147
2.80000056;-0.03540147
2.82000056;-0.03540147
2.84000056;-0.03540147
2.86000056;-0.03540147
2.88000056;-0.03540147
2.90000056;-0.03540147
2.92000056;-0.03540147
2.94000056;-0.03540147
2.96000056;-0.03540147
2.98000056;-0.03540147
3.00000056;-0.03540147
3.02000056;-0.03540147
3.04000056;-0.03540147
3.06000056;-0.03540147
3.08000056;-0.03540147
3.10000056;-0.03540147
3.12000056;-0.03540147
3.14000056;-0.03540147
3.16000056;-0.03540147
3.18000056;-0.03540147
3.20000056;-0.03540147
3.22000056;-0.03540147
3.24000056;-0.03540147
3.26000056;-0.03540147
3.28000056;-0.03540147
3.30000056;0.14099552
3.32000056;-0.03540147
3.34000056;-0.03540147
3.36000056;-0.03540147
3.38000056;-0.03540147
3.40000056;-0.03540147
3.42000056;-0.03540147
3.44000056;-0.03540147
3.46000056;-0.03540147
3.48000056;-0.03540147
3.50000056;-0.03540147
3.52000056;-0.03540147
3.54000056;-0.03540147
3.56000056;-0.03540147
3.58000056;-0.03540147
3.60000056;-0.03540147
3.62000056;-0.03540147
3.64000056;0.14099552
3.66000056;-0.03540147
3.68000055;-0.03540147
3.70000055;-0.03540147
3.72000055;-0.03540147
3.74000055;-0.03540147
3.76000055;-0.03540147
3.78000055;-0.03540147
3.80000055;-0.03540147
3.82000055;-0.03540147
3.84000055;-0.03540147
3.86000055;-0.03540147
3.88000055;-0.03540147
3.90000055;-0.03540147
3.92000055;-0.03540147
3.94000055;-0.03540147
3.96000055;-0.03540147
3.98000055;-0.03540147
4.00000055;-0.03540147
4.02000055;-0.03540147
4.04000055;-0.03540147
4.06000055;-0.03540147
4.08000055;-0.03540147
4.10000055;-0.03540147
4.12000055;-0.03540147
4.14000055;-0.03540147
4.16000055;-0.03540147
4.18000055;-0.03540147
4.20000055;-0.03540147
4.22000055;-0.03540147
4.24000055;0.14099552
4.26000055;-0.03540147
4.28000055;-0.03540147
4.30000055;-0.03540147
4.32000055;-0.03540147
4.34000055;-0.03540147
4.36000055;-0.03540147
4.38000055;-0.03540147
4.40000055;-0.03540147
4.42000055;-0.03540147
4.44000055;-0.03540147
4.46000055;0.14099552
4.48000055;-0.03540147
4.50000055;-0.03540147
4.52000055;-0.03540147
4.54000055;-0.03540147
4.56000055;-0.03540147
4.58000055;-0.03540147
4.60000055;0.14099552
4.62000055;-0.03540147
4.64000055;0.14099552
4.66000055;-0.03540147
4.68000055;-0.03540147
4.70000055;-0.03540147
4.72000055;-0.03540147
4.74000055;0.14099552
4.76000055;-0.03540147
4.78000055;-0.03540147
4.80000055;-0.03540147
4.82000055;-0.03540147
4.84000055;-0.03540147
4.86000055;-0.03540147
4.88000055;-0.03540147
4.90000055;-0.03540147
4.92000055;-0.03540147
4.94000055;0.14099552
4.96000055;-0.03540147
4.98000055;-0.03540147
5.00000055;-0.03540147
5.02000055;-0.03540147
5.04000055;-0.03540147
5.06000055;-0.03540147
5.08000055;-0.03540147
5.10000055;0.14099552
5.12000055;-0.03540147
5.14000055;-0.03540147
5.16000055;-0.03540147
5.18000055;-0.03540147
5.20000055;-0.03540147
5.22000055;-0.03540147
5.24000055;-0.03540147
5.26000055;-0.03540147
5.28000055;-0.03540147
5.30000055;0.14099552
5.32000054;-0.03540147
5.34000054;-0.03540147
5.36000054;-0.03540147
5.38000054;-0.03540147
5.40000054;-0.03540147
5.42000054;-0.03540147
5.44000054;-0.03540147
5.46000054;-0.03540147
5.48000054;-0.03540147
5.50000054;-0.03540147
5.52000054;-0.03540147
5.54000054;-0.03540147
5.56000054;0.14099552
5.58000054;-0.03540147
5.60000054;-0.03540147
5.62000054;-0.03540147
5.64000054;-0.03540147
5.66000054;-0.03540147
5.68000054;-0.03540147
5.70000054;-0.03540147
5.72000054;-0.03540147
5.74000054;-0.03540147
5.76000054;-0.03540147
5.78000054;-0.03540147
5.80000054;-0.03540147
5.82000054;-0.03540147
5.84000054;-0.03540147
5.86000054;-0.03540147
5.88000054;-0.03540147
5.90000054;-0.03540147
5.92000054;-0.03540147
5.94000054;-0.03540147
5.96000054;-0.03540147
5.98000054;-0.03540147
6.00000054;0.14099552
6.02000054;-0.03540147
6.04000054;-0.03540147
6.06000054;-0.03540147
6.08000054;-0.03540147
6.10000054;-0.03540147
6.12000054;-0.03540147
6.14000054;-0.03540147
6.16000054;-0.03540147
6.18000054;-0.03540147
6.20000054;-0.03540147
6.22000054;-0.03540147
6.24000054;-0.03540147
6.26000054;-0.03540147
6.28000054;-0.03540147
6.30000054;-0.03540147
6.32000054;-0.03540147
6.34000054;-0.03540147
6.36000054;-0.03540147
6.38000054;-0.03540147
6.40000054;0.14099552
6.42000054;-0.03540147
6.44000054;-0.03540147
6.46000054;-0.03540147
6.48000054;-0.03540147
6.50000054;0.14099552
6.52000054;-0.03540147
6.54000054;-0.03540147
6.56000054;-0.03540147
6.58000054;0.14099552
6.60000054;-0.03540147
6.62000054;-0.03540147
6.64000054;-0.03540147
6.66000054;-0.03540147
6.68000054;-0.03540147
6.70000054;-0.03540147
6.72000054;-0.03540147
6.74000054;-0.03540147
6.76000054;-0.03540147
6.78000054;0.14099552
6.80000054;-0.03540147
6.82000054;-0.03540147
6.84000054;-0.03540147
6.86000054;-0.03540147
6.88000054;0.14099552
6.90000054;0.14099552
6.92000054;-0.03540147
6.94000054;-0.03540147
6.96000054;-0.03540147
6.98000053;-0.03540147
7.00000053;-0.03540147
7.02000053;-0.03540147
7.04000053;-0.03540147
7.06000053;-0.03540147
7.08000053;-0.03540147
7.10000053;-0.03540147
7.12000053;-0.03540147
7.14000053;-0.03540147
7.16000053;-0.03540147
7.18000053;0.14099552
7.20000053;-0.03540147
7.22000053;-0.03540147
7.24000053;-0.03540147
7.26000053;-0.03540147
7.28000053;0.14099552
7.30000053;-0.03540147
7.32000053;-0.03540147
7.34000053;-0.03540147
7.36000053;0.14099552
7.38000053;-0.03540147
7.40000053;-0.03540147
7.42000053;-0.03540147
7.44000053;-0.03540147
7.46000053;-0.03540147
7.48000053;-0.03540147
7.50000053;-0.03540147
7.52000053;-0.03540147
7.54000053;-0.03540147
7.56000053;0.14099552
7.58000053;-0.03540147
7.60000053;-0.03540147
7.62000053;-0.03540147
7.64000053;-0.03540147
7.66000053;-0.03540147
7.68000053;-0.03540147
7.70000053;0.14099552
7.72000053;-0.03540147
7.74000053;-0.03540147
7.76000053;-0.03540147
7.78000053;-0.03540147
7.80000053;-0.03540147
7.82000053;-0.03540147
7.84000053;-0.03540147
7.86000053;-0.03540147
7.88000053;-0.03540147
7.90000053;-0.03540147
7.92000053;-0.03540147
7.94000053;-0.03540147
7.96000053;-0.03540147
7.98000053;-0.03540147
8.00000053;-0.03540147
8.02000053;-0.03540147
8.04000053;-0.03540147
8.06000053;-0.03540147
8.08000053;-0.03540147
8.10000053;-0.03540147
8.12000053;0.14099552
8.14000053;-0.03540147
8.16000053;-0.03540147
8.18000053;0.14099552
8.20000053;-0.03540147
8.22000053;0.14099552
8.24000053;-0.03540147
8.26000053;-0.03540147
8.28000053;-0.03540147
8.30000053;-0.03540147
8.32000053;-0.03540147
8.34000053;-0.03540147
8.36000053;-0.03540147
8.38000053;-0.03540147
8.40000053;-0.03540147
8.42000053;-0.03540147
8.44000053;-0.03540147
8.46000053;-0.03540147
8.48000053;-0.03540147
8.50000053;-0.03540147
8.52000053;-0.03540147
8.54000053;-0.03540147
8.56000053;0.14099552
8.58000053;-0.03540147
8.60000053;0.14099552
8.62000052;-0.03540147
8.64000052;-0.03540147
8.66000052;-0.03540147
8.68000052;-0.03540147
8.70000052;-0.03540147
8.72000052;-0.03540147
8.74000052;-0.03540147
8.76000052;-0.03540147
8.78000052;-0.03540147
8.80000052;-0.03540147
8.82000052;-0.03540147
8.84000052;-0.03540147
8.86000052;-0.03540147
8.88000052;-0.03540147
8.90000052;-0.03540147
8.92000052;-0.03540147
8.94000052;-0.03540147
8.96000052;-0.03540147
8.98000052;-0.03540147
9.00000052;0.14099552
9.02000052;-0.03540147
9.04000052;-0.03540147
9.06000052;-0.03540147
9.08000052;-0.03540147
9.10000052;-0.03540147
9.12000052;-0.03540147
9.14000052;-0.03540147
9.16000052;-0.03540147
9.18000052;0.14099552
9.20000052;-0.03540147
9.22000052;-0.03540147
9.24000052;-0.03540147
9.26000052;-0.03540147
9.28000052;-0.03540147
9.30000052;-0.03540147
9.32000052;-0.03540147
9.34000052;-0.03540147
9.36000052;-0.03540147
9.38000052;-0.03540147
9.40000052;-0.03540147
9.42000052;-0.03540147
9.44000052;-0.03540147
9.46000052;-0.03540147
9.48000052;-0.03540147
9.50000052;0.14099552
9.52000052;-0.03540147
9.54000052;-0.03540147
9.56000052;-0.03540147
9.58000052;-0.03540147
9.60000052;-0.03540147
9.62000052;-0.03540147
9.64000052;0.14099552
9.66000052;-0.03540147
9.68000052;-0.03540147
9.70000052;-0.03540147
9.72000052;-0.03540147
9.74000052;-0.03540147
9.76000052;-0.03540147
9.78000052;-0.03540147
9.80000052;-0.03540147
9.82000052;-0.03540147
9.84000052;0.14099552
9.86000052;-0.03540147
9.88000052;-0.03540147
9.90000052;-0.03540147
9.92000052;-0.03540147
9.94000052;0.14099552
9.96000052;-0.03540147
9.98000052;0.14099552
10.00000052;-0.03540147
10.02000052;-0.03540147
10.04000052;-0.03540147
10.06000052;-0.03540147
10.08000052;-0.03540147
10.10000052;-0.03540147
10.12000052;-0.03540147
10.14000052;-0.03540147
10.16000052;-0.03540147
10.18000052;-0.03540147
10.20000052;0.14099552
10.22000052;-0.03540147
10.24000052;0.14099552
10.26000051;-0.03540147
10.28000051;0.14099552
10.30000051;-0.03540147
10.32000051;0.14099552
10.34000051;-0.03540147
10.36000051;-0.03540147
10.38000051;-0.03540147
10.40000051;-0.03540147
10.42000051;-0.03540147
10.44000051;-0.03540147
10.46000051;-0.03540147
10.48000051;-0.03540147
10.50000051;-0.03540147
10.52000051;-0.03540147
10.54000051;-0.03540147
10.56000051;-0.03540147
10.58000051;-0.03540147
10.60000051;-0.03540147
10.62000051;-0.03540147
10.64000051;-0.03540147
10.66000051;-0.03540147
10.68000051;-0.03540147
10.70000051;-0.03540147
10.72000051;-0.03540147
10.74000051;-0.03540147
10.76000051;-0.03540147
10.78000051;-0.03540147
10.80000051;-0.03540147
10.82000051;-0.03540147
10.84000051;-0.03540147
10.86000051;-0.03540147
10.88000051;0.14099552
10.90000051;-0.03540147
10.92000051;-0.03540147
10.94000051;-0.03540147
10.96000051;-0.03540147
10.98000051;-0.03540147
11.00000051;-0.03540147
11.02000051;-0.03540147
11.04000051;-0.03540147
11.06000051;-0.03540147
11.08000051;-0.03540147
11.10000051;-0.03540147
11.12000051;-0.03540147
11.14000051;-0.03540147
11.16000051;-0.03540147
11.18000051;-0.03540147
11.20000051;-0.03540147
11.22000051;-0.03540147
11.24000051;-0.03540147
11.26000051;-0.03540147
11.28000051;-0.03540147
11.30000051;-0.03540147
11.32000051;-0.03540147
11.34000051;-0.03540147
11.36000051;-0.03540147
11.38000051;-0.03540147
11.40000051;-0.03540147
11.42000051;-0.03540147
11.44000051;-0.03540147
11.46000051;-0.03540147
11.48000051;-0.03540147
11.50000051;-0.03540147
11.52000051;-0.03540147
11.54000051;0.14099552
11.56000051;-0.03540147
11.58000051;-0.03540147
11.60000051;-0.03540147
11.62000051;-0.03540147
11.64000051;-0.03540147
11.66000051;-0.03540147
11.68000051;-0.03540147
11.70000051;-0.03540147
11.72000051;-0.03540147
11.74000051;-0.03540147
11.76000051;-0.03540147
11.78000051;-0.03540147
11.80000051;0.14099552
11.82000051;-0.03540147
11.84000051;-0.03540147
11.86000051;-0.03540147
11.88000051;-0.03540147
11.90000050;-0.03540147
11.92000050;-0.03540147
11.94000050;-0.03540147
11.96000050;-0.03540147
11.98000050;-0.03540147
12.00000050;-0.03540147
12.02000050;-0.03540147
12.04000050;-0.03540147
12.06000050;-0.03540147
12.08000050;0.14099552
12.10000050;0.14099552
12.12000050;-0.03540147
12.14000050;-0.03540147
12.16000050;-0.03540147
12.18000050;-0.03540147
12.20000050;-0.03540147
12.22000050;-0.03540147
12.24000050;-0.03540147
12.26000050;-0.03540147
12.28000050;-0.03540147
12.30000050;-0.03540147
12.32000050;-0.03540147
12.34000050;-0.03540147
12.36000050;-0.03540147
12.38000050;-0.03540147
12.40000050;0.14099552
12.42000050;-0.03540147
12.44000050;-0.03540147
12.46000050;-0.03540147
12.48000050;-0.03540147
12.50000050;-0.03540147
12.52000050;-0.03540147
12.54000050;-0.03540147
12.56000050;-0.03540147
12.58000050;-0.03540147
12.60000050;0.14099552
12.62000050;-0.03540147
12.64000050;-0.03540147
12.66000050;-0.03540147
12.68000050;-0.03540147
12.70000050;0.14099552
12.72000050;-0.03540147
12.74000050;-0.03540147
12.76000050;-0.03540147
12.78000050;-0.03540147
12.80000050;-0.03540147
12.82000050;-0.03540147
12.84000050;-0.03540147
12.86000050;-0.03540147
12.88000050;-0.03540147
12.90000050;-0.03540147
12.92000050;-0.03540147
12.94000050;-0.03540147
12.96000050;-0.03540147
12.98000050;-0.03540147
13.00000050;-0.03540147
13.02000050;-0.03540147
13.04000050;-0.03540147
13.06000050;-0.03540147
13.08000050;-0.03540147
13.10000050;-0.03540147
13.12000050;-0.03540147
13.14000050;-0.03540147
13.16000050;-0.03540147
13.18000050;0.14099552
13.20000050;0.14099552
13.22000050;-0.03540147
13.24000050;-0.03540147
13.26000050;-0.03540147
13.28000050;-0.03540147
13.30000050;-0.03540147
13.32000050;-0.03540147
13.34000050;-0.03540147
13.36000050;0.14099552
13.38000050;-0.03540147
13.40000050;-0.03540147
13.42000050;-0.03540147
13.44000050;-0.03540147
13.46000050;-0.03540147
13.48000050;-0.03540147
13.50000050;-0.03540147
13.52000050;-0.03540147
13.54000050;-0.03540147
13.56000049;0.14099552
13.58000049;-0.03540147
13.60000049;-0.03540147
13.62000049;-0.03540147
13.64000049;-0.03540147
13.66000049;-0.03540147
13.68000049;-0.03540147
13.70000049;-0.03540147
13.72000049;-0.03540147
13.74000049;-0.03540147
13.76000049;-0.03540147
13.78000049;-0.03540147
13.80000049;-0.03540147
13.82000049;-0.03540147
13.84000049;-0.03540147
13.86000049;-0.03540147
13.88000049;-0.03540147
13.90000049;-0.03540147
13.92000049;-0.03540147
13.94000049;0.14099552
13.96000049;-0.03540147
13.98000049;0.14099552
14.00000049;-0.03540147
14.02000049;-0.03540147
14.04000049;-0.03540147
14.06000049;-0.03540147
14.08000049;0.14099552
14.10000049;-0.03540147
14.12000049;-0.03540147
14.14000049;-0.03540147
14.16000049;-0.03540147
14.18000049;-0.03540147
14.20000049;-0.03540147
14.22000049;-0.03540147
14.24000049;-0.03540147
14.26000049;-0.03540147
14.28000049;-0.03540147
14.30000049;-0.03540147
14.32000049;0.14099552
14.34000049;-0.03540147
14.36000049;-0.03540147
14.38000049;-0.03540147
14.40000049;-0.03540147
14.42000049;-0.03540147
14.44000049;-0.03540147
14.46000049;-0.03540147
14.48000049;-0.03540147
14.50000049;-0.03540147
14.52000049;-0.03540147
14.54000049;0.14099552
14.56000049;-0.03540147
14.58000049;-0.03540147
14.60000049;-0.03540147
14.62000049;-0.03540147
14.64000049;-0.03540147
14.66000049;-0.03540147
14.68000049;-0.03540147
14.70000049;-0.03540147
14.72000049;-0.03540147
14.74000049;-0.03540147
14.76000049;-0.03540147
14.78000049;-0.03540147
14.80000049;-0.03540147
14.82000049;-0.03540147
14.84000049;-0.03540147
14.86000049;-0.03540147
14.88000049;-0.03540147
14.90000049;-0.03540147
14.92000049;-0.03540147
14.94000049;-0.03540147
14.96000049;-0.03540147
14.98000049;-0.03540147
15.00000049;-0.03540147
15.02000049;-0.03540147
15.04000049;0.14099552
15.06000049;-0.03540147
15.08000049;-0.03540147
15.10000049;-0.03540147
15.12000049;-0.03540147
15.14000049;-0.03540147
15.16000049;-0.03540147
15.18000049;-0.03540147
15.20000048;-0.03540147
15.22000048;-0.03540147
15.24000048;-0.03540147
15.26000048;-0.03540147
15.28000048;-0.03540147
15.30000048;0.14099552
15.32000048;-0.03540147
15.34000048;-0.03540147
15.36000048;-0.03540147
15.38000048;0.14099552
15.40000048;-0.03540147
15.42000048;-0.03540147
15.44000048;-0.03540147
15.46000048;-0.03540147
15.48000048;0.14099552
15.50000048;-0.03540147
15.52000048;-0.03540147
15.54000048;-0.03540147
15.56000048;-0.03540147
15.58000048;-0.03540147
15.60000048;-0.03540147
15.62000048;-0.03540147
15.64000048;0.14099552
15.66000048;-0.03540147
15.68000048;-0.03540147
15.70000048;-0.03540147
15.72000048;0.14099552
15.74000048;-0.03540147
15.76000048;-0.03540147
15.78000048;-0.03540147
15.80000048;-0.03540147
15.82000048;-0.03540147
15.84000048;0.14099552
15.86000048;-0.03540147
15.88000048;-0.03540147
15.90000048;-0.03540147
15.92000048;-0.03540147
15.94000048;-0.03540147
15.96000048;-0.03540147
15.98000048;-0.03540147
16.00000048;-0.03540147
16.02000048;-0.03540147
16.04000048;0.14099552
16.06000048;0.14099552
16.08000048;-0.03540147
16.10000048;-0.03540147
16.12000048;-0.03540147
16.14000048;-0.03540147
16.16000048;-0.03540147
16.18000048;-0.03540147
16.20000048;-0.03540147
16.22000048;-0.03540147
16.24000048;-0.03540147
16.26000048;-0.03540147
16.28000048;-0.03540147
16.30000048;-0.03540147
16.32000048;-0.03540147
16.34000048;0.14099552
16.36000048;0.14099552
16.38000048;-0.03540147
16.40000048;-0.03540147
16.42000048;-0.03540147
16.44000048;0.14099552
16.46000048;0.14099552
16.48000048;-0.03540147
16.50000048;-0.03540147
16.52000048;0.14099552
16.54000048;-0.03540147
16.56000048;-0.03540147
16.58000048;-0.03540147
16.60000048;-0.03540147
16.62000048;-0.03540147
16.64000048;-0.03540147
16.66000048;0.14099552
16.68000048;-0.03540147
16.70000048;-0.03540147
16.72000048;-0.03540147
16.74000048;0.14099552
16.76000048;-0.03540147
16.78000048;0.14099552
16.80000048;0.14099552
16.82000048;0.14099552
16.84000047;-0.03540147
16.86000047;-0.03540147
16.88000047;0.14099552
16.90000047;-0.03540147
16.92000047;-0.03540147
16.94000047;-0.03540147
16.96000047;-0.03540147
16.98000047;-0.03540147
17.00000047;-0.03540147
17.02000047;-0.03540147
17.04000047;-0.03540147
17.06000047;-0.03540147
17.08000047;-0.03540147
17.10000047;-0.03540147
17.12000047;0.14099552
17.14000047;-0.03540147
17.16000047;-0.03540147
17.18000047;-0.03540147
17.20000047;-0.03540147
17.22000047;-0.03540147
17.24000047;-0.03540147
17.26000047;-0.03540147
17.28000047;0.14099552
17.30000047;-0.03540147
17.32000047;-0.03540147
17.34000047;-0.03540147
17.36000047;-0.03540147
17.38000047;-0.03540147
17.40000047;-0.03540147
17.42000047;-0.03540147
17.44000047;-0.03540147
17.46000047;-0.03540147
17.48000047;-0.03540147
17.50000047;0.14099552
17.52000047;-0.03540147
17.54000047;0.14099552
17.56000047;-0.03540147
17.58000047;-0.03540147
17.60000047;-0.03540147
17.62000047;0.14099552
17.64000047;-0.03540147
17.66000047;-0.03540147
17.68000047;-0.03540147
17.70000047;-0.03540147
17.72000047;-0.03540147
17.74000047;-0.03540147
17.76000047;-0.03540147
17.78000047;-0.03540147
17.80000047;0.14099552
17.82000047;-0.03540147
17.84000047;-0.03540147
17.86000047;0.14099552
17.88000047;-0.03540147
17.90000047;-0.03540147
17.92000047;-0.03540147
17.94000047;-0.03540147
17.96000047;-0.03540147
17.98000047;-0.03540147
18.00000047;-0.03540147
18.02000047;-0.03540147
18.04000047;-0.03540147
18.06000047;-0.03540147
18.08000047;0.14099552
18.10000047;-0.03540147
18.12000047;-0.03540147
18.14000047;-0.03540147
18.16000047;-0.03540147
18.18000047;0.14099552
18.20000047;-0.03540147
18.22000047;-0.03540147
18.24000047;-0.03540147
18.26000047;-0.03540147
18.28000047;0.14099552
18.30000047;-0.03540147
18.32000047;-0.03540147
18.34000047;-0.03540147
18.36000047;-0.03540147
18.38000047;-0.03540147
18.40000047;0.14099552
18.42000047;-0.03540147
18.44000047;-0.03540147
18.46000047;-0.03540147
18.48000047;-0.03540147
18.50000046;-0.03540147
18.52000046;-0.03540147
18.54000046;-0.03540147
18.56000046;0.14099552
18.58000046;-0.03540147
18.60000046;-0.03540147
18.62000046;-0.03540147
18.64000046;-0.03540147
18.66000046;-0.03540147
18.68000046;-0.03540147
18.70000046;-0.03540147
18.72000046;0.14099552
18.74000046;-0.03540147
18.76000046;-0.03540147
18.78000046;-0.03540147
18.80000046;-0.03540147
18.82000046;-0.03540147
18.84000046;-0.03540147
18.86000046;-0.03540147
18.88000046;0.14099552
18.90000046;-0.03540147
18.92000046;-0.03540147
18.94000046;-0.03540147
18.96000046;0.14099552
18.98000046;-0.03540147
19.00000046;-0.03540147
19.02000046;-0.03540147
19.04000046;-0.03540147
19.06000046;-0.03540147
19.08000046;-0.03540147
19.10000046;-0.03540147
19.12000046;-0.03540147
19.14000046;-0.03540147
19.16000046;-0.03540147
19.18000046;-0.03540147
19.20000046;-0.03540147
19.22000046;-0.03540147
19.24000046;-0.03540147
19.26000046;-0.03540147
19.28000046;-0.03540147
19.30000046;0.14099552
19.32000046;-0.03540147
19.34000046;0.14099552
19.36000046;-0.03540147
19.38000046;-0.03540147
19.40000046;-0.03540147
19.42000046;-0.03540147
19.44000046;0.14099552
19.46000046;-0.03540147
19.48000046;-0.03540147
19.50000046;-0.03540147
19.52000046;-0.03540147
19.54000046;-0.03540147
19.56000046;-0.03540147
19.58000046;-0.03540147
19.60000046;-0.03540147
19.62000046;-0.03540147
19.64000046;-0.03540147
19.66000046;-0.03540147
19.68000046;-0.03540147
19.70000046;0.14099552
19.72000046;-0.03540147
19.74000046;-0.03540147
19.76000046;-0.03540147
19.78000046;-0.03540147
19.80000046;-0.03540147
19.82000046;-0.03540147
19.84000046;-0.03540147
19.86000046;-0.03540147
19.88000046;-0.03540147
19.90000046;-0.03540147
19.92000046;-0.03540147
19.94000046;-0.03540147
19.96000046;-0.03540147
19.98000046;-0.03540147
20.00000046;-0.03540147
20.02000046;-0.03540147
20.04000046;-0.03540147
20.06000046;-0.03540147
20.08000046;0.14099552
20.10000046;-0.03540147
20.12000046;-0.03540147
20.14000045;-0.03540147
20.16000045;-0.03540147
20.18000045;-0.03540147
20.20000045;-0.03540147
20.22000045;-0.03540147
20.24000045;-0.03540147
20.26000045;-0.03540147
20.28000045;0.14099552
20.30000045;-0.03540147
20.32000045;-0.03540147
20.34000045;-0.03540147
20.36000045;-0.03540147
20.38000045;-0.03540147
20.40000045;-0.03540147
20.42000045;-0.03540147
20.44000045;-0.03540147
20.46000045;-0.03540147
20.48000045;-0.03540147
20.50000045;0.14099552
20.52000045;-0.03540147
20.54000045;-0.03540147
20.56000045;-0.03540147
20.58000045;-0.03540147
20.60000045;-0.03540147
20.62000045;-0.03540147
20.64000045;-0.03540147
20.66000045;-0.03540147
20.68000045;-0.03540147
20.70000045;-0.03540147
20.72000045;-0.03540147
20.74000045;-0.03540147
20.76000045;-0.03540147
20.78000045;-0.03540147
20.80000045;-0.03540147
20.82000045;-0.03540147
20.84000045;-0.03540147
20.86000045;-0.03540147
20.88000045;-0.03540147
20.90000045;-0.03540147
20.92000045;-0.03540147
20.94000045;-0.03540147
20.96000045;-0.03540147
20.98000045;-0.03540147
21.00000045;-0.03540147
21.02000045;-0.03540147
21.04000045;-0.03540147
21.06000045;-0.03540147
21.08000045;-0.03540147
21.10000045;-0.03540147
21.12000045;-0.03540147
21.14000045;-0.03540147
21.16000045;-0.03540147
21.18000045;-0.03540147
21.20000045;0.14099552
21.22000045;-0.03540147
21.24000045;-0.03540147
21.26000045;-0.03540147
21.28000045;-0.03540147
21.30000045;-0.03540147
21.32000045;-0.03540147
21.34000045;0.14099552
21.36000045;-0.03540147
21.38000045;-0.03540147
21.40000045;0.14099552
21.42000045;-0.03540147
21.44000045;-0.03540147
21.46000045;-0.03540147
21.48000045;-0.03540147
21.50000045;-0.03540147
21.52000045;-0.03540147
21.54000045;-0.03540147
21.56000045;-0.03540147
21.58000045;-0.03540147
21.60000045;0.14099552
21.62000045;-0.03540147
21.64000045;-0.03540147
21.66000045;-0.03540147
21.68000045;-0.03540147
21.70000045;-0.03540147
21.72000045;-0.03540147
21.74000045;-0.03540147
21.76000045;-0.03540147
21.78000044;-0.03540147
21.80000044;-0.03540147
21.82000044;-0.03540147
21.84000044;-0.03540147
21.86000044;-0.03540147
21.88000044;-0.03540147
21.90000044;-0.03540147
21.92000044;-0.03540147
21.94000044;-0.03540147
21.96000044;-0.03540147
21.98000044;-0.03540147
22.00000044;-0.03540147
22.02000044;-0.03540147
22.04000044;-0.03540147
22.06000044;-0.03540147
22.08000044;-0.03540147
22.10000044;-0.03540147
22.12000044;0.14099552
22.14000044;-0.03540147
22.16000044;-0.03540147
22.18000044;-0.03540147
22.20000044;-0.03540147
22.22000044;-0.03540147
22.24000044;0.14099552
22.26000044;-0.03540147
22.28000044;-0.03540147
22.30000044;-0.03540147
22.32000044;-0.03540147
22.34000044;-0.03540147
22.36000044;-0.03540147
22.38000044;-0.03540147
22.40000044;-0.03540147
22.42000044;-0.03540147
22.44000044;-0.03540147
22.46000044;-0.03540147
22.48000044;-0.03540147
22.50000044;-0.03540147
22.52000044;-0.03540147
22.54000044;-0.03540147
22.56000044;-0.03540147
22.58000044;-0.03540147
22.60000044;0.14099552
22.62000044;-0.03540147
22.64000044;-0.03540147
22.66000044;-0.03540147
22.68000044;-0.03540147
22.70000044;-0.03540147
22.72000044;-0.03540147
22.74000044;-0.03540147
22.76000044;-0.03540147
22.78000044;-0.03540147
22.80000044;-0.03540147
22.82000044;-0.03540147
22.84000044;-0.03540147
22.86000044;-0.03540147
22.88000044;-0.03540147
22.90000044;-0.03540147
22.92000044;-0.03540147
22.94000044;-0.03540147
22.96000044;-0.03540147
22.98000044;-0.03540147
23.00000044;-0.03540147
23.02000044;-0.03540147
23.04000044;-0.03540147
23.06000044;0.14099552
23.08000044;-0.03540147
23.10000044;-0.03540147
23.12000044;-0.03540147
23.14000044;-0.03540147
23.16000044;-0.03540147
23.18000044;-0.03540147
23.20000044;0.14099552
23.22000044;-0.03540147
23.24000044;-0.03540147
23.26000044;-0.03540147
23.28000044;-0.03540147
23.30000044;-0.03540147
23.32000044;-0.03540147
23.34000044;-0.03540147
23.36000044;-0.03540147
23.38000044;-0.03540147
23.40000044;-0.03540147
23.42000043;0.14099552
23.44000043;-0.03540147
23.46000043;-0.03540147
23.48000043;-0.03540147
23.50000043;-0.03540147
23.52000043;-0.03540147
23.54000043;-0.03540147
23.56000043;-0.03540147
23.58000043;-0.03540147
23.60000043;-0.03540147
23.62000043;-0.03540147
23.64000043;-0.03540147
23.66000043;0.14099552
23.68000043;-0.03540147
23.70000043;0.14099552
23.72000043;-0.03540147
23.74000043;0.14099552
23.76000043;-0.03540147
23.78000043;-0.03540147
23.80000043;-0.03540147
23.82000043;-0.03540147
23.84000043;-0.03540147
23.86000043;-0.03540147
23.88000043;-0.03540147
23.90000043;-0.03540147
23.92000043;-0.03540147
23.94000043;-0.03540147
23.96000043;-0.03540147
23.98000043;-0.03540147
24.00000043;-0.03540147
24.02000043;-0.03540147
24.04000043;-0.03540147
24.06000043;-0.03540147
24.08000043;-0.03540147
24.10000043;-0.03540147
24.12000043;0.14099552
24.14000043;-0.03540147
24.16000043;-0.03540147
24.18000043;0.14099552
24.20000043;-0.03540147
24.22000043;-0.03540147
24.24000043;-0.03540147
24.26000043;0.14099552
24.28000043;0.14099552
24.30000043;-0.03540147
24.32000043;-0.03540147
24.34000043;-0.03540147
24.36000043;-0.03540147
24.38000043;-0.03540147
24.40000043;-0.03540147
24.42000043;0.14099552
24.44000043;-0.03540147
24.46000043;0.14099552
24.48000043;-0.03540147
24.50000043;0.14099552
24.52000043;-0.03540147
24.54000043;-0.03540147
24.56000043;-0.03540147
24.58000043;-0.03540147
24.60000043;-0.03540147
24.62000043;0.14099552
24.64000043;-0.03540147
24.66000043;0.14099552
24.68000043;-0.03540147
24.70000043;-0.03540147
24.72000043;-0.03540147
24.74000043;-0.03540147
24.76000043;-0.03540147
24.78000043;-0.03540147
24.80000043;-0.03540147
24.82000043;-0.03540147
24.84000043;-0.03540147
24.86000043;-0.03540147
24.88000043;-0.03540147
24.90000043;-0.03540147
24.92000043;-0.03540147
24.94000043;-0.03540147
24.96000043;-0.03540147
24.98000043;-0.03540147
25.00000043;0.14099552
25.02000043;-0.03540147
25.04000043;-0.03540147
25.06000043;-0.03540147
25.08000042;-0.03540147
25.10000042;0.14099552
25.12000042;-0.03540147
25.14000042;0.14099552
25.16000042;-0.03540147
25.18000042;-0.03540147
25.20000042;-0.03540147
25.22000042;-0.03540147
25.24000042;-0.03540147
25.26000042;-0.03540147
25.28000042;0.14099552
25.30000042;-0.03540147
25.32000042;-0.03540147
25.34000042;-0.03540147
25.36000042;-0.03540147
25.38000042;-0.03540147
25.40000042;-0.03540147
25.42000042;-0.03540147
25.44000042;-0.03540147
25.46000042;-0.03540147
25.48000042;0.14099552
25.50000042;-0.03540147
25.52000042;0.14099552
25.54000042;-0.03540147
25.56000042;0.14099552
25.58000042;-0.03540147
25.60000042;-0.03540147
25.62000042;-0.03540147
25.64000042;0.14099552
25.66000042;-0.03540147
25.68000042;-0.03540147
25.70000042;-0.03540147
25.72000042;-0.03540147
25.74000042;-0.03540147
25.76000042;0.14099552
25.78000042;-0.03540147
25.80000042;-0.03540147
25.82000042;0.14099552
25.84000042;-0.03540147
25.86000042;-0.03540147
25.88000042;-0.03540147
25.90000042;-0.03540147
25.92000042;-0.03540147
25.94000042;0.14099552
25.96000042;-0.03540147
25.98000042;-0.03540147
26.00000042;-0.03540147
26.02000042;-0.03540147
26.04000042;-0.03540147
26.06000042;-0.03540147
26.08000042;0.14099552
26.10000042;0.14099552
26.12000042;-0.03540147
26.14000042;-0.03540147
26.16000042;-0.03540147
26.18000042;0.14099552
26.20000042;0.14099552
26.22000042;-0.03540147
26.24000042;-0.03540147
26.26000042;-0.03540147
26.28000042;-0.03540147
26.30000042;-0.03540147
26.32000042;-0.03540147
26.34000042;-0.03540147
26.36000042;-0.03540147
26.38000042;-0.03540147
26.40000042;0.14099552
26.42000042;-0.03540147
26.44000042;-0.03540147
26.46000042;-0.03540147
26.48000042;-0.03540147
26.50000042;-0.03540147
26.52000042;-0.03540147
26.54000042;0.14099552
26.56000042;0.14099552
26.58000042;-0.03540147
26.60000042;-0.03540147
26.62000042;-0.03540147
26.64000042;-0.03540147
26.66000042;-0.03540147
26.68000042;-0.03540147
26.70000042;-0.03540147
26.72000041;-0.03540147
26.74000041;-0.03540147
26.76000041;-0.03540147
26.78000041;-0.03540147
26.80000041;-0.03540147
26.82000041;0.14099552
26.84000041;0.14099552
26.86000041;-0.03540147
26.88000041;-0.03540147
26.90000041;-0.03540147
26.92000041;-0.03540147
26.94000041;0.14099552
26.96000041;0.14099552
26.98000041;-0.03540147
27.00000041;-0.03540147
27.02000041;-0.03540147
27.04000041;-0.03540147
27.06000041;-0.03540147
27.08000041;0.14099552
27.10000041;-0.03540147
27.12000041;0.14099552
27.14000041;-0.03540147
27.16000041;0.14099552
27.18000041;-0.03540147
27.20000041;-0.03540147
27.22000041;-0.03540147
27.24000041;-0.03540147
27.26000041;-0.03540147
27.28000041;-0.03540147
27.30000041;-0.03540147
27.32000041;-0.03540147
27.34000041;-0.03540147
27.36000041;-0.03540147
27.38000041;-0.03540147
27.40000041;-0.03540147
27.42000041;-0.03540147
27.44000041;-0.03540147
27.46000041;0.14099552
27.48000041;-0.03540147
27.50000041;-0.03540147
27.52000041;-0.03540147
27.54000041;-0.03540147
27.56000041;-0.03540147
27.58000041;0.14099552
27.60000041;-0.03540147
27.62000041;-0.03540147
27.64000041;-0.03540147
27.66000041;-0.03540147
27.68000041;-0.03540147
27.70000041;-0.03540147
27.72000041;-0.03540147
27.74000041;-0.03540147
27.76000041;-0.03540147
27.78000041;-0.03540147
27.80000041;0.14099552
27.82000041;-0.03540147
27.84000041;-0.03540147
27.86000041;-0.03540147
27.88000041;-0.03540147
27.90000041;-0.03540147
27.92000041;-0.03540147
27.94000041;-0.03540147
27.96000041;-0.03540147
27.98000041;-0.03540147
28.00000041;-0.03540147
28.02000041;-0.03540147
28.04000041;-0.03540147
28.06000041;-0.03540147
28.08000041;-0.03540147
28.10000041;-0.03540147
28.12000041;-0.03540147
28.14000041;-0.03540147
28.16000041;-0.03540147
28.18000041;-0.03540147
28.20000041;-0.03540147
28.22000041;-0.03540147
28.24000041;-0.03540147
28.26000041;-0.03540147
28.28000041;-0.03540147
28.30000041;-0.03540147
28.32000041;-0.03540147
28.34000041;-0.03540147
28.36000040;-0.03540147
28.38000040;-0.03540147
28.40000040;-0.03540147
28.42000040;-0.03540147
28.44000040;-0.03540147
28.46000040;-0.03540147
28.48000040;-0.03540147
28.50000040;-0.03540147
28.52000040;-0.03540147
28.54000040;-0.03540147
28.56000040;-0.03540147
28.58000040;-0.03540147
28.60000040;-0.03540147
28.62000040;-0.03540147
28.64000040;-0.03540147
28.66000040;-0.03540147
28.68000040;-0.03540147
28.70000040;-0.03540147
28.72000040;-0.03540147
28.74000040;-0.03540147
28.76000040;-0.03540147
28.78000040;-0.03540147
28.80000040;-0.03540147
28.82000040;-0.03540147
28.84000040;-0.03540147
28.86000040;-0.03540147
28.88000040;-0.03540147
28.90000040;-0.03540147
28.92000040;-0.03540147
28.94000040;0.14099552
28.96000040;-0.03540147
28.98000040;-0.03540147
29.00000040;-0.03540147
29.02000040;-0.03540147
29.04000040;-0.03540147
29.06000040;-0.03540147
29.08000040;-0.03540147
29.10000040;-0.03540147
29.12000040;-0.03540147
29.14000040;0.14099552
29.16000040;-0.03540147
29.18000040;-0.03540147
29.20000040;-0.03540147
29.22000040;0.14099552
29.24000040;-0.03540147
29.26000040;-0.03540147
29.28000040;-0.03540147
29.30000040;-0.03540147
29.32000040;-0.03540147
29.34000040;-0.03540147
29.36000040;-0.03540147
29.38000040;-0.03540147
29.40000040;-0.03540147
29.42000040;-0.03540147
29.44000040;0.14099552
29.46000040;-0.03540147
29.48000040;-0.03540147
29.50000040;0.14099552
29.52000040;-0.03540147
29.54000040;-0.03540147
29.56000040;-0.03540147
29.58000040;-0.03540147
29.60000040;0.14099552
29.62000040;-0.03540147
29.64000040;-0.03540147
29.66000040;0.14099552
29.68000040;-0.03540147
29.70000040;-0.03540147
29.72000040;-0.03540147
29.74000040;-0.03540147
29.76000040;-0.03540147
29.78000040;0.14099552
29.80000040;-0.03540147
29.82000040;-0.03540147
29.84000040;-0.03540147
29.86000040;-0.03540147
29.88000040;-0.03540147
29.90000040;-0.03540147
29.92000040;-0.03540147
29.94000040;-0.03540147
29.96000040;-0.03540147
29.98000040;0.14099552
30.00000039;-0.03540147
30.02000039;-0.03540147
30.04000039;-0.03540147
30.06000039;-0.03540147
30.08000039;-0.03540147
30.10000039;0.14099552
30.12000039;-0.03540147
30.14000039;-0.03540147
30.16000039;-0.03540147
30.18000039;-0.03540147
30.20000039;-0.03540147
30.22000039;-0.03540147
30.24000039;-0.03540147
30.26000039;-0.03540147
30.28000039;-0.03540147
30.30000039;-0.03540147
30.32000039;-0.03540147
30.34000039;-0.03540147
30.36000039;-0.03540147
30.38000039;-0.03540147
30.40000039;-0.03540147
30.42000039;-0.03540147
30.44000039;-0.03540147
30.46000039;-0.03540147
30.48000039;-0.03540147
30.50000039;0.14099552
30.52000039;-0.03540147
30.54000039;-0.03540147
30.56000039;-0.03540147
30.58000039;-0.03540147
30.60000039;-0.03540147
30.62000039;0.14099552
30.64000039;-0.03540147
30.66000039;0.14099552
30.68000039;-0.03540147
30.70000039;-0.03540147
30.72000039;-0.03540147
30.74000039;-0.03540147
30.76000039;-0.03540147
30.78000039;-0.03540147
30.80000039;-0.03540147
30.82000039;-0.03540147
30.84000039;-0.03540147
30.86000039;0.14099552
30.88000039;-0.03540147
30.90000039;0.14099552
30.92000039;-0.03540147
30.94000039;-0.03540147
30.96000039;-0.03540147
30.98000039;-0.03540147
31.00000039;-0.03540147
31.02000039;-0.03540147
31.04000039;-0.03540147
31.06000039;-0.03540147
31.08000039;-0.03540147
31.10000039;-0.03540147
31.12000039;-0.03540147
31.14000039;-0.03540147
31.16000039;-0.03540147
31.18000039;-0.03540147
31.20000039;-0.03540147
31.22000039;-0.03540147
31.24000039;-0.03540147
31.26000039;-0.03540147
31.28000039;-0.03540147
31.30000039;-0.03540147
31.32000039;-0.03540147
31.34000039;-0.03540147
31.36000039;-0.03540147
31.38000039;-0.03540147
31.40000039;-0.03540147
31.42000039;-0.03540147
31.44000039;0.14099552
31.46000039;-0.03540147
31.48000039;0.14099552
31.50000039;-0.03540147
31.52000039;-0.03540147
31.54000039;-0.03540147
31.56000039;0.14099552
31.58000039;0.14099552
31.60000039;-0.03540147
31.62000039;-0.03540147
31.64000039;-0.03540147
31.66000038;-0.03540147
31.68000038;-0.03540147
31.70000038;0.14099552
31.72000038;-0.03540147
31.74000038;-0.03540147
31.76000038;-0.03540147
31.78000038;-0.03540147
31.80000038;0.14099552
31.82000038;-0.03540147
31.84000038;-0.03540147
31.86000038;-0.03540147
31.88000038;-0.03540147
31.90000038;-0.03540147
31.92000038;-0.03540147
31.94000038;-0.03540147
31.96000038;-0.03540147
31.98000038;-0.03540147
32.00000038;-0.03540147
32.02000038;-0.03540147
32.04000038;-0.03540147
32.06000038;0.14099552
32.08000038;0.14099552
32.10000038;-0.03540147
32.12000038;-0.03540147
32.14000038;0.14099552
32.16000038;-0.03540147
32.18000038;-0.03540147
32.20000038;-0.03540147
32.22000038;-0.03540147
32.24000038;-0.03540147
32.26000038;-0.03540147
32.28000038;-0.03540147
32.30000038;-0.03540147
32.32000038;-0.03540147
32.34000038;0.14099552
32.36000038;-0.03540147
32.38000038;-0.03540147
32.40000038;-0.03540147
32.42000038;-0.03540147
32.44000038;-0.03540147
32.46000038;-0.03540147
32.48000038;-0.03540147
32.50000038;-0.03540147
32.52000038;-0.03540147
32.54000038;-0.03540147
32.56000038;0.14099552
32.58000038;-0.03540147
32.60000038;0.14099552
32.62000038;-0.03540147
32.64000038;-0.03540147
32.66000038;-0.03540147
32.68000038;-0.03540147
32.70000038;-0.03540147
32.72000038;-0.03540147
32.74000038;-0.03540147
32.76000038;-0.03540147
32.78000038;-0.03540147
32.80000038;-0.03540147
32.82000038;-0.03540147
32.84000038;-0.03540147
32.86000038;-0.03540147
32.88000038;-0.03540147
32.90000038;-0.03540147
32.92000038;-0.03540147
32.94000038;-0.03540147
32.96000038;-0.03540147
32.98000038;-0.03540147
33.00000038;-0.03540147
33.02000038;-0.03540147
33.04000038;-0.03540147
33.06000038;-0.03540147
33.08000038;-0.03540147
33.10000038;-0.03540147
33.12000038;-0.03540147
33.14000038;-0.03540147
33.16000038;-0.03540147
33.18000038;0.14099552
33.20000038;-0.03540147
33.22000038;-0.03540147
33.24000038;-0.03540147
33.26000038;-0.03540147
33.28000038;-0.03540147
33.30000037;-0.03540147
33.32000037;-0.03540147
33.34000037;-0.03540147
33.36000037;0.14099552
33.38000037;0.14099552
33.40000037;-0.03540147
33.42000037;-0.03540147
33.44000037;0.14099552
33.46000037;-0.03540147
33.48000037;-0.03540147
33.50000037;-0.03540147
33.52000037;-0.03540147
33.54000037;0.14099552
33.56000037;-0.03540147
33.58000037;-0.03540147
33.60000037;-0.03540147
33.62000037;-0.03540147
33.64000037;-0.03540147
33.66000037;-0.03540147
33.68000037;-0.03540147
33.70000037;-0.03540147
33.72000037;-0.03540147
33.74000037;-0.03540147
33.76000037;-0.03540147
33.78000037;-0.03540147
33.80000037;0.14099552
33.82000037;-0.03540147
33.84000037;-0.03540147
33.86000037;0.14099552
33.88000037;-0.03540147
33.90000037;-0.03540147
33.92000037;-0.03540147
33.94000037;-0.03540147
33.96000037;0.14099552
33.98000037;-0.03540147
34.00000037;-0.03540147
34.02000037;-0.03540147
34.04000037;-0.03540147
34.06000037;-0.03540147
34.08000037;0.14099552
34.10000037;-0.03540147
34.12000037;-0.03540147
34.14000037;-0.03540147
34.16000037;-0.03540147
34.18000037;0.14099552
34.20000037;0.14099552
34.22000037;-0.03540147
34.24000037;-0.03540147
34.26000037;-0.03540147
34.28000037;0.14099552
34.30000037;-0.03540147
34.32000037;0.14099552
34.34000037;-0.03540147
34.36000037;-0.03540147
34.38000037;-0.03540147
34.40000037;-0.03540147
34.42000037;-0.03540147
34.44000037;-0.03540147
34.46000037;-0.03540147
34.48000037;-0.03540147
34.50000037;-0.03540147
34.52000037;-0.03540147
34.54000037;-0.03540147
34.56000037;-0.03540147
34.58000037;-0.03540147
34.60000037;-0.03540147
34.62000037;-0.03540147
34.64000037;-0.03540147
34.66000037;-0.03540147
34.68000037;-0.03540147
34.70000037;-0.03540147
34.72000037;-0.03540147
34.74000037;-0.03540147
34.76000037;-0.03540147
34.78000037;0.14099552
34.80000037;-0.03540147
34.82000037;-0.03540147
34.84000037;-0.03540147
34.86000037;-0.03540147
34.88000037;0.14099552
34.90000037;-0.03540147
34.92000037;-0.03540147
34.94000036;-0.03540147
34.96000036;-0.03540147
34.98000036;-0.03540147
35.00000036;-0.03540147
35.02000036;-0.03540147
35.04000036;-0.03540147
35.06000036;-0.03540147
35.08000036;-0.03540147
35.10000036;-0.03540147
35.12000036;-0.03540147
35.14000036;0.14099552
35.16000036;-0.03540147
35.18000036;0.14099552
35.20000036;-0.03540147
35.22000036;-0.03540147
35.24000036;-0.03540147
35.26000036;-0.03540147
35.28000036;-0.03540147
35.30000036;0.14099552
35.32000036;-0.03540147
35.34000036;-0.03540147
35.36000036;-0.03540147
35.38000036;-0.03540147
35.40000036;-0.03540147
35.42000036;-0.03540147
35.44000036;0.14099552
35.46000036;-0.03540147
35.48000036;-0.03540147
35.50000036;-0.03540147
35.52000036;-0.03540147
35.54000036;-0.03540147
35.56000036;-0.03540147
35.58000036;-0.03540147
35.60000036;-0.03540147
35.62000036;-0.03540147
35.64000036;-0.03540147
35.66000036;-0.03540147
35.68000036;-0.03540147
35.70000036;-0.03540147
35.72000036;-0.03540147
35.74000036;-0.03540147
35.76000036;0.14099552
35.78000036;-0.03540147
35.80000036;-0.03540147
35.82000036;-0.03540147
35.84000036;-0.03540147
35.86000036;-0.03540147
35.88000036;-0.03540147
35.90000036;-0.03540147
35.92000036;-0.03540147
35.94000036;-0.03540147
35.96000036;0.14099552
35.98000036;-0.03540147
36.00000036;-0.03540147
36.02000036;-0.03540147
36.04000036;-0.03540147
36.06000036;-0.03540147
36.08000036;-0.03540147
36.10000036;-0.03540147
36.12000036;-0.03540147
36.14000036;-0.03540147
36.16000036;-0.03540147
36.18000036;-0.03540147
36.20000036;0.14099552
36.22000036;-0.03540147
36.24000036;0.14099552
36.26000036;-0.03540147
36.28000036;-0.03540147
36.30000036;-0.03540147
36.32000036;-0.03540147
36.34000036;-0.03540147
36.36000036;-0.03540147
36.38000036;0.14099552
36.40000036;-0.03540147
36.42000036;-0.03540147
36.44000036;-0.03540147
36.46000036;-0.03540147
36.48000036;-0.03540147
36.50000036;-0.03540147
36.52000036;-0.03540147
36.54000036;0.14099552
36.56000036;-0.03540147
36.58000036;-0.03540147
36.60000035;-0.03540147
36.62000035;-0.03540147
36.64000035;-0.03540147
36.66000035;0.14099552
36.68000035;-0.03540147
36.70000035;-0.03540147
36.72000035;-0.03540147
36.74000035;0.14099552
36.76000035;-0.03540147
36.78000035;-0.03540147
36.80000035;-0.03540147
36.82000035;-0.03540147
36.84000035;0.14099552
36.86000035;-0.03540147
36.88000035;-0.03540147
36.90000035;-0.03540147
36.92000035;-0.03540147
36.94000035;-0.03540147
36.96000035;-0.03540147
36.98000035;-0.03540147
37.00000035;-0.03540147
37.02000035;-0.03540147
37.04000035;-0.03540147
37.06000035;-0.03540147
37.08000035;-0.03540147
37.10000035;-0.03540147
37.12000035;-0.03540147
37.14000035;-0.03540147
37.16000035;-0.03540147
37.18000035;-0.03540147
37.20000035;-0.03540147
37.22000035;-0.03540147
37.24000035;-0.03540147
37.26000035;-0.03540147
37.28000035;-0.03540147
37.30000035;0.14099552
37.32000035;-0.03540147
37.34000035;-0.03540147
37.36000035;-0.03540147
37.38000035;-0.03540147
37.40000035;-0.03540147
37.42000035;-0.03540147
37.44000035;-0.03540147
37.46000035;-0.03540147
37.48000035;-0.03540147
37.50000035;-0.03540147
37.52000035;-0.03540147
37.54000035;-0.03540147
37.56000035;-0.03540147
37.58000035;-0.03540147
37.60000035;-0.03540147
37.62000035;-0.03540147
37.64000035;-0.03540147
37.66000035;-0.03540147
37.68000035;-0.03540147
37.70000035;0.14099552
37.72000035;0.14099552
37.74000035;0.14099552
37.76000035;-0.03540147
37.78000035;-0.03540147
37.80000035;-0.03540147
37.82000035;-0.03540147
37.84000035;-0.03540147
37.86000035;-0.03540147
37.88000035;0.14099552
37.90000035;-0.03540147
37.92000035;0.14099552
37.94000035;-0.03540147
37.96000035;-0.03540147
37.98000035;-0.03540147
38.00000035;-0.03540147
38.02000035;0.14099552
38.04000035;0.14099552
38.06000035;-0.03540147
38.08000035;-0.03540147
38.10000035;0.14099552
38.12000035;0.14099552
38.14000035;-0.03540147
38.16000035;0.14099552
38.18000035;-0.03540147
38.20000035;-0.03540147
38.22000035;-0.03540147
38.24000034;-0.03540147
38.26000034;-0.03540147
38.28000034;-0.03540147
38.30000034;-0.03540147
38.32000034;-0.03540147
38.34000034;-0.03540147
38.36000034;-0.03540147
38.38000034;-0.03540147
38.40000034;-0.03540147
38.42000034;-0.03540147
38.44000034;-0.03540147
38.46000034;-0.03540147
38.48000034;-0.03540147
38.50000034;0.14099552
38.52000034;-0.03540147
38.54000034;-0.03540147
38.56000034;-0.03540147
38.58000034;-0.03540147
38.60000034;-0.03540147
38.62000034;-0.03540147
38.64000034;-0.03540147
38.66000034;-0.03540147
38.68000034;-0.03540147
38.70000034;-0.03540147
38.72000034;-0.03540147
38.74000034;-0.03540147
38.76000034;-0.03540147
38.78000034;-0.03540147
38.80000034;-0.03540147
38.82000034;-0.03540147
38.84000034;-0.03540147
38.86000034;0.14099552
38.88000034;-0.03540147
38.90000034;-0.03540147
38.92000034;-0.03540147
38.94000034;-0.03540147
38.96000034;-0.03540147
38.98000034;-0.03540147
39.00000034;-0.03540147
39.02000034;-0.03540147
39.04000034;0.14099552
39.06000034;-0.03540147
39.08000034;-0.03540147
39.10000034;-0.03540147
39.12000034;-0.03540147
39.14000034;-0.03540147
39.16000034;-0.03540147
39.18000034;-0.03540147
39.20000034;-0.03540147
39.22000034;-0.03540147
39.24000034;-0.03540147
39.26000034;-0.03540147
39.28000034;0.14099552
39.30000034;-0.03540147
39.32000034;-0.03540147
39.34000034;0.14099552
39.36000034;-0.03540147
39.38000034;-0.03540147
39.40000034;-0.03540147
39.42000034;-0.03540147
39.44000034;-0.03540147
39.46000034;-0.03540147
39.48000034;-0.03540147
39.50000034;-0.03540147
39.52000034;-0.03540147
39.54000034;-0.03540147
39.56000034;-0.03540147
39.58000034;-0.03540147
39.60000034;-0.03540147
39.62000034;-0.03540147
39.64000034;-0.03540147
39.66000034;-0.03540147
39.68000034;-0.03540147
39.70000034;-0.03540147
39.72000034;-0.03540147
39.74000034;-0.03540147
39.76000034;-0.03540147
39.78000034;-0.03540147
39.80000034;-0.03540147
39.82000034;0.14099552
39.84000034;-0.03540147
39.86000034;-0.03540147
39.88000033;-0.03540147
39.90000033;-0.03540147
39.92000033;-0.03540147
39.94000033;-0.03540147
39.96000033;-0.03540147
39.98000033;0.14099552
40.00000033;0.14099552
40.02000033;-0.03540147
40.04000033;-0.03540147
40.06000033;-0.03540147
40.08000033;-0.03540147
40.10000033;-0.03540147
40.12000033;0.14099552
40.14000033;-0.03540147
40.16000033;-0.03540147
40.18000033;-0.03540147
40.20000033;-0.03540147
40.22000033;-0.03540147
40.24000033;-0.03540147
40.26000033;-0.03540147
40.28000033;-0.03540147
40.30000033;0.14099552
40.32000033;-0.03540147
40.34000033;-0.03540147
40.36000033;0.14099552
40.38000033;-0.03540147
40.40000033;-0.03540147
40.42000033;-0.03540147
40.44000033;-0.03540147
40.46000033;-0.03540147
40.48000033;0.14099552
40.50000033;-0.03540147
40.52000033;-0.03540147
40.54000033;0.14099552
40.56000033;-0.03540147
40.58000033;-0.03540147
40.60000033;0.14099552
40.62000033;-0.03540147
40.64000033;-0.03540147
40.66000033;-0.03540147
40.68000033;-0.03540147
40.70000033;-0.03540147
40.72000033;-0.03540147
40.74000033;-0.03540147
40.76000033;-0.03540147
40.78000033;-0.03540147
40.80000033;-0.03540147
40.82000033;-0.03540147
40.84000033;-0.03540147
40.86000033;-0.03540147
40.88000033;-0.03540147
40.90000033;-0.03540147
40.92000033;-0.03540147
40.94000033;-0.03540147
40.96000033;-0.03540147
40.98000033;-0.03540147
41.00000033;-0.03540147
41.02000033;0.14099552
41.04000033;-0.03540147
41.06000033;0.14099552
41.08000033;-0.03540147
41.10000033;0.14099552
41.12000033;-0.03540147
41.14000033;-0.03540147
41.16000033;-0.03540147
41.18000033;-0.03540147
41.20000033;-0.03540147
41.22000033;-0.03540147
41.24000033;0.14099552
41.26000033;-0.03540147
41.28000033;-0.03540147
41.30000033;-0.03540147
41.32000033;-0.03540147
41.34000033;-0.03540147
41.36000033;0.14099552
41.38000033;-0.03540147
41.40000033;0.14099552
41.42000033;-0.03540147
41.44000033;-0.03540147
41.46000033;-0.03540147
41.48000033;-0.03540147
41.50000033;-0.03540147
41.52000032;-0.03540147
41.54000032;-0.03540147
41.56000032;-0.03540147
41.58000032;-0.03540147
41.60000032;-0.03540147
41.62000032;-0.03540147
41.64000032;0.14099552
41.66000032;-0.03540147
41.68000032;-0.03540147
41.70000032;-0.03540147
41.72000032;-0.03540147
41.74000032;-0.03540147
41.76000032;-0.03540147
41.78000032;-0.03540147
41.80000032;-0.03540147
41.82000032;-0.03540147
41.84000032;-0.03540147
41.86000032;-0.03540147
41.88000032;-0.03540147
41.90000032;-0.03540147
41.92000032;-0.03540147
41.94000032;-0.03540147
41.96000032;-0.03540147
41.98000032;-0.03540147
42.00000032;-0.03540147
42.02000032;-0.03540147
42.04000032;-0.03540147
42.06000032;-0.03540147
42.08000032;0.14099552
42.10000032;0.14099552
42.12000032;-0.03540147
42.14000032;0.14099552
42.16000032;-0.03540147
42.18000032;0.14099552
42.20000032;0.14099552
42.22000032;-0.03540147
42.24000032;-0.03540147
42.26000032;-0.03540147
42.28000032;-0.03540147
42.30000032;-0.03540147
42.32000032;-0.03540147
42.34000032;-0.03540147
42.36000032;-0.03540147
42.38000032;-0.03540147
42.40000032;-0.03540147
42.42000032;0.14099552
42.44000032;-0.03540147
42.46000032;0.14099552
42.48000032;-0.03540147
42.50000032;0.14099552
42.52000032;0.14099552
42.54000032;-0.03540147
42.56000032;-0.03540147
42.58000032;-0.03540147
42.60000032;-0.03540147
42.62000032;-0.03540147
42.64000032;-0.03540147
42.66000032;-0.03540147
42.68000032;-0.03540147
42.70000032;-0.03540147
42.72000032;0.14099552
42.74000032;-0.03540147
42.76000032;-0.03540147
42.78000032;-0.03540147
42.80000032;-0.03540147
42.82000032;-0.03540147
42.84000032;-0.03540147
42.86000032;-0.03540147
42.88000032;0.14099552
42.90000032;-0.03540147
42.92000032;-0.03540147
42.94000032;-0.03540147
42.96000032;-0.03540147
42.98000032;-0.03540147
43.00000032;-0.03540147
43.02000032;-0.03540147
43.04000032;-0.03540147
43.06000032;-0.03540147
43.08000032;-0.03540147
43.10000032;-0.03540147
43.12000032;-0.03540147
43.14000032;-0.03540147
43.16000032;0.14099552
43.18000031;-0.03540147
43.20000031;0.14099552
43.22000031;-0.03540147
43.24000031;-0.03540147
43.26000031;-0.03540147
43.28000031;-0.03540147
43.30000031;-0.03540147
43.32000031;0.14099552
43.34000031;-0.03540147
43.36000031;-0.03540147
43.38000031;-0.03540147
43.40000031;-0.03540147
43.42000031;-0.03540147
43.44000031;-0.03540147
43.46000031;-0.03540147
43.48000031;-0.03540147
43.50000031;-0.03540147
43.52000031;0.14099552
43.54000031;-0.03540147
43.56000031;-0.03540147
43.58000031;-0.03540147
43.60000031;-0.03540147
43.62000031;-0.03540147
43.64000031;-0.03540147
43.66000031;-0.03540147
43.68000031;-0.03540147
43.70000031;-0.03540147
43.72000031;-0.03540147
43.74000031;-0.03540147
43.76000031;-0.03540147
43.78000031;-0.03540147
43.80000031;-0.03540147
43.82000031;-0.03540147
43.84000031;-0.03540147
43.86000031;-0.03540147
43.88000031;0.14099552
43.90000031;-0.03540147
43.92000031;-0.03540147
43.94000031;-0.03540147
43.96000031;-0.03540147
43.98000031;-0.03540147
44.00000031;-0.03540147
44.02000031;-0.03540147
44.04000031;-0.03540147
44.06000031;0.14099552
44.08000031;-0.03540147
44.10000031;-0.03540147
44.12000031;-0.03540147
44.14000031;0.14099552
44.16000031;-0.03540147
44.18000031;-0.03540147
44.20000031;-0.03540147
44.22000031;-0.03540147
44.24000031;-0.03540147
44.26000031;0.14099552
44.28000031;-0.03540147
44.30000031;0.14099552
44.32000031;-0.03540147
44.34000031;-0.03540147
44.36000031;-0.03540147
44.38000031;-0.03540147
44.40000031;0.14099552
44.42000031;-0.03540147
44.44000031;-0.03540147
44.46000031;-0.03540147
44.48000031;-0.03540147
44.50000031;-0.03540147
44.52000031;-0.03540147
44.54000031;-0.03540147
44.56000031;0.14099552
44.58000031;-0.03540147
44.60000031;0.14099552
44.62000031;-0.03540147
44.64000031;-0.03540147
44.66000031;0.14099552
44.68000031;-0.03540147
44.70000031;-0.03540147
44.72000031;0.14099552
44.74000031;-0.03540147
44.76000031;-0.03540147
44.78000031;-0.03540147
44.80000031;-0.03540147
44.82000030;0.14099552
44.84000030;-0.03540147
44.86000030;-0.03540147
44.88000030;-0.03540147
44.90000030;-0.03540147
44.92000030;-0.03540147
44.94000030;-0.03540147
44.96000030;-0.03540147
44.98000030;-0.03540147
45.00000030;-0.03540147
45.02000030;-0.03540147
45.04000030;-0.03540147
45.06000030;-0.03540147
45.08000030;-0.03540147
45.10000030;-0.03540147
45.12000030;-0.03540147
45.14000030;-0.03540147
45.16000030;-0.03540147
45.18000030;-0.03540147
45.20000030;0.14099552
45.22000030;0.14099552
45.24000030;-0.03540147
45.26000030;-0.03540147
45.28000030;-0.03540147
45.30000030;0.14099552
45.32000030;0.14099552
45.34000030;0.14099552
45.36000030;-0.03540147
45.38000030;-0.03540147
45.40000030;-0.03540147
45.42000030;-0.03540147
45.44000030;-0.03540147
45.46000030;-0.03540147
45.48000030;-0.03540147
45.50000030;-0.03540147
45.52000030;0.14099552
45.54000030;-0.03540147
45.56000030;-0.03540147
45.58000030;-0.03540147
45.60000030;-0.03540147
45.62000030;-0.03540147
45.64000030;-0.03540147
45.66000030;-0.03540147
45.68000030;-0.03540147
45.70000030;-0.03540147
45.72000030;-0.03540147
45.74000030;-0.03540147
45.76000030;-0.03540147
45.78000030;-0.03540147
45.80000030;-0.03540147
45.82000030;-0.03540147
45.84000030;-0.03540147
45.86000030;-0.03540147
45.88000030;-0.03540147
45.90000030;-0.03540147
45.92000030;-0.03540147
45.94000030;-0.03540147
45.96000030;-0.03540147
45.98000030;-0.03540147
46.00000030;-0.03540147
46.02000030;0.14099552
46.04000030;-0.03540147
46.06000030;0.14099552
46.08000030;0.14099552
46.10000030;-0.03540147
46.12000030;-0.03540147
46.14000030;-0.03540147
46.16000030;-0.03540147
46.18000030;-0.03540147
46.20000030;-0.03540147
46.22000030;-0.03540147
46.24000030;-0.03540147
46.26000030;-0.03540147
46.28000030;-0.03540147
46.30000030;-0.03540147
46.32000030;-0.03540147
46.34000030;-0.03540147
46.36000030;0.14099552
46.38000030;0.14099552
46.40000030;0.14099552
46.42000030;-0.03540147
46.44000030;0.14099552
46.46000029;-0.03540147
46.48000029;-0.03540147
46.50000029;-0.03540147
46.52000029;-0.03540147
46.54000029;-0.03540147
46.56000029;-0.03540147
46.58000029;-0.03540147
46.60000029;-0.03540147
46.62000029;-0.03540147
46.64000029;-0.03540147
46.66000029;-0.03540147
46.68000029;-0.03540147
46.70000029;-0.03540147
46.72000029;-0.03540147
46.74000029;-0.03540147
46.76000029;-0.03540147
46.78000029;-0.03540147
46.80000029;-0.03540147
46.82000029;-0.03540147
46.84000029;-0.03540147
46.86000029;-0.03540147
46.88000029;-0.03540147
46.90000029;-0.03540147
46.92000029;-0.03540147
46.94000029;-0.03540147
46.96000029;-0.03540147
46.98000029;-0.03540147
47.00000029;-0.03540147
47.02000029;-0.03540147
47.04000029;0.14099552
47.06000029;-0.03540147
47.08000029;-0.03540147
47.10000029;-0.03540147
47.12000029;-0.03540147
47.14000029;0.14099552
47.16000029;-0.03540147
47.18000029;-0.03540147
47.20000029;0.14099552
47.22000029;-0.03540147
47.24000029;-0.03540147
47.26000029;-0.03540147
47.28000029;-0.03540147
47.30000029;-0.03540147
47.32000029;-0.03540147
47.34000029;0.14099552
47.36000029;-0.03540147
47.38000029;-0.03540147
47.40000029;-0.03540147
47.42000029;-0.03540147
47.44000029;-0.03540147
47.46000029;-0.03540147
47.48000029;-0.03540147
47.50000029;-0.03540147
47.52000029;-0.03540147
47.54000029;-0.03540147
47.56000029;0.14099552
47.58000029;-0.03540147
47.60000029;-0.03540147
47.62000029;-0.03540147
47.64000029;-0.03540147
47.66000029;-0.03540147
47.68000029;-0.03540147
47.70000029;0.14099552
47.72000029;-0.03540147
47.74000029;-0.03540147
47.76000029;-0.03540147
47.78000029;-0.03540147
47.80000029;-0.03540147
47.82000029;-0.03540147
47.84000029;-0.03540147
47.86000029;-0.03540147
47.88000029;-0.03540147
47.90000029;-0.03540147
47.92000029;-0.03540147
47.94000029;-0.03540147
47.96000029;-0.03540147
47.98000029;-0.03540147
48.00000029;-0.03540147
48.02000029;0.14099552
48.04000029;-0.03540147
48.06000029;0.14099552
48.08000029;0.14099552
48.10000028;-0.03540147
48.12000028;-0.03540147
48.14000028;-0.03540147
48.16000028;-0.03540147
48.18000028;-0.03540147
48.20000028;-0.03540147
48.22000028;-0.03540147
48.24000028;-0.03540147
48.26000028;-0.03540147
48.28000028;-0.03540147
48.30000028;-0.03540147
48.32000028;-0.03540147
48.34000028;-0.03540147
48.36000028;-0.03540147
48.38000028;-0.03540147
48.40000028;-0.03540147
48.42000028;-0.03540147
48.44000028;-0.03540147
48.46000028;-0.03540147
48.48000028;-0.03540147
48.50000028;-0.03540147
48.52000028;-0.03540147
48.54000028;-0.03540147
48.56000028;-0.03540147
48.58000028;-0.03540147
48.60000028;-0.03540147
48.62000028;-0.03540147
48.64000028;-0.03540147
48.66000028;-0.03540147
48.68000028;-0.03540147
48.70000028;-0.03540147
48.72000028;-0.03540147
48.74000028;-0.03540147
48.76000028;-0.03540147
48.78000028;-0.03540147
48.80000028;-0.03540147
48.82000028;-0.03540147
48.84000028;-0.03540147
48.86000028;-0.03540147
48.88000028;-0.03540147
48.90000028;-0.03540147
48.92000028;-0.03540147
48.94000028;-0.03540147
48.96000028;-0.03540147
48.98000028;-0.03540147
49.00000028;-0.03540147
49.02000028;-0.03540147
49.04000028;-0.03540147
49.06000028;-0.03540147
49.08000028;-0.03540147
49.10000028;-0.03540147
49.12000028;-0.03540147
49.14000028;-0.03540147
49.16000028;-0.03540147
49.18000028;-0.03540147
49.20000028;-0.03540147
49.22000028;-0.03540147
49.24000028;-0.03540147
49.26000028;-0.03540147
49.28000028;-0.03540147
49.30000028;-0.03540147
49.32000028;-0.03540147
49.34000028;-0.03540147
49.36000028;-0.03540147
49.38000028;-0.03540147
49.40000028;-0.03540147
49.42000028;-0.03540147
49.44000028;-0.03540147
49.46000028;-0.03540147
49.48000028;-0.03540147
49.50000028;-0.03540147
49.52000028;-0.03540147
49.54000028;-0.03540147
49.56000028;-0.03540147
49.58000028;-0.03540147
49.60000028;-0.03540147
49.62000028;-0.03540147
49.64000028;-0.03540147
49.66000028;-0.03540147
49.68000028;-0.03540147
49.70000028;-0.03540147
49.72000028;-0.03540147
49.74000028;-0.03540147
49.76000027;-0.03540147
49.78000027;-0.03540147
49.80000027;-0.03540147
49.82000027;-0.03540147
49.84000027;-0.03540147
49.86000027;-0.03540147
49.88000027;-0.03540147
49.90000027;-0.03540147
49.92000027;-0.03540147
49.94000027;-0.03540147
49.96000027;-0.03540147
49.98000027;-0.03540147
50.00000027;-0.03540147
50.02000027;-0.03540147
50.04000027;-0.03540147
50.06000027;-0.03540147
50.08000027;-0.03540147
50.10000027;-0.03540147
50.12000027;-0.03540147
50.14000027;-0.03540147
50.16000027;-0.03540147
50.18000027;-0.03540147
50.20000027;-0.03540147
50.22000027;-0.03540147
50.24000027;-0.03540147
50.26000027;-0.03540147
50.28000027;-0.03540147
50.30000027;-0.03540147
50.32000027;-0.03540147
50.34000027;-0.03540147
50.36000027;-0.03540147
50.38000027;-0.03540147
50.40000027;-0.03540147
50.42000027;-0.03540147
50.44000027;-0.03540147
50.46000027;-0.03540147
50.48000027;0.14099552
50.50000027;-0.03540147
50.52000027;-0.03540147
50.54000027;-0.03540147
50.56000027;-0.03540147
50.58000027;-0.03540147
50.60000027;-0.03540147
50.62000027;-0.03540147
50.64000027;-0.03540147
50.66000027;-0.03540147
50.68000027;-0.03540147
50.70000027;-0.03540147
50.72000027;-0.03540147
50.74000027;-0.03540147
50.76000027;-0.03540147
50.78000027;-0.03540147
50.80000027;-0.03540147
50.82000027;-0.03540147
50.84000027;0.14099552
50.86000027;-0.03540147
50.88000027;-0.03540147
50.90000027;-0.03540147
50.92000027;-0.03540147
50.94000027;-0.03540147
50.96000027;-0.03540147
50.98000027;-0.03540147
51.00000027;-0.03540147
51.02000027;-0.03540147
51.04000027;-0.03540147
51.06000027;0.14099552
51.08000027;-0.03540147
51.10000027;-0.03540147
51.12000027;-0.03540147
51.14000027;0.14099552
51.16000027;-0.03540147
51.18000027;-0.03540147
51.20000027;-0.03540147
51.22000027;-0.03540147
51.24000027;-0.03540147
51.26000027;-0.03540147
51.28000027;-0.03540147
51.30000027;-0.03540147
51.32000027;-0.03540147
51.34000027;-0.03540147
51.36000027;-0.03540147
51.38000027;-0.03540147
51.40000026;-0.03540147
51.42000026;-0.03540147
51.44000026;-0.03540147
51.46000026;-0.03540147
51.48000026;-0.03540147
51.50000026;-0.03540147
51.52000026;-0.03540147
51.54000026;-0.03540147
51.56000026;-0.03540147
51.58000026;-0.03540147
51.60000026;-0.03540147
51.62000026;-0.03540147
51.64000026;-0.03540147
51.66000026;-0.03540147
51.68000026;-0.03540147
51.70000026;-0.03540147
51.72000026;0.14099552
51.74000026;-0.03540147
51.76000026;-0.03540147
51.78000026;-0.03540147
51.80000026;-0.03540147
51.82000026;-0.03540147
51.84000026;-0.03540147
51.86000026;-0.03540147
51.88000026;-0.03540147
51.90000026;-0.03540147
51.92000026;-0.03540147
51.94000026;-0.03540147
51.96000026;-0.03540147
51.98000026;-0.03540147
52.00000026;-0.03540147
52.02000026;-0.03540147
52.04000026;-0.03540147
52.06000026;-0.03540147
52.08000026;-0.03540147
52.10000026;-0.03540147
52.12000026;-0.03540147
52.14000026;-0.03540147
52.16000026;-0.03540147
52.18000026;-0.03540147
52.20000026;-0.03540147
52.22000026;-0.03540147
52.24000026;-0.03540147
52.26000026;-0.03540147
52.28000026;-0.03540147
52.30000026;-0.03540147
52.32000026;-0.03540147
52.34000026;0.14099552
52.36000026;-0.03540147
52.38000026;-0.03540147
52.40000026;-0.03540147
52.42000026;-0.03540147
52.44000026;-0.03540147
52.46000026;-0.03540147
52.48000026;-0.03540147
52.50000026;-0.03540147
52.52000026;-0.03540147
52.54000026;-0.03540147
52.56000026;-0.03540147
52.58000026;-0.03540147
52.60000026;-0.03540147
52.62000026;-0.03540147
52.64000026;-0.03540147
52.66000026;-0.03540147
52.68000026;-0.03540147
52.70000026;-0.03540147
52.72000026;-0.03540147
52.74000026;-0.03540147
52.76000026;-0.03540147
52.78000026;-0.03540147
52.80000026;-0.03540147
52.82000026;-0.03540147
52.84000026;-0.03540147
52.86000026;-0.03540147
52.88000026;-0.03540147
52.90000026;-0.03540147
52.92000026;-0.03540147
52.94000026;-0.03540147
52.96000026;-0.03540147
52.98000026;0.14099552
53.00000026;0.14099552
53.02000026;-0.03540147
53.04000025;-0.03540147
53.06000025;-0.03540147
53.08000025;-0.03540147
53.10000025;-0.03540147
53.12000025;-0.03540147
53.14000025;-0.03540147
53.16000025;-0.03540147
53.18000025;-0.03540147
53.20000025;-0.03540147
53.22000025;-0.03540147
53.24000025;-0.03540147
53.26000025;-0.03540147
53.28000025;-0.03540147
53.30000025;-0.03540147
53.32000025;-0.03540147
53.34000025;-0.03540147
53.36000025;-0.03540147
53.38000025;-0.03540147
53.40000025;-0.03540147
53.42000025;-0.03540147
53.44000025;-0.03540147
53.46000025;-0.03540147
53.48000025;-0.03540147
53.50000025;-0.03540147
53.52000025;-0.03540147
53.54000025;-0.03540147
53.56000025;-0.03540147
53.58000025;-0.03540147
53.60000025;-0.03540147
53.62000025;-0.03540147
53.64000025;-0.03540147
53.66000025;-0.03540147
53.68000025;-0.03540147
53.70000025;-0.03540147
53.72000025;-0.03540147
53.74000025;-0.03540147
53.76000025;-0.03540147
53.78000025;-0.03540147
53.80000025;-0.03540147
53.82000025;-0.03540147
53.84000025;-0.03540147
53.86000025;-0.03540147
53.88000025;-0.03540147
53.90000025;-0.03540147
53.92000025;-0.03540147
53.94000025;-0.03540147
53.96000025;-0.03540147
53.98000025;-0.03540147
54.00000025;-0.03540147
54.02000025;-0.03540147
54.04000025;0.14099552
54.06000025;-0.03540147
54.08000025;-0.03540147
54.10000025;-0.03540147
54.12000025;-0.03540147
54.14000025;-0.03540147
54.16000025;-0.03540147
54.18000025;-0.03540147
54.20000025;-0.03540147
54.22000025;-0.03540147
54.24000025;-0.03540147
54.26000025;-0.03540147
54.28000025;-0.03540147
54.30000025;-0.03540147
54.32000025;-0.03540147
54.34000025;-0.03540147
54.36000025;-0.03540147
54.38000025;-0.03540147
54.40000025;-0.03540147
54.42000025;-0.03540147
54.44000025;-0.03540147
54.46000025;-0.03540147
54.48000025;-0.03540147
54.50000025;-0.03540147
54.52000025;-0.03540147
54.54000025;-0.03540147
54.56000025;-0.03540147
54.58000025;-0.03540147
54.60000025;-0.03540147
54.62000025;-0.03540147
54.64000025;-0.03540147
54.66000025;-0.03540147
54.68000024;-0.03540147
54.70000024;-0.03540147
54.72000024;-0.03540147
54.74000024;-0.03540147
54.76000024;-0.03540147
54.78000024;-0.03540147
54.80000024;-0.03540147
54.82000024;-0.03540147
54.84000024;-0.03540147
54.86000024;-0.03540147
54.88000024;-0.03540147
54.90000024;-0.03540147
54.92000024;-0.03540147
54.94000024;-0.03540147
54.96000024;-0.03540147
54.98000024;-0.03540147
55.00000024;-0.03540147
55.02000024;-0.03540147
55.04000024;-0.03540147
55.06000024;-0.03540147
55.08000024;-0.03540147
55.10000024;-0.03540147
55.12000024;-0.03540147
55.14000024;-0.03540147
55.16000024;-0.03540147
55.18000024;-0.03540147
55.20000024;0.14099552
55.22000024;-0.03540147
55.24000024;-0.03540147
55.26000024;-0.03540147
55.28000024;-0.03540147
55.30000024;-0.03540147
55.32000024;-0.03540147
55.34000024;-0.03540147
55.36000024;-0.03540147
55.38000024;-0.03540147
55.40000024;-0.03540147
55.42000024;-0.03540147
55.44000024;-0.03540147
55.46000024;-0.03540147
55.48000024;-0.03540147
55.50000024;-0.03540147
55.52000024;-0.03540147
55.54000024;-0.03540147
55.56000024;-0.03540147
55.58000024;-0.03540147
55.60000024;-0.03540147
55.62000024;-0.03540147
55.64000024;-0.03540147
55.66000024;-0.03540147
55.68000024;-0.03540147
55.70000024;-0.03540147
55.72000024;-0.03540147
55.74000024;-0.03540147
55.76000024;-0.03540147
55.78000024;-0.03540147
55.80000024;-0.03540147
55.82000024;-0.03540147
55.84000024;-0.03540147
55.86000024;-0.03540147
55.88000024;-0.03540147
55.90000024;0.14099552
55.92000024;-0.03540147
55.94000024;-0.03540147
55.96000024;-0.03540147
55.98000024;-0.03540147
56.00000024;-0.03540147
56.02000024;-0.03540147
56.04000024;-0.03540147
56.06000024;-0.03540147
56.08000024;-0.03540147
56.10000024;-0.03540147
56.12000024;-0.03540147
56.14000024;-0.03540147
56.16000024;-0.03540147
56.18000024;-0.03540147
56.20000024;-0.03540147
56.22000024;-0.03540147
56.24000024;-0.03540147
56.26000024;-0.03540147
56.28000024;-0.03540147
56.30000024;-0.03540147
56.32000024;-0.03540147
56.34000023;0.14099552
56.36000023;-0.03540147
56.38000023;-0.03540147
56.40000023;-0.03540147
56.42000023;-0.03540147
56.44000023;0.14099552
56.46000023;-0.03540147
56.48000023;-0.03540147
56.50000023;-0.03540147
56.52000023;-0.03540147
56.54000023;-0.03540147
56.56000023;-0.03540147
56.58000023;-0.03540147
56.60000023;-0.03540147
56.62000023;-0.03540147
56.64000023;0.14099552
56.66000023;-0.03540147
56.68000023;-0.03540147
56.70000023;-0.03540147
56.72000023;-0.03540147
56.74000023;-0.03540147
56.76000023;-0.03540147
56.78000023;-0.03540147
56.80000023;-0.03540147
56.82000023;-0.03540147
56.84000023;-0.03540147
56.86000023;-0.03540147
56.88000023;-0.03540147
56.90000023;0.14099552
56.92000023;-0.03540147
56.94000023;-0.03540147
56.96000023;-0.03540147
56.98000023;-0.03540147
57.00000023;-0.03540147
57.02000023;-0.03540147
57.04000023;-0.03540147
57.06000023;-0.03540147
57.08000023;-0.03540147
57.10000023;-0.03540147
57.12000023;0.14099552
57.14000023;-0.03540147
57.16000023;-0.03540147
57.18000023;-0.03540147
57.20000023;-0.03540147
57.22000023;-0.03540147
57.24000023;-0.03540147
57.26000023;-0.03540147
57.28000023;0.14099552
57.30000023;-0.03540147
57.32000023;-0.03540147
57.34000023;-0.03540147
57.36000023;-0.03540147
57.38000023;-0.03540147
57.40000023;0.14099552
57.42000023;-0.03540147
57.44000023;-0.03540147
57.46000023;-0.03540147
57.48000023;0.14099552
57.50000023;-0.03540147
57.52000023;-0.03540147
57.54000023;-0.03540147
57.56000023;-0.03540147
57.58000023;-0.03540147
57.60000023;-0.03540147
57.62000023;-0.03540147
57.64000023;-0.03540147
57.66000023;-0.03540147
57.68000023;-0.03540147
57.70000023;-0.03540147
57.72000023;-0.03540147
57.74000023;-0.03540147
57.76000023;-0.03540147
57.78000023;-0.03540147
57.80000023;-0.03540147
57.82000023;-0.03540147
57.84000023;-0.03540147
57.86000023;-0.03540147
57.88000023;-0.03540147
57.90000023;-0.03540147
57.92000023;-0.03540147
57.94000023;-0.03540147
57.96000023;-0.03540147
57.98000022;-0.03540147
58.00000022;0.14099552
58.02000022;-0.03540147
58.04000022;-0.03540147
58.06000022;-0.03540147
58.08000022;0.14099552
58.10000022;-0.03540147
58.12000022;-0.03540147
58.14000022;-0.03540147
58.16000022;-0.03540147
58.18000022;-0.03540147
58.20000022;-0.03540147
58.22000022;-0.03540147
58.24000022;-0.03540147
58.26000022;-0.03540147
58.28000022;-0.03540147
58.30000022;-0.03540147
58.32000022;-0.03540147
58.34000022;-0.03540147
58.36000022;-0.03540147
58.38000022;-0.03540147
58.40000022;-0.03540147
58.42000022;-0.03540147
58.44000022;-0.03540147
58.46000022;-0.03540147
58.48000022;0.14099552
58.50000022;-0.03540147
58.52000022;-0.03540147
58.54000022;-0.03540147
58.56000022;-0.03540147
58.58000022;-0.03540147
58.60000022;-0.03540147
58.62000022;-0.03540147
58.64000022;-0.03540147
58.66000022;-0.03540147
58.68000022;-0.03540147
58.70000022;-0.03540147
58.72000022;-0.03540147
58.74000022;-0.03540147
58.76000022;-0.03540147
58.78000022;-0.03540147
58.80000022;-0.03540147
58.82000022;-0.03540147
58.84000022;-0.03540147
58.86000022;-0.03540147
58.88000022;-0.03540147
58.90000022;-0.03540147
58.92000022;-0.03540147
58.94000022;-0.03540147
58.96000022;-0.03540147
58.98000022;-0.03540147
59.00000022;-0.03540147
59.02000022;-0.03540147
59.04000022;-0.03540147
59.06000022;-0.03540147
59.08000022;0.14099552
59.10000022;-0.03540147
59.12000022;-0.03540147
59.14000022;-0.03540147
59.16000022;-0.03540147
59.18000022;0.14099552
59.20000022;-0.03540147
59.22000022;-0.03540147
59.24000022;-0.03540147
59.26000022;-0.03540147
59.28000022;-0.03540147
59.30000022;-0.03540147
59.32000022;-0.03540147
59.34000022;-0.03540147
59.36000022;-0.03540147
59.38000022;-0.03540147
59.40000022;-0.03540147
59.42000022;-0.03540147
59.44000022;-0.03540147
59.46000022;-0.03540147
59.48000022;-0.03540147
59.50000022;-0.03540147
59.52000022;-0.03540147
59.54000022;-0.03540147
59.56000022;0.14099552
59.58000022;-0.03540147
59.60000022;-0.03540147
59.62000021;-0.03540147
59.64000021;-0.03540147
59.66000021;-0.03540147
59.68000021;-0.03540147
59.70000021;-0.03540147
59.72000021;-0.03540147
59.74000021;-0.03540147
59.76000021;-0.03540147
59.78000021;-0.03540147
59.80000021;-0.03540147
59.82000021;-0.03540147
59.84000021;-0.03540147
59.86000021;-0.03540147
59.88000021;-0.03540147
59.90000021;-0.03540147
59.92000021;-0.03540147
59.94000021;-0.03540147
59.96000021;-0.03540147
59.98000021;-0.03540147
60.00000021;-0.03540147
60.02000021;-0.03540147
60.04000021;-0.03540147
60.06000021;-0.03540147
60.08000021;-0.03540147
60.10000021;0.14099552
60.12000021;-0.03540147
60.14000021;-0.03540147
60.16000021;-0.03540147
60.18000021;-0.03540147
60.20000021;-0.03540147
60.22000021;-0.03540147
60.24000021;0.14099552
60.26000021;-0.03540147
60.28000021;-0.03540147
60.30000021;-0.03540147
60.32000021;-0.03540147
60.34000021;-0.03540147
60.36000021;-0.03540147
60.38000021;-0.03540147
60.40000021;-0.03540147
60.42000021;-0.03540147
60.44000021;-0.03540147
60.46000021;-0.03540147
60.48000021;-0.03540147
60.50000021;-0.03540147
60.52000021;-0.03540147
60.54000021;-0.03540147
60.56000021;-0.03540147
60.58000021;-0.03540147
60.60000021;0.14099552
60.62000021;-0.03540147
60.64000021;-0.03540147
60.66000021;-0.03540147
60.68000021;-0.03540147
60.70000021;0.14099552
60.72000021;-0.03540147
60.74000021;0.14099552
60.76000021;-0.03540147
60.78000021;-0.03540147
60.80000021;-0.03540147
60.82000021;-0.03540147
60.84000021;-0.03540147
60.86000021;-0.03540147
60.88000021;-0.03540147
60.90000021;-0.03540147
60.92000021;-0.03540147
60.94000021;0.14099552
60.96000021;-0.03540147
60.98000021;-0.03540147
61.00000021;-0.03540147
61.02000021;-0.03540147
61.04000021;-0.03540147
61.06000021;-0.03540147
61.08000021;-0.03540147
61.10000021;-0.03540147
61.12000021;-0.03540147
61.14000021;-0.03540147
61.16000021;-0.03540147
61.18000021;-0.03540147
61.20000021;-0.03540147
61.22000021;-0.03540147
61.24000021;-0.03540147
61.26000021;0.14099552
61.28000020;-0.03540147
61.30000020;-0.03540147
61.32000020;-0.03540147
61.34000020;-0.03540147
61.36000020;-0.03540147
61.38000020;-0.03540147
61.40000020;-0.03540147
61.42000020;-0.03540147
61.44000020;-0.03540147
61.46000020;-0.03540147
61.48000020;-0.03540147
61.50000020;-0.03540147
61.52000020;-0.03540147
61.54000020;-0.03540147
61.56000020;-0.03540147
61.58000020;-0.03540147
61.60000020;-0.03540147
61.62000020;-0.03540147
61.64000020;-0.03540147
61.66000020;-0.03540147
61.68000020;-0.03540147
61.70000020;-0.03540147
61.72000020;-0.03540147
61.74000020;-0.03540147
61.76000020;-0.03540147
61.78000020;-0.03540147
61.80000020;-0.03540147
61.82000020;-0.03540147
61.84000020;-0.03540147
61.86000020;-0.03540147
61.88000020;-0.03540147
61.90000020;-0.03540147
61.92000020;-0.03540147
61.94000020;-0.03540147
61.96000020;-0.03540147
61.98000020;-0.03540147
62.00000020;-0.03540147
62.02000020;-0.03540147
62.04000020;-0.03540147
62.06000020;-0.03540147
62.08000020;-0.03540147
62.10000020;-0.03540147
62.12000020;-0.03540147
62.14000020;-0.03540147
62.16000020;-0.03540147
62.18000020;-0.03540147
62.20000020;-0.03540147
62.22000020;-0.03540147
62.24000020;-0.03540147
62.26000020;-0.03540147
62.28000020;-0.03540147
62.30000020;-0.03540147
62.32000020;-0.03540147
62.34000020;-0.03540147
62.36000020;-0.03540147
62.38000020;-0.03540147
62.40000020;-0.03540147
62.42000020;-0.03540147
62.44000020;-0.03540147
62.46000020;0.14099552
62.48000020;-0.03540147
62.50000020;-0.03540147
62.52000020;-0.03540147
62.54000020;-0.03540147
62.56000020;-0.03540147
62.58000020;-0.03540147
62.60000020;-0.03540147
62.62000020;-0.03540147
62.64000020;-0.03540147
62.66000020;-0.03540147
62.68000020;-0.03540147
62.70000020;-0.03540147
62.72000020;-0.03540147
62.74000020;-0.03540147
62.76000020;-0.03540147
62.78000020;-0.03540147
62.80000020;-0.03540147
62.82000020;-0.03540147
62.84000020;-0.03540147
62.86000020;-0.03540147
62.88000020;-0.03540147
62.90000020;-0.03540147
62.92000019;-0.03540147
62.94000019;-0.03540147
62.96000019;-0.03540147
62.98000019;-0.03540147
63.00000019;-0.03540147
63.02000019;-0.03540147
63.04000019;-0.03540147
63.06000019;-0.03540147
63.08000019;-0.03540147
63.10000019;-0.03540147
63.12000019;-0.03540147
63.14000019;-0.03540147
63.16000019;-0.03540147
63.18000019;-0.03540147
63.20000019;0.14099552
63.22000019;-0.03540147
63.24000019;-0.03540147
63.26000019;-0.03540147
63.28000019;-0.03540147
63.30000019;0.14099552
63.32000019;-0.03540147
63.34000019;-0.03540147
63.36000019;-0.03540147
63.38000019;-0.03540147
63.40000019;-0.03540147
63.42000019;0.14099552
63.44000019;-0.03540147
63.46000019;-0.03540147
63.48000019;-0.03540147
63.50000019;-0.03540147
63.52000019;-0.03540147
63.54000019;-0.03540147
63.56000019;-0.03540147
63.58000019;-0.03540147
63.60000019;-0.03540147
63.62000019;-0.03540147
63.64000019;-0.03540147
63.66000019;-0.03540147
63.68000019;-0.03540147
63.70000019;0.14099552
63.72000019;-0.03540147
63.74000019;-0.03540147
63.76000019;-0.03540147
63.78000019;-0.03540147
63.80000019;-0.03540147
63.82000019;-0.03540147
63.84000019;-0.03540147
63.86000019;-0.03540147
63.88000019;-0.03540147
63.90000019;-0.03540147
63.92000019;-0.03540147
63.94000019;-0.03540147
63.96000019;-0.03540147
63.98000019;-0.03540147
64.00000019;-0.03540147
64.02000019;-0.03540147
64.04000019;-0.03540147
64.06000019;-0.03540147
64.08000019;-0.03540147
64.10000019;-0.03540147
64.12000019;-0.03540147
64.14000019;-0.03540147
64.16000019;-0.03540147
64.18000019;-0.03540147
64.20000019;-0.03540147
64.22000019;-0.03540147
64.24000019;-0.03540147
64.26000019;-0.03540147
64.28000019;-0.03540147
64.30000019;-0.03540147
64.32000019;-0.03540147
64.34000019;-0.03540147
64.36000019;-0.03540147
64.38000019;-0.03540147
64.40000019;-0.03540147
64.42000019;-0.03540147
64.44000019;-0.03540147
64.46000019;-0.03540147
64.48000019;-0.03540147
64.50000019;-0.03540147
64.52000019;-0.03540147
64.54000019;-0.03540147
64.56000018;-0.03540147
64.58000018;-0.03540147
64.60000018;-0.03540147
64.62000018;-0.03540147
64.64000018;-0.03540147
64.66000018;-0.03540147
64.68000018;-0.03540147
64.70000018;-0.03540147
64.72000018;0.14099552
64.74000018;-0.03540147
64.76000018;-0.03540147
64.78000018;-0.03540147
64.80000018;-0.03540147
64.82000018;-0.03540147
64.84000018;-0.03540147
64.86000018;-0.03540147
64.88000018;-0.03540147
64.90000018;-0.03540147
64.92000018;-0.03540147
64.94000018;-0.03540147
64.96000018;-0.03540147
64.98000018;-0.03540147
65.00000018;-0.03540147
65.02000018;-0.03540147
65.04000018;-0.03540147
65.06000018;0.14099552
65.08000018;-0.03540147
65.10000018;-0.03540147
65.12000018;-0.03540147
65.14000018;-0.03540147
65.16000018;-0.03540147
65.18000018;-0.03540147
65.20000018;-0.03540147
65.22000018;-0.03540147
65.24000018;-0.03540147
65.26000018;0.14099552
65.28000018;-0.03540147
65.30000018;-0.03540147
65.32000018;-0.03540147
65.34000018;-0.03540147
65.36000018;-0.03540147
65.38000018;-0.03540147
65.40000018;-0.03540147
65.42000018;-0.03540147
65.44000018;-0.03540147
65.46000018;-0.03540147
65.48000018;-0.03540147
65.50000018;-0.03540147
65.52000018;-0.03540147
65.54000018;-0.03540147
65.56000018;-0.03540147
65.58000018;-0.03540147
65.60000018;-0.03540147
65.62000018;-0.03540147
65.64000018;-0.03540147
65.66000018;0.14099552
65.68000018;-0.03540147
65.70000018;-0.03540147
65.72000018;-0.03540147
65.74000018;-0.03540147
65.76000018;-0.03540147
65.78000018;-0.03540147
65.80000018;-0.03540147
65.82000018;-0.03540147
65.84000018;-0.03540147
65.86000018;-0.03540147
65.88000018;-0.03540147
65.90000018;-0.03540147
65.92000018;-0.03540147
65.94000018;-0.03540147
65.96000018;0.14099552
65.98000018;0.14099552
66.00000018;0.14099552
66.02000018;-0.03540147
66.04000018;0.14099552
66.06000018;-0.03540147
66.08000018;-0.03540147
66.10000018;-0.03540147
66.12000018;-0.03540147
66.14000018;-0.03540147
66.16000018;-0.03540147
66.18000018;-0.03540147
66.20000017;-0.03540147
66.22000017;-0.03540147
66.24000017;-0.03540147
66.26000017;-0.03540147
66.28000017;-0.03540147
66.30000017;-0.03540147
66.32000017;-0.03540147
66.34000017;0.14099552
66.36000017;-0.03540147
66.38000017;-0.03540147
66.40000017;-0.03540147
66.42000017;-0.03540147
66.44000017;-0.03540147
66.46000017;-0.03540147
66.48000017;-0.03540147
66.50000017;-0.03540147
66.52000017;-0.03540147
66.54000017;-0.03540147
66.56000017;-0.03540147
66.58000017;-0.03540147
66.60000017;-0.03540147
66.62000017;-0.03540147
66.64000017;-0.03540147
66.66000017;-0.03540147
66.68000017;-0.03540147
66.70000017;-0.03540147
66.72000017;-0.03540147
66.74000017;-0.03540147
66.76000017;-0.03540147
66.78000017;-0.03540147
66.80000017;-0.03540147
66.82000017;-0.03540147
66.84000017;-0.03540147
66.86000017;-0.03540147
66.88000017;-0.03540147
66.90000017;-0.03540147
66.92000017;0.14099552
66.94000017;-0.03540147
66.96000017;-0.03540147
66.98000017;-0.03540147
67.00000017;-0.03540147
67.02000017;-0.03540147
67.04000017;-0.03540147
67.06000017;-0.03540147
67.08000017;-0.03540147
67.10000017;0.14099552
67.12000017;-0.03540147
67.14000017;-0.03540147
67.16000017;-0.03540147
67.18000017;-0.03540147
67.20000017;-0.03540147
67.22000017;-0.03540147
67.24000017;-0.03540147
67.26000017;-0.03540147
67.28000017;-0.03540147
67.30000017;-0.03540147
67.32000017;-0.03540147
67.34000017;-0.03540147
67.36000017;-0.03540147
67.38000017;-0.03540147
67.40000017;-0.03540147
67.42000017;-0.03540147
67.44000017;-0.03540147
67.46000017;-0.03540147
67.48000017;-0.03540147
67.50000017;-0.03540147
67.52000017;-0.03540147
67.54000017;-0.03540147
67.56000017;-0.03540147
67.58000017;-0.03540147
67.60000017;-0.03540147
67.62000017;-0.03540147
67.64000017;-0.03540147
67.66000017;0.14099552
67.68000017;-0.03540147
67.70000017;0.14099552
67.72000017;-0.03540147
67.74000017;-0.03540147
67.76000017;-0.03540147
67.78000017;-0.03540147
67.80000017;-0.03540147
67.82000017;-0.03540147
67.84000017;-0.03540147
67.86000016;-0.03540147
67.88000016;-0.03540147
67.90000016;-0.03540147
67.92000016;-0.03540147
67.94000016;-0.03540147
67.96000016;-0.03540147
67.98000016;-0.03540147
68.00000016;-0.03540147
68.02000016;0.14099552
68.04000016;-0.03540147
68.06000016;-0.03540147
68.08000016;-0.03540147
68.10000016;-0.03540147
68.12000016;-0.03540147
68.14000016;-0.03540147
68.16000016;-0.03540147
68.18000016;-0.03540147
68.20000016;-0.03540147
68.22000016;-0.03540147
68.24000016;-0.03540147
68.26000016;-0.03540147
68.28000016;-0.03540147
68.30000016;-0.03540147
68.32000016;-0.03540147
68.34000016;-0.03540147
68.36000016;-0.03540147
68.38000016;-0.03540147
68.40000016;0.14099552
68.42000016;-0.03540147
68.44000016;-0.03540147
68.46000016;-0.03540147
68.48000016;-0.03540147
68.50000016;-0.03540147
68.52000016;-0.03540147
68.54000016;-0.03540147
68.56000016;-0.03540147
68.58000016;-0.03540147
68.60000016;-0.03540147
68.62000016;-0.03540147
68.64000016;-0.03540147
68.66000016;-0.03540147
68.68000016;0.14099552
68.70000016;-0.03540147
68.72000016;-0.03540147
68.74000016;-0.03540147
68.76000016;-0.03540147
68.78000016;-0.03540147
68.80000016;-0.03540147
68.82000016;-0.03540147
68.84000016;-0.03540147
68.86000016;-0.03540147
68.88000016;-0.03540147
68.90000016;-0.03540147
68.92000016;-0.03540147
68.94000016;-0.03540147
68.96000016;-0.03540147
68.98000016;-0.03540147
69.00000016;-0.03540147
69.02000016;-0.03540147
69.04000016;0.14099552
69.06000016;-0.03540147
69.08000016;0.14099552
69.10000016;-0.03540147
69.12000016;-0.03540147
69.14000016;0.14099552
69.16000016;-0.03540147
69.18000016;-0.03540147
69.20000016;-0.03540147
69.22000016;-0.03540147
69.24000016;-0.03540147
69.26000016;-0.03540147
69.28000016;-0.03540147
69.30000016;-0.03540147
69.32000016;-0.03540147
69.34000016;-0.03540147
69.36000016;-0.03540147
69.38000016;0.14099552
69.40000016;-0.03540147
69.42000016;0.14099552
69.44000016;0.14099552
69.46000016;-0.03540147
69.48000016;-0.03540147
69.50000015;-0.03540147
69.52000015;-0.03540147
69.54000015;-0.03540147
69.56000015;-0.03540147
69.58000015;-0.03540147
69.60000015;-0.03540147
69.62000015;-0.03540147
69.64000015;-0.03540147
69.66000015;-0.03540147
69.68000015;-0.03540147
69.70000015;-0.03540147
69.72000015;0.14099552
69.74000015;-0.03540147
69.76000015;-0.03540147
69.78000015;-0.03540147
69.80000015;-0.03540147
69.82000015;-0.03540147
69.84000015;-0.03540147
69.86000015;-0.03540147
69.88000015;-0.03540147
69.90000015;-0.03540147
69.92000015;-0.03540147
69.94000015;-0.03540147
69.96000015;-0.03540147
69.98000015;-0.03540147
70.00000015;-0.03540147
70.02000015;-0.03540147
70.04000015;-0.03540147
70.06000015;-0.03540147
70.08000015;-0.03540147
70.10000015;-0.03540147
70.12000015;-0.03540147
70.14000015;-0.03540147
70.16000015;-0.03540147
70.18000015;-0.03540147
70.20000015;-0.03540147
70.22000015;-0.03540147
70.24000015;-0.03540147
70.26000015;-0.03540147
70.28000015;-0.03540147
70.30000015;-0.03540147
70.32000015;-0.03540147
70.34000015;-0.03540147
70.36000015;-0.03540147
70.38000015;-0.03540147
70.40000015;-0.03540147
70.42000015;-0.03540147
70.44000015;-0.03540147
70.46000015;-0.03540147
70.48000015;-0.03540147
70.50000015;-0.03540147
70.52000015;-0.03540147
70.54000015;-0.03540147
70.56000015;-0.03540147
70.58000015;-0.03540147
70.60000015;-0.03540147
70.62000015;-0.03540147
70.64000015;-0.03540147
70.66000015;-0.03540147
70.68000015;-0.03540147
70.70000015;-0.03540147
70.72000015;-0.03540147
70.74000015;0.14099552
70.76000015;-0.03540147
70.78000015;-0.03540147
70.80000015;-0.03540147
70.82000015;-0.03540147
70.84000015;-0.03540147
70.86000015;-0.03540147
70.88000015;-0.03540147
70.90000015;-0.03540147
70.92000015;-0.03540147
70.94000015;-0.03540147
70.96000015;-0.03540147
70.98000015;-0.03540147
71.00000015;0.14099552
71.02000015;-0.03540147
71.04000015;-0.03540147
71.06000015;-0.03540147
71.08000015;-0.03540147
71.10000015;-0.03540147
71.12000015;-0.03540147
71.14000014;-0.03540147
71.16000014;-0.03540147
71.18000014;-0.03540147
71.20000014;-0.03540147
71.22000014;-0.03540147
71.24000014;-0.03540147
71.26000014;-0.03540147
71.28000014;-0.03540147
71.30000014;-0.03540147
71.32000014;-0.03540147
71.34000014;0.14099552
71.36000014;-0.03540147
71.38000014;-0.03540147
71.40000014;-0.03540147
71.42000014;-0.03540147
71.44000014;0.14099552
71.46000014;-0.03540147
71.48000014;-0.03540147
71.50000014;-0.03540147
71.52000014;-0.03540147
71.54000014;-0.03540147
71.56000014;-0.03540147
71.58000014;-0.03540147
71.60000014;-0.03540147
71.62000014;-0.03540147
71.64000014;-0.03540147
71.66000014;-0.03540147
71.68000014;-0.03540147
71.70000014;-0.03540147
71.72000014;-0.03540147
71.74000014;-0.03540147
71.76000014;-0.03540147
71.78000014;-0.03540147
71.80000014;-0.03540147
71.82000014;-0.03540147
71.84000014;0.14099552
71.86000014;-0.03540147
71.88000014;-0.03540147
71.90000014;-0.03540147
71.92000014;-0.03540147
71.94000014;-0.03540147
71.96000014;-0.03540147
71.98000014;-0.03540147
72.00000014;-0.03540147
72.02000014;-0.03540147
72.04000014;-0.03540147
72.06000014;-0.03540147
72.08000014;-0.03540147
72.10000014;-0.03540147
72.12000014;-0.03540147
72.14000014;0.14099552
72.16000014;-0.03540147
72.18000014;-0.03540147
72.20000014;-0.03540147
72.22000014;-0.03540147
72.24000014;-0.03540147
72.26000014;-0.03540147
72.28000014;-0.03540147
72.30000014;-0.03540147
72.32000014;-0.03540147
72.34000014;-0.03540147
72.36000014;-0.03540147
72.38000014;-0.03540147
72.40000014;-0.03540147
72.42000014;-0.03540147
72.44000014;-0.03540147
72.46000014;-0.03540147
72.48000014;0.14099552
72.50000014;-0.03540147
72.52000014;-0.03540147
72.54000014;-0.03540147
72.56000014;-0.03540147
72.58000014;-0.03540147
72.60000014;-0.03540147
72.62000014;-0.03540147
72.64000014;-0.03540147
72.66000014;-0.03540147
72.68000014;-0.03540147
72.70000014;-0.03540147
72.72000014;-0.03540147
72.74000014;-0.03540147
72.76000014;-0.03540147
72.78000013;-0.03540147
72.80000013;-0.03540147
72.82000013;-0.03540147
72.84000013;-0.03540147
72.86000013;-0.03540147
72.88000013;-0.03540147
72.90000013;-0.03540147
72.92000013;-0.03540147
72.94000013;-0.03540147
72.96000013;-0.03540147
72.98000013;0.14099552
73.00000013;0.14099552
73.02000013;-0.03540147
73.04000013;-0.03540147
73.06000013;-0.03540147
73.08000013;-0.03540147
73.10000013;0.14099552
73.12000013;-0.03540147
73.14000013;0.14099552
73.16000013;-0.03540147
73.18000013;-0.03540147
73.20000013;-0.03540147
73.22000013;-0.03540147
73.24000013;0.14099552
73.26000013;-0.03540147
73.28000013;-0.03540147
73.30000013;-0.03540147
73.32000013;-0.03540147
73.34000013;-0.03540147
73.36000013;-0.03540147
73.38000013;-0.03540147
73.40000013;-0.03540147
73.42000013;0.14099552
73.44000013;-0.03540147
73.46000013;-0.03540147
73.48000013;-0.03540147
73.50000013;-0.03540147
73.52000013;-0.03540147
73.54000013;-0.03540147
73.56000013;-0.03540147
73.58000013;-0.03540147
73.60000013;-0.03540147
73.62000013;-0.03540147
73.64000013;-0.03540147
73.66000013;0.14099552
73.68000013;-0.03540147
73.70000013;-0.03540147
73.72000013;-0.03540147
73.74000013;-0.03540147
73.76000013;-0.03540147
73.78000013;-0.03540147
73.80000013;-0.03540147
73.82000013;-0.03540147
73.84000013;-0.03540147
73.86000013;-0.03540147
73.88000013;-0.03540147
73.90000013;-0.03540147
73.92000013;-0.03540147
73.94000013;0.14099552
73.96000013;-0.03540147
73.98000013;-0.03540147
74.00000013;-0.03540147
74.02000013;0.14099552
74.04000013;-0.03540147
74.06000013;-0.03540147
74.08000013;-0.03540147
74.10000013;0.14099552
74.12000013;0.14099552
74.14000013;-0.03540147
74.16000013;-0.03540147
74.18000013;-0.03540147
74.20000013;-0.03540147
74.22000013;-0.03540147
74.24000013;-0.03540147
74.26000013;-0.03540147
74.28000013;-0.03540147
74.30000013;-0.03540147
74.32000013;0.14099552
74.34000013;-0.03540147
74.36000013;-0.03540147
74.38000013;0.14099552
74.40000013;-0.03540147
74.42000013;-0.03540147
74.44000012;-0.03540147
74.46000012;-0.03540147
74.48000012;-0.03540147
74.50000012;-0.03540147
74.52000012;0.14099552
74.54000012;-0.03540147
74.56000012;-0.03540147
74.58000012;-0.03540147
74.60000012;-0.03540147
74.62000012;-0.03540147
74.64000012;-0.03540147
74.66000012;0.14099552
74.68000012;-0.03540147
74.70000012;-0.03540147
74.72000012;-0.03540147
74.74000012;-0.03540147
74.76000012;-0.03540147
74.78000012;-0.03540147
74.80000012;-0.03540147
74.82000012;-0.03540147
74.84000012;-0.03540147
74.86000012;-0.03540147
74.88000012;-0.03540147
74.90000012;-0.03540147
74.92000012;-0.03540147
74.94000012;-0.03540147
74.96000012;-0.03540147
74.98000012;-0.03540147
75.00000012;-0.03540147
75.02000012;-0.03540147
75.04000012;-0.03540147
75.06000012;-0.03540147
75.08000012;0.14099552
75.10000012;-0.03540147
75.12000012;-0.03540147
75.14000012;0.14099552
75.16000012;0.14099552
75.18000012;-0.03540147
75.20000012;-0.03540147
75.22000012;-0.03540147
75.24000012;-0.03540147
75.26000012;-0.03540147
75.28000012;0.14099552
75.30000012;-0.03540147
75.32000012;-0.03540147
75.34000012;0.14099552
75.36000012;-0.03540147
75.38000012;-0.03540147
75.40000012;-0.03540147
75.42000012;0.14099552
75.44000012;-0.03540147
75.46000012;-0.03540147
75.48000012;0.14099552
75.50000012;-0.03540147
75.52000012;-0.03540147
75.54000012;-0.03540147
75.56000012;-0.03540147
75.58000012;-0.03540147
75.60000012;-0.03540147
75.62000012;-0.03540147
75.64000012;-0.03540147
75.66000012;-0.03540147
75.68000012;-0.03540147
75.70000012;-0.03540147
75.72000012;-0.03540147
75.74000012;-0.03540147
75.76000012;-0.03540147
75.78000012;-0.03540147
75.80000012;-0.03540147
75.82000012;-0.03540147
75.84000012;-0.03540147
75.86000012;-0.03540147
75.88000012;-0.03540147
75.90000012;0.14099552
75.92000012;-0.03540147
75.94000012;-0.03540147
75.96000012;0.14099552
75.98000012;-0.03540147
76.00000012;-0.03540147
76.02000012;-0.03540147
76.04000012;-0.03540147
76.06000012;0.14099552
76.08000011;-0.03540147
76.10000011;-0.03540147
76.12000011;-0.03540147
76.14000011;-0.03540147
76.16000011;-0.03540147
76.18000011;-0.03540147
76.20000011;-0.03540147
76.22000011;-0.03540147
76.24000011;-0.03540147
76.26000011;-0.03540147
76.28000011;0.14099552
76.30000011;0.14099552
76.32000011;-0.03540147
76.34000011;-0.03540147
76.36000011;-0.03540147
76.38000011;-0.03540147
76.40000011;0.14099552
76.42000011;0.14099552
76.44000011;0.14099552
76.46000011;-0.03540147
76.48000011;-0.03540147
76.50000011;-0.03540147
76.52000011;-0.03540147
76.54000011;-0.03540147
76.56000011;-0.03540147
76.58000011;-0.03540147
76.60000011;-0.03540147
76.62000011;-0.03540147
76.64000011;-0.03540147
76.66000011;-0.03540147
76.68000011;-0.03540147
76.70000011;-0.03540147
76.72000011;-0.03540147
76.74000011;-0.03540147
76.76000011;-0.03540147
76.78000011;-0.03540147
76.80000011;-0.03540147
76.82000011;-0.03540147
76.84000011;-0.03540147
76.86000011;-0.03540147
76.88000011;-0.03540147
76.90000011;-0.03540147
76.92000011;-0.03540147
76.94000011;-0.03540147
76.96000011;-0.03540147
76.98000011;-0.03540147
77.00000011;-0.03540147
77.02000011;-0.03540147
77.04000011;-0.03540147
77.06000011;-0.03540147
77.08000011;-0.03540147
77.10000011;-0.03540147
77.12000011;-0.03540147
77.14000011;-0.03540147
77.16000011;-0.03540147
77.18000011;-0.03540147
77.20000011;-0.03540147
77.22000011;-0.03540147
77.24000011;-0.03540147
77.26000011;-0.03540147
77.28000011;-0.03540147
77.30000011;-0.03540147
77.32000011;-0.03540147
77.34000011;-0.03540147
77.36000011;-0.03540147
77.38000011;-0.03540147
77.40000011;-0.03540147
77.42000011;-0.03540147
77.44000011;0.14099552
77.46000011;-0.03540147
77.48000011;-0.03540147
77.50000011;-0.03540147
77.52000011;0.14099552
77.54000011;-0.03540147
77.56000011;-0.03540147
77.58000011;-0.03540147
77.60000011;0.14099552
77.62000011;-0.03540147
77.64000011;-0.03540147
77.66000011;-0.03540147
77.68000011;-0.03540147
77.70000011;-0.03540147
77.72000010;-0.03540147
77.74000010;-0.03540147
77.76000010;-0.03540147
77.78000010;-0.03540147
77.80000010;-0.03540147
77.82000010;-0.03540147
77.84000010;-0.03540147
77.86000010;-0.03540147
77.88000010;-0.03540147
77.90000010;-0.03540147
77.92000010;-0.03540147
77.94000010;-0.03540147
77.96000010;-0.03540147
77.98000010;-0.03540147
78.00000010;-0.03540147
78.02000010;-0.03540147
78.04000010;-0.03540147
78.06000010;0.14099552
78.08000010;-0.03540147
78.10000010;-0.03540147
78.12000010;-0.03540147
78.14000010;-0.03540147
78.16000010;-0.03540147
78.18000010;-0.03540147
78.20000010;-0.03540147
78.22000010;-0.03540147
78.24000010;-0.03540147
78.26000010;-0.03540147
78.28000010;-0.03540147
78.30000010;-0.03540147
78.32000010;-0.03540147
78.34000010;-0.03540147
78.36000010;-0.03540147
78.38000010;-0.03540147
78.40000010;-0.03540147
78.42000010;-0.03540147
78.44000010;-0.03540147
78.46000010;-0.03540147
78.48000010;-0.03540147
78.50000010;-0.03540147
78.52000010;-0.03540147
78.54000010;0.14099552
78.56000010;0.14099552
78.58000010;0.14099552
78.60000010;-0.03540147
78.62000010;-0.03540147
78.64000010;-0.03540147
78.66000010;-0.03540147
78.68000010;-0.03540147
78.70000010;0.14099552
78.72000010;-0.03540147
78.74000010;-0.03540147
78.76000010;-0.03540147
78.78000010;0.14099552
78.80000010;-0.03540147
78.82000010;-0.03540147
78.84000010;-0.03540147
78.86000010;-0.03540147
78.88000010;-0.03540147
78.90000010;-0.03540147
78.92000010;-0.03540147
78.94000010;-0.03540147
78.96000010;-0.03540147
78.98000010;-0.03540147
79.00000010;-0.03540147
79.02000010;-0.03540147
79.04000010;-0.03540147
79.06000010;-0.03540147
79.08000010;-0.03540147
79.10000010;-0.03540147
79.12000010;-0.03540147
79.14000010;-0.03540147
79.16000010;-0.03540147
79.18000010;-0.03540147
79.20000010;-0.03540147
79.22000010;-0.03540147
79.24000010;-0.03540147
79.26000010;-0.03540147
79.28000010;-0.03540147
79.30000010;-0.03540147
79.32000010;-0.03540147
79.34000010;-0.03540147
79.36000010;-0.03540147
79.38000009;-0.03540147
79.40000009;-0.03540147
79.42000009;-0.03540147
79.44000009;-0.03540147
79.46000009;-0.03540147
79.48000009;-0.03540147
79.50000009;-0.03540147
79.52000009;-0.03540147
79.54000009;0.14099552
79.56000009;-0.03540147
79.58000009;-0.03540147
79.60000009;-0.03540147
79.62000009;0.14099552
79.64000009;-0.03540147
79.66000009;-0.03540147
79.68000009;-0.03540147
79.70000009;-0.03540147
79.72000009;-0.03540147
79.74000009;0.14099552
79.76000009;-0.03540147
79.78000009;-0.03540147
79.80000009;-0.03540147
79.82000009;-0.03540147
79.84000009;-0.03540147
79.86000009;-0.03540147
79.88000009;-0.03540147
79.90000009;-0.03540147
79.92000009;-0.03540147
79.94000009;-0.03540147
79.96000009;-0.03540147
79.98000009;-0.03540147
80.00000009;-0.03540147
80.02000009;-0.03540147
80.04000009;0.14099552
80.06000009;-0.03540147
80.08000009;-0.03540147
80.10000009;-0.03540147
80.12000009;-0.03540147
80.14000009;-0.03540147
80.16000009;-0.03540147
80.18000009;-0.03540147
80.20000009;-0.03540147
80.22000009;-0.03540147
80.24000009;-0.03540147
80.26000009;-0.03540147
80.28000009;-0.03540147
80.30000009;-0.03540147
80.32000009;-0.03540147
80.34000009;0.14099552
80.36000009;-0.03540147
80.38000009;-0.03540147
80.40000009;-0.03540147
80.42000009;-0.03540147
80.44000009;-0.03540147
80.46000009;-0.03540147
80.48000009;-0.03540147
80.50000009;0.14099552
80.52000009;-0.03540147
80.54000009;-0.03540147
80.56000009;-0.03540147
80.58000009;-0.03540147
80.60000009;-0.03540147
80.62000009;-0.03540147
80.64000009;-0.03540147
80.66000009;-0.03540147
80.68000009;-0.03540147
80.70000009;0.14099552
80.72000009;-0.03540147
80.74000009;-0.03540147
80.76000009;-0.03540147
80.78000009;-0.03540147
80.80000009;0.14099552
80.82000009;-0.03540147
80.84000009;-0.03540147
80.86000009;-0.03540147
80.88000009;-0.03540147
80.90000009;-0.03540147
80.92000009;-0.03540147
80.94000009;-0.03540147
80.96000009;-0.03540147
80.98000009;-0.03540147
81.00000009;-0.03540147
81.02000008;-0.03540147
81.04000008;-0.03540147
81.06000008;-0.03540147
81.08000008;-0.03540147
81.10000008;-0.03540147
81.12000008;-0.03540147
81.14000008;-0.03540147
81.16000008;0.14099552
81.18000008;-0.03540147
81.20000008;-0.03540147
81.22000008;-0.03540147
81.24000008;-0.03540147
81.26000008;-0.03540147
81.28000008;0.14099552
81.30000008;-0.03540147
81.32000008;-0.03540147
81.34000008;-0.03540147
81.36000008;-0.03540147
81.38000008;-0.03540147
81.40000008;-0.03540147
81.42000008;0.14099552
81.44000008;-0.03540147
81.46000008;-0.03540147
81.48000008;-0.03540147
81.50000008;-0.03540147
81.52000008;0.14099552
81.54000008;-0.03540147
81.56000008;-0.03540147
81.58000008;-0.03540147
81.60000008;-0.03540147
81.62000008;-0.03540147
81.64000008;0.14099552
81.66000008;-0.03540147
81.68000008;-0.03540147
81.70000008;-0.03540147
81.72000008;-0.03540147
81.74000008;-0.03540147
81.76000008;-0.03540147
81.78000008;-0.03540147
81.80000008;-0.03540147
81.82000008;-0.03540147
81.84000008;-0.03540147
81.86000008;-0.03540147
81.88000008;-0.03540147
81.90000008;-0.03540147
81.92000008;-0.03540147
81.94000008;0.14099552
81.96000008;-0.03540147
81.98000008;0.14099552
82.00000008;-0.03540147
82.02000008;-0.03540147
82.04000008;-0.03540147
82.06000008;-0.03540147
82.08000008;-0.03540147
82.10000008;-0.03540147
82.12000008;0.14099552
82.14000008;-0.03540147
82.16000008;-0.03540147
82.18000008;-0.03540147
82.20000008;-0.03540147
82.22000008;-0.03540147
82.24000008;-0.03540147
82.26000008;0.14099552
82.28000008;-0.03540147
82.30000008;-0.03540147
82.32000008;-0.03540147
82.34000008;-0.03540147
82.36000008;-0.03540147
82.38000008;-0.03540147
82.40000008;-0.03540147
82.42000008;-0.03540147
82.44000008;-0.03540147
82.46000008;-0.03540147
82.48000008;-0.03540147
82.50000008;-0.03540147
82.52000008;0.14099552
82.54000008;-0.03540147
82.56000008;-0.03540147
82.58000008;-0.03540147
82.60000008;-0.03540147
82.62000008;-0.03540147
82.64000008;-0.03540147
82.66000007;-0.03540147
82.68000007;-0.03540147
82.70000007;-0.03540147
82.72000007;0.14099552
82.74000007;0.14099552
82.76000007;-0.03540147
82.78000007;-0.03540147
82.80000007;-0.03540147
82.82000007;-0.03540147
82.84000007;-0.03540147
82.86000007;-0.03540147
82.88000007;-0.03540147
82.90000007;-0.03540147
82.92000007;-0.03540147
82.94000007;-0.03540147
82.96000007;-0.03540147
82.98000007;-0.03540147
83.00000007;-0.03540147
83.02000007;-0.03540147
83.04000007;-0.03540147
83.06000007;-0.03540147
83.08000007;-0.03540147
83.10000007;-0.03540147
83.12000007;-0.03540147
83.14000007;-0.03540147
83.16000007;-0.03540147
83.18000007;-0.03540147
83.20000007;-0.03540147
83.22000007;-0.03540147
83.24000007;-0.03540147
83.26000007;-0.03540147
83.28000007;-0.03540147
83.30000007;-0.03540147
83.32000007;-0.03540147
83.34000007;-0.03540147
83.36000007;-0.03540147
83.38000007;-0.03540147
83.40000007;-0.03540147
83.42000007;-0.03540147
83.44000007;-0.03540147
83.46000007;0.14099552
83.48000007;-0.03540147
83.50000007;-0.03540147
83.52000007;-0.03540147
83.54000007;-0.03540147
83.56000007;-0.03540147
83.58000007;0.14099552
83.60000007;-0.03540147
83.62000007;-0.03540147
83.64000007;0.14099552
83.66000007;-0.03540147
83.68000007;-0.03540147
83.70000007;0.14099552
83.72000007;-0.03540147
83.74000007;-0.03540147
83.76000007;0.14099552
83.78000007;-0.03540147
83.80000007;0.14099552
83.82000007;-0.03540147
83.84000007;-0.03540147
83.86000007;-0.03540147
83.88000007;-0.03540147
83.90000007;-0.03540147
83.92000007;-0.03540147
83.94000007;-0.03540147
83.96000007;-0.03540147
83.98000007;-0.03540147
84.00000007;-0.03540147
