-16.05999933;11.61107254
-16.03999933;11.61107254
-16.01999933;11.61107254
-15.99999933;11.43467522
-15.97999933;11.43467522
-15.95999933;11.61107254
-15.93999933;11.43467522
-15.91999933;11.61107254
-15.89999933;11.61107254
-15.87999933;11.61107254
-15.85999933;11.43467522
-15.83999933;11.61107254
-15.81999933;11.43467522
-15.79999933;11.61107254
-15.77999933;11.61107254
-15.75999933;11.43467522
-15.73999933;11.61107254
-15.71999933;11.43467522
-15.69999933;11.43467522
-15.67999933;11.43467522
-15.65999933;11.61107254
-15.63999933;11.43467522
-15.61999933;11.61107254
-15.59999933;11.61107254
-15.57999933;11.43467522
-15.55999933;11.61107254
-15.53999933;11.43467522
-15.51999933;11.43467522
-15.49999933;11.43467522
-15.47999933;11.61107254
-15.45999933;11.61107254
-15.43999933;11.43467522
-15.41999933;11.61107254
-15.39999933;11.43467522
-15.37999933;11.43467522
-15.35999933;11.43467522
-15.33999933;11.43467522
-15.31999933;11.61107254
-15.29999933;11.43467522
-15.27999933;11.43467522
-15.25999933;11.43467522
-15.23999933;11.61107254
-15.21999933;11.43467522
-15.19999933;11.61107254
-15.17999933;11.43467522
-15.15999933;11.43467522
-15.13999933;11.43467522
-15.11999933;11.43467522
-15.09999933;11.43467522
-15.07999933;11.61107254
-15.05999933;11.61107254
-15.03999933;11.43467522
-15.01999933;11.61107254
-14.99999933;11.43467522
-14.97999933;11.43467522
-14.95999933;11.43467522
-14.93999933;11.43467522
-14.91999933;11.61107254
-14.89999933;11.43467522
-14.87999933;11.61107254
-14.85999933;11.43467522
-14.83999933;11.61107254
-14.81999933;11.43467522
-14.79999933;11.43467522
-14.77999933;11.43467522
-14.75999933;11.43467522
-14.73999933;11.61107254
-14.71999933;11.43467522
-14.69999933;11.43467522
-14.67999933;11.43467522
-14.65999933;11.61107254
-14.63999933;11.43467522
-14.61999933;11.61107254
-14.59999933;11.43467522
-14.57999933;11.61107254
-14.55999933;11.43467522
-14.53999933;11.61107254
-14.51999933;11.61107254
-14.49999933;11.43467522
-14.47999933;11.61107254
-14.45999933;11.61107254
-14.43999933;11.43467522
-14.41999934;11.43467522
-14.39999934;11.43467522
-14.37999934;11.43467522
-14.35999934;11.61107254
-14.33999934;11.61107254
-14.31999934;11.61107254
-14.29999934;11.43467522
-14.27999934;11.43467522
-14.25999934;11.43467522
-14.23999934;11.43467522
-14.21999934;11.43467522
-14.19999934;11.43467522
-14.17999934;11.43467522
-14.15999934;11.61107254
-14.13999934;11.61107254
-14.11999934;11.43467522
-14.09999934;11.43467522
-14.07999934;11.61107254
-14.05999934;11.43467522
-14.03999934;11.61107254
-14.01999934;11.61107254
-13.99999934;11.61107254
-13.97999934;11.61107254
-13.95999934;11.61107254
-13.93999934;11.43467522
-13.91999934;11.61107254
-13.89999934;11.43467522
-13.87999934;11.61107254
-13.85999934;11.61107254
-13.83999934;11.43467522
-13.81999934;11.61107254
-13.79999934;11.61107254
-13.77999934;11.43467522
-13.75999934;11.61107254
-13.73999934;11.43467522
-13.71999934;11.43467522
-13.69999934;11.43467522
-13.67999934;11.43467522
-13.65999934;11.43467522
-13.63999934;11.61107254
-13.61999934;11.43467522
-13.59999934;11.61107254
-13.57999934;11.43467522
-13.55999934;11.43467522
-13.53999934;11.61107254
-13.51999934;11.43467522
-13.49999934;11.43467522
-13.47999934;11.61107254
-13.45999934;11.61107254
-13.43999934;11.43467522
-13.41999934;11.43467522
-13.39999934;11.61107254
-13.37999934;11.43467522
-13.35999934;11.61107254
-13.33999934;11.43467522
-13.31999934;11.43467522
-13.29999934;11.61107254
-13.27999934;11.61107254
-13.25999934;11.43467522
-13.23999934;11.43467522
-13.21999934;11.43467522
-13.19999934;11.61107254
-13.17999934;11.43467522
-13.15999934;11.43467522
-13.13999934;11.43467522
-13.11999934;11.61107254
-13.09999934;11.61107254
-13.07999934;11.43467522
-13.05999934;11.43467522
-13.03999934;11.61107254
-13.01999934;11.43467522
-12.99999934;11.61107254
-12.97999934;11.61107254
-12.95999934;11.61107254
-12.93999934;11.43467522
-12.91999934;11.43467522
-12.89999934;11.61107254
-12.87999934;11.43467522
-12.85999934;11.43467522
-12.83999934;11.43467522
-12.81999934;11.43467522
-12.79999934;11.43467522
-12.77999935;11.61107254
-12.75999935;11.61107254
-12.73999935;11.61107254
-12.71999935;11.61107254
-12.69999935;11.43467522
-12.67999935;11.43467522
-12.65999935;11.43467522
-12.63999935;11.43467522
-12.61999935;11.43467522
-12.59999935;11.43467522
-12.57999935;11.61107254
-12.55999935;11.61107254
-12.53999935;11.61107254
-12.51999935;11.43467522
-12.49999935;11.43467522
-12.47999935;11.43467522
-12.45999935;11.61107254
-12.43999935;11.43467522
-12.41999935;11.43467522
-12.39999935;11.43467522
-12.37999935;11.43467522
-12.35999935;11.61107254
-12.33999935;11.43467522
-12.31999935;11.61107254
-12.29999935;11.43467522
-12.27999935;11.61107254
-12.25999935;11.61107254
-12.23999935;11.43467522
-12.21999935;11.43467522
-12.19999935;11.61107254
-12.17999935;11.61107254
-12.15999935;11.43467522
-12.13999935;11.43467522
-12.11999935;11.43467522
-12.09999935;11.43467522
-12.07999935;11.61107254
-12.05999935;11.61107254
-12.03999935;11.43467522
-12.01999935;11.43467522
-11.99999935;11.43467522
-11.97999935;11.61107254
-11.95999935;11.61107254
-11.93999935;11.43467522
-11.91999935;11.43467522
-11.89999935;11.43467522
-11.87999935;11.43467522
-11.85999935;11.61107254
-11.83999935;11.43467522
-11.81999935;11.43467522
-11.79999935;11.43467522
-11.77999935;11.43467522
-11.75999935;11.61107254
-11.73999935;11.61107254
-11.71999935;11.43467522
-11.69999935;11.61107254
-11.67999935;11.43467522
-11.65999935;11.43467522
-11.63999935;11.61107254
-11.61999935;11.43467522
-11.59999935;11.61107254
-11.57999935;11.43467522
-11.55999935;11.61107254
-11.53999935;11.43467522
-11.51999935;11.61107254
-11.49999935;11.43467522
-11.47999935;11.43467522
-11.45999935;11.43467522
-11.43999935;11.43467522
-11.41999935;11.43467522
-11.39999935;11.43467522
-11.37999935;11.61107254
-11.35999935;11.61107254
-11.33999935;11.61107254
-11.31999935;11.61107254
-11.29999935;11.61107254
-11.27999935;11.43467522
-11.25999935;11.43467522
-11.23999935;11.61107254
-11.21999935;11.43467522
-11.19999935;11.43467522
-11.17999935;11.43467522
-11.15999935;11.61107254
-11.13999935;11.61107254
-11.11999936;11.43467522
-11.09999936;11.43467522
-11.07999936;11.61107254
-11.05999936;11.43467522
-11.03999936;11.61107254
-11.01999936;11.43467522
-10.99999936;11.43467522
-10.97999936;11.43467522
-10.95999936;11.43467522
-10.93999936;11.43467522
-10.91999936;11.43467522
-10.89999936;11.43467522
-10.87999936;11.43467522
-10.85999936;11.43467522
-10.83999936;11.61107254
-10.81999936;11.61107254
-10.79999936;11.43467522
-10.77999936;11.61107254
-10.75999936;11.61107254
-10.73999936;11.43467522
-10.71999936;11.43467522
-10.69999936;11.43467522
-10.67999936;11.43467522
-10.65999936;11.61107254
-10.63999936;11.43467522
-10.61999936;11.43467522
-10.59999936;11.61107254
-10.57999936;11.43467522
-10.55999936;11.43467522
-10.53999936;11.43467522
-10.51999936;11.61107254
-10.49999936;11.43467522
-10.47999936;11.43467522
-10.45999936;11.43467522
-10.43999936;11.61107254
-10.41999936;11.61107254
-10.39999936;11.43467522
-10.37999936;11.43467522
-10.35999936;11.43467522
-10.33999936;11.43467522
-10.31999936;11.61107254
-10.29999936;11.61107254
-10.27999936;11.43467522
-10.25999936;11.43467522
-10.23999936;11.43467522
-10.21999936;11.61107254
-10.19999936;11.61107254
-10.17999936;11.43467522
-10.15999936;11.43467522
-10.13999936;11.61107254
-10.11999936;11.43467522
-10.09999936;11.08188152
-10.07999936;10.90548420
-10.05999936;11.43467522
-10.03999936;11.78807926
-10.01999936;11.61107254
-9.99999936;11.43467522
-9.97999936;11.61107254
-9.95999936;11.61107254
-9.93999936;11.43467522
-9.91999936;11.43467522
-9.89999936;11.61107254
-9.87999936;11.61107254
-9.85999936;11.61107254
-9.83999936;11.61107254
-9.81999936;11.61107254
-9.79999936;11.61107254
-9.77999936;11.61107254
-9.75999936;11.61107254
-9.73999936;11.61107254
-9.71999936;11.61107254
-9.69999936;11.43467522
-9.67999936;11.43467522
-9.65999936;11.43467522
-9.63999936;11.43467522
-9.61999936;11.43467522
-9.59999936;11.61107254
-9.57999936;11.43467522
-9.55999936;11.61107254
-9.53999936;11.61107254
-9.51999936;11.43467522
-9.49999936;11.61107254
-9.47999937;11.43467522
-9.45999937;11.43467522
-9.43999937;11.61107254
-9.41999937;11.61107254
-9.39999937;10.90548420
-9.37999937;11.08188152
-9.35999937;11.96447659
-9.33999937;11.96447659
-9.31999937;11.08188152
-9.29999937;11.08188152
-9.27999937;11.96447659
-9.25999937;11.61107254
-9.23999937;11.25827789
-9.21999937;11.61107254
-9.19999937;11.61107254
-9.17999937;11.43467522
-9.15999937;11.61107254
-9.13999937;11.61107254
-9.11999937;11.25827789
-9.09999937;11.61107254
-9.07999937;11.61107254
-9.05999937;11.43467522
-9.03999937;11.43467522
-9.01999937;11.61107254
-8.99999937;11.43467522
-8.97999937;11.61107254
-8.95999937;11.61107254
-8.93999937;11.43467522
-8.91999937;11.43467522
-8.89999937;11.61107254
-8.87999937;11.43467522
-8.85999937;11.43467522
-8.83999937;11.61107254
-8.81999937;11.61107254
-8.79999937;11.43467522
-8.77999937;11.61107254
-8.75999937;11.43467522
-8.73999937;11.61107254
-8.71999937;11.61107254
-8.69999937;11.61107254
-8.67999937;11.43467522
-8.65999937;11.61107254
-8.63999937;11.61107254
-8.61999937;11.43467522
-8.59999937;11.43467522
-8.57999937;11.43467522
-8.55999937;11.43467522
-8.53999937;11.43467522
-8.51999937;11.43467522
-8.49999937;11.43467522
-8.47999937;11.43467522
-8.45999937;11.61107254
-8.43999937;11.43467522
-8.41999937;11.43467522
-8.39999937;11.43467522
-8.37999937;11.61107254
-8.35999937;11.43467522
-8.33999937;11.43467522
-8.31999937;11.43467522
-8.29999937;11.43467522
-8.27999937;11.43467522
-8.25999937;11.43467522
-8.23999937;11.43467522
-8.21999937;11.43467522
-8.19999937;11.61107254
-8.17999937;11.43467522
-8.15999937;11.43467522
-8.13999937;11.43467522
-8.11999937;11.43467522
-8.09999937;11.43467522
-8.07999937;11.43467522
-8.05999937;11.43467522
-8.03999937;11.43467522
-8.01999937;11.43467522
-7.99999937;11.43467522
-7.97999937;11.43467522
-7.95999937;11.61107254
-7.93999937;11.61107254
-7.91999937;11.43467522
-7.89999937;11.61107254
-7.87999937;11.61107254
-7.85999937;11.61107254
-7.83999938;11.61107254
-7.81999938;11.43467522
-7.79999938;11.43467522
-7.77999938;11.43467522
-7.75999938;11.43467522
-7.73999938;11.43467522
-7.71999938;11.43467522
-7.69999938;11.43467522
-7.67999938;11.61107254
-7.65999938;11.61107254
-7.63999938;11.43467522
-7.61999938;11.61107254
-7.59999938;11.43467522
-7.57999938;11.61107254
-7.55999938;11.61107254
-7.53999938;11.43467522
-7.51999938;11.61107254
-7.49999938;11.43467522
-7.47999938;11.43467522
-7.45999938;11.43467522
-7.43999938;11.61107254
-7.41999938;11.43467522
-7.39999938;11.43467522
-7.37999938;11.43467522
-7.35999938;11.43467522
-7.33999938;11.43467522
-7.31999938;11.61107254
-7.29999938;11.43467522
-7.27999938;11.43467522
-7.25999938;11.43467522
-7.23999938;11.43467522
-7.21999938;11.43467522
-7.19999938;11.61107254
-7.17999938;11.43467522
-7.15999938;11.61107254
-7.13999938;11.43467522
-7.11999938;11.61107254
-7.09999938;11.43467522
-7.07999938;11.61107254
-7.05999938;11.61107254
-7.03999938;11.61107254
-7.01999938;11.43467522
-6.99999938;11.61107254
-6.97999938;11.61107254
-6.95999938;11.43467522
-6.93999938;11.43467522
-6.91999938;11.43467522
-6.89999938;11.43467522
-6.87999938;11.43467522
-6.85999938;11.43467522
-6.83999938;11.43467522
-6.81999938;11.43467522
-6.79999938;11.61107254
-6.77999938;11.43467522
-6.75999938;11.61107254
-6.73999938;11.61107254
-6.71999938;11.43467522
-6.69999938;11.61107254
-6.67999938;11.43467522
-6.65999938;11.43467522
-6.63999938;11.43467522
-6.61999938;11.61107254
-6.59999938;11.43467522
-6.57999938;11.61107254
-6.55999938;11.61107254
-6.53999938;11.43467522
-6.51999938;11.43467522
-6.49999938;11.43467522
-6.47999938;11.43467522
-6.45999938;11.43467522
-6.43999938;11.43467522
-6.41999938;11.43467522
-6.39999938;11.43467522
-6.37999938;11.43467522
-6.35999938;11.61107254
-6.33999938;11.43467522
-6.31999938;11.43467522
-6.29999938;11.43467522
-6.27999938;11.61107254
-6.25999938;11.43467522
-6.23999938;11.43467522
-6.21999938;11.61107254
-6.19999939;11.43467522
-6.17999939;11.61107254
-6.15999939;11.43467522
-6.13999939;11.43467522
-6.11999939;11.61107254
-6.09999939;11.43467522
-6.07999939;11.43467522
-6.05999939;11.61107254
-6.03999939;11.61107254
-6.01999939;11.61107254
-5.99999939;11.43467522
-5.97999939;11.61107254
-5.95999939;11.43467522
-5.93999939;11.43467522
-5.91999939;11.43467522
-5.89999939;11.61107254
-5.87999939;11.61107254
-5.85999939;11.61107254
-5.83999939;11.43467522
-5.81999939;11.61107254
-5.79999939;11.43467522
-5.77999939;11.43467522
-5.75999939;11.43467522
-5.73999939;11.43467522
-5.71999939;11.61107254
-5.69999939;11.61107254
-5.67999939;11.43467522
-5.65999939;11.43467522
-5.63999939;11.61107254
-5.61999939;11.61107254
-5.59999939;11.43467522
-5.57999939;11.61107254
-5.55999939;11.43467522
-5.53999939;11.61107254
-5.51999939;11.43467522
-5.49999939;11.43467522
-5.47999939;11.43467522
-5.45999939;11.43467522
-5.43999939;11.43467522
-5.41999939;11.43467522
-5.39999939;11.43467522
-5.37999939;11.43467522
-5.35999939;11.43467522
-5.33999939;11.61107254
-5.31999939;11.61107254
-5.29999939;11.43467522
-5.27999939;11.43467522
-5.25999939;11.43467522
-5.23999939;11.61107254
-5.21999939;11.61107254
-5.19999939;11.43467522
-5.17999939;11.61107254
-5.15999939;11.43467522
-5.13999939;11.43467522
-5.11999939;11.43467522
-5.09999939;11.43467522
-5.07999939;11.61107254
-5.05999939;11.61107254
-5.03999939;11.61107254
-5.01999939;11.61107254
-4.99999939;11.43467522
-4.97999939;11.61107254
-4.95999939;11.43467522
-4.93999939;11.61107254
-4.91999939;11.43467522
-4.89999939;11.43467522
-4.87999939;11.43467522
-4.85999939;11.61107254
-4.83999939;11.43467522
-4.81999939;11.61107254
-4.79999939;11.43467522
-4.77999939;11.43467522
-4.75999939;11.43467522
-4.73999939;11.61107254
-4.71999939;11.43467522
-4.69999939;11.61107254
-4.67999939;11.43467522
-4.65999939;11.43467522
-4.63999939;11.61107254
-4.61999939;11.43467522
-4.59999939;11.43467522
-4.57999939;11.61107254
-4.55999939;11.43467522
-4.53999940;11.61107254
-4.51999940;11.43467522
-4.49999940;11.61107254
-4.47999940;11.43467522
-4.45999940;11.61107254
-4.43999940;11.43467522
-4.41999940;11.43467522
-4.39999940;11.43467522
-4.37999940;11.61107254
-4.35999940;11.61107254
-4.33999940;11.43467522
-4.31999940;11.43467522
-4.29999940;11.43467522
-4.27999940;11.61107254
-4.25999940;11.43467522
-4.23999940;11.61107254
-4.21999940;11.61107254
-4.19999940;11.43467522
-4.17999940;11.61107254
-4.15999940;11.43467522
-4.13999940;11.61107254
-4.11999940;11.61107254
-4.09999940;11.61107254
-4.07999940;11.61107254
-4.05999940;11.61107254
-4.03999940;11.61107254
-4.01999940;11.43467522
-3.99999940;11.43467522
-3.97999940;11.43467522
-3.95999940;11.61107254
-3.93999940;11.43467522
-3.91999940;11.61107254
-3.89999940;11.43467522
-3.87999940;11.43467522
-3.85999940;11.61107254
-3.83999940;11.43467522
-3.81999940;11.61107254
-3.79999940;11.61107254
-3.77999940;11.61107254
-3.75999940;11.43467522
-3.73999940;11.61107254
-3.71999940;11.61107254
-3.69999940;11.43467522
-3.67999940;11.43467522
-3.65999940;11.61107254
-3.63999940;11.61107254
-3.61999940;11.61107254
-3.59999940;11.61107254
-3.57999940;11.43467522
-3.55999940;11.61107254
-3.53999940;11.43467522
-3.51999940;11.61107254
-3.49999940;11.43467522
-3.47999940;11.61107254
-3.45999940;11.43467522
-3.43999940;11.61107254
-3.41999940;11.43467522
-3.39999940;11.61107254
-3.37999940;11.43467522
-3.35999940;11.43467522
-3.33999940;11.43467522
-3.31999940;11.43467522
-3.29999940;11.43467522
-3.27999940;11.43467522
-3.25999940;11.43467522
-3.23999940;11.43467522
-3.21999940;11.61107254
-3.19999940;11.43467522
-3.17999940;11.43467522
-3.15999940;11.61107254
-3.13999940;11.43467522
-3.11999940;11.61107254
-3.09999940;11.43467522
-3.07999940;11.61107254
-3.05999940;11.43467522
-3.03999940;11.43467522
-3.01999940;11.43467522
-2.99999940;11.61107254
-2.97999940;11.43467522
-2.95999940;11.43467522
-2.93999940;11.61107254
-2.91999940;11.43467522
-2.89999941;11.43467522
-2.87999941;11.43467522
-2.85999941;11.43467522
-2.83999941;11.43467522
-2.81999941;11.61107254
-2.79999941;11.61107254
-2.77999941;11.43467522
-2.75999941;11.43467522
-2.73999941;11.43467522
-2.71999941;11.43467522
-2.69999941;11.43467522
-2.67999941;11.43467522
-2.65999941;11.43467522
-2.63999941;11.43467522
-2.61999941;11.61107254
-2.59999941;11.43467522
-2.57999941;11.43467522
-2.55999941;11.43467522
-2.53999941;11.61107254
-2.51999941;11.43467522
-2.49999941;11.61107254
-2.47999941;11.43467522
-2.45999941;11.61107254
-2.43999941;11.43467522
-2.41999941;11.43467522
-2.39999941;11.43467522
-2.37999941;11.61107254
-2.35999941;11.43467522
-2.33999941;11.43467522
-2.31999941;11.43467522
-2.29999941;11.43467522
-2.27999941;11.61107254
-2.25999941;11.43467522
-2.23999941;11.43467522
-2.21999941;11.61107254
-2.19999941;11.43467522
-2.17999941;11.43467522
-2.15999941;11.43467522
-2.13999941;11.43467522
-2.11999941;11.43467522
-2.09999941;11.43467522
-2.07999941;11.43467522
-2.05999941;11.43467522
-2.03999941;11.43467522
-2.01999941;11.61107254
-1.99999941;11.43467522
-1.97999941;11.61107254
-1.95999941;11.43467522
-1.93999941;11.61107254
-1.91999941;11.61107254
-1.89999941;11.61107254
-1.87999941;11.43467522
-1.85999941;11.43467522
-1.83999941;11.61107254
-1.81999941;11.43467522
-1.79999941;11.43467522
-1.77999941;11.43467522
-1.75999941;11.43467522
-1.73999941;11.43467522
-1.71999941;11.43467522
-1.69999941;11.43467522
-1.67999941;11.61107254
-1.65999941;11.43467522
-1.63999941;11.43467522
-1.61999941;11.43467522
-1.59999941;11.43467522
-1.57999941;11.61107254
-1.55999941;11.61107254
-1.53999941;11.43467522
-1.51999941;11.61107254
-1.49999941;11.43467522
-1.47999941;11.61107254
-1.45999941;11.43467522
-1.43999941;11.43467522
-1.41999941;11.43467522
-1.39999941;11.61107254
-1.37999941;11.61107254
-1.35999941;11.61107254
-1.33999941;11.61107254
-1.31999941;11.43467522
-1.29999941;11.61107254
-1.27999941;11.43467522
-1.25999942;11.43467522
-1.23999942;11.61107254
-1.21999942;11.43467522
-1.19999942;11.43467522
-1.17999942;11.43467522
-1.15999942;11.43467522
-1.13999942;11.61107254
-1.11999942;11.61107254
-1.09999942;11.43467522
-1.07999942;11.61107254
-1.05999942;11.43467522
-1.03999942;11.43467522
-1.01999942;11.43467522
-0.99999942;11.43467522
-0.97999942;11.61107254
-0.95999942;11.43467522
-0.93999942;11.43467522
-0.91999942;11.43467522
-0.89999942;11.61107254
-0.87999942;11.43467522
-0.85999942;11.43467522
-0.83999942;11.43467522
-0.81999942;11.61107254
-0.79999942;11.43467522
-0.77999942;11.43467522
-0.75999942;11.43467522
-0.73999942;11.61107254
-0.71999942;11.43467522
-0.69999942;11.43467522
-0.67999942;11.61107254
-0.65999942;11.61107254
-0.63999942;11.43467522
-0.61999942;11.43467522
-0.59999942;11.61107254
-0.57999942;11.43467522
-0.55999942;11.43467522
-0.53999942;11.61107254
-0.51999942;11.61107254
-0.49999942;11.43467522
-0.47999942;11.43467522
-0.45999942;11.43467522
-0.43999942;11.61107254
-0.41999942;11.43467522
-0.39999942;11.43467522
-0.37999942;11.43467522
-0.35999942;11.43467522
-0.33999942;11.43467522
-0.31999942;11.43467522
-0.29999942;11.43467522
-0.27999942;11.43467522
-0.25999942;11.43467522
-0.23999942;11.43467522
-0.21999942;11.43467522
-0.19999942;11.61107254
-0.17999942;11.43467522
-0.15999942;11.61107254
-0.13999942;11.61107254
-0.11999942;11.43467522
-0.09999942;11.43467522
-0.07999942;11.61107254
-0.05999942;11.61107254
-0.03999942;11.78807926
-0.01999942;10.90548420
0.00000058;11.08188152
0.02000058;11.96447659
0.04000058;11.96447659
0.06000058;10.90548420
0.08000058;11.43467522
0.10000058;11.78807926
0.12000058;11.25827789
0.14000058;11.43467522
0.16000058;11.43467522
0.18000058;11.25827789
0.20000058;11.61107254
0.22000058;11.61107254
0.24000058;11.25827789
0.26000058;11.43467522
0.28000058;11.61107254
0.30000058;11.43467522
0.32000058;11.43467522
0.34000058;11.43467522
0.36000058;11.25827789
0.38000058;11.43467522
0.40000057;11.61107254
0.42000057;11.43467522
0.44000057;11.43467522
0.46000057;11.43467522
0.48000057;11.43467522
0.50000057;11.43467522
0.52000057;11.43467522
0.54000057;11.43467522
0.56000057;11.43467522
0.58000057;11.43467522
0.60000057;11.43467522
0.62000057;11.43467522
0.64000057;11.43467522
0.66000057;11.43467522
0.68000057;11.43467522
0.70000057;11.61107254
0.72000057;11.43467522
0.74000057;11.43467522
0.76000057;11.43467522
0.78000057;11.43467522
0.80000057;11.43467522
0.82000057;11.43467522
0.84000057;11.43467522
0.86000057;11.43467522
0.88000057;11.43467522
0.90000057;11.43467522
0.92000057;11.43467522
0.94000057;11.43467522
0.96000057;11.43467522
0.98000057;11.43467522
1.00000057;11.43467522
1.02000057;11.43467522
1.04000057;11.43467522
1.06000057;11.43467522
1.08000057;11.43467522
1.10000057;11.43467522
1.12000057;11.43467522
1.14000057;11.43467522
1.16000057;11.43467522
1.18000057;11.43467522
1.20000057;11.43467522
1.22000057;11.43467522
1.24000057;11.43467522
1.26000057;11.43467522
1.28000057;11.43467522
1.30000057;11.61107254
1.32000057;11.43467522
1.34000057;11.43467522
1.36000057;11.43467522
1.38000057;11.43467522
1.40000057;11.43467522
1.42000057;11.43467522
1.44000057;11.61107254
1.46000057;11.43467522
1.48000057;11.43467522
1.50000057;11.43467522
1.52000057;11.61107254
1.54000057;11.43467522
1.56000057;11.43467522
1.58000057;11.43467522
1.60000057;11.43467522
1.62000057;11.43467522
1.64000057;11.43467522
1.66000057;11.43467522
1.68000057;11.43467522
1.70000057;11.43467522
1.72000057;11.43467522
1.74000057;11.43467522
1.76000057;11.43467522
1.78000057;11.43467522
1.80000057;11.43467522
1.82000057;11.43467522
1.84000057;11.61107254
1.86000057;11.43467522
1.88000057;11.43467522
1.90000057;11.43467522
1.92000057;11.43467522
1.94000057;11.43467522
1.96000057;11.43467522
1.98000057;11.43467522
2.00000057;11.43467522
2.02000057;11.43467522
2.04000056;11.43467522
2.06000056;11.43467522
2.08000056;11.43467522
2.10000056;11.43467522
2.12000056;11.43467522
2.14000056;11.43467522
2.16000056;11.61107254
2.18000056;11.43467522
2.20000056;11.61107254
2.22000056;11.43467522
2.24000056;11.43467522
2.26000056;11.43467522
2.28000056;11.43467522
2.30000056;11.43467522
2.32000056;11.43467522
2.34000056;11.43467522
2.36000056;11.43467522
2.38000056;11.43467522
2.40000056;11.43467522
2.42000056;11.43467522
2.44000056;11.43467522
2.46000056;11.43467522
2.48000056;11.43467522
2.50000056;11.43467522
2.52000056;11.43467522
2.54000056;11.43467522
2.56000056;11.43467522
2.58000056;11.43467522
2.60000056;11.43467522
2.62000056;11.43467522
2.64000056;11.43467522
2.66000056;11.61107254
2.68000056;11.61107254
2.70000056;11.43467522
2.72000056;11.43467522
2.74000056;11.43467522
2.76000056;11.61107254
2.78000056;11.43467522
2.80000056;11.43467522
2.82000056;11.43467522
2.84000056;11.43467522
2.86000056;11.43467522
2.88000056;11.43467522
2.90000056;11.43467522
2.92000056;11.43467522
2.94000056;11.43467522
2.96000056;11.43467522
2.98000056;11.61107254
3.00000056;11.61107254
3.02000056;11.43467522
3.04000056;11.61107254
3.06000056;11.43467522
3.08000056;11.61107254
3.10000056;11.43467522
3.12000056;11.43467522
3.14000056;11.43467522
3.16000056;11.61107254
3.18000056;11.43467522
3.20000056;11.43467522
3.22000056;11.43467522
3.24000056;11.61107254
3.26000056;11.43467522
3.28000056;11.61107254
3.30000056;11.61107254
3.32000056;11.43467522
3.34000056;11.43467522
3.36000056;11.43467522
3.38000056;11.43467522
3.40000056;11.43467522
3.42000056;11.43467522
3.44000056;11.43467522
3.46000056;11.43467522
3.48000056;11.61107254
3.50000056;11.61107254
3.52000056;11.61107254
3.54000056;11.61107254
3.56000056;11.43467522
3.58000056;11.43467522
3.60000056;11.43467522
3.62000056;11.61107254
3.64000056;11.61107254
3.66000056;11.61107254
3.68000055;11.61107254
3.70000055;11.61107254
3.72000055;11.43467522
3.74000055;11.43467522
3.76000055;11.43467522
3.78000055;11.43467522
3.80000055;11.43467522
3.82000055;11.43467522
3.84000055;11.43467522
3.86000055;11.43467522
3.88000055;11.61107254
3.90000055;11.61107254
3.92000055;11.43467522
3.94000055;11.43467522
3.96000055;11.61107254
3.98000055;11.43467522
4.00000055;11.43467522
4.02000055;11.43467522
4.04000055;11.43467522
4.06000055;11.61107254
4.08000055;11.43467522
4.10000055;11.61107254
4.12000055;11.43467522
4.14000055;11.43467522
4.16000055;11.43467522
4.18000055;11.43467522
4.20000055;11.43467522
4.22000055;11.43467522
4.24000055;11.61107254
4.26000055;11.43467522
4.28000055;11.43467522
4.30000055;11.43467522
4.32000055;11.43467522
4.34000055;11.43467522
4.36000055;11.61107254
4.38000055;11.43467522
4.40000055;11.43467522
4.42000055;11.43467522
4.44000055;11.61107254
4.46000055;11.43467522
4.48000055;11.61107254
4.50000055;11.43467522
4.52000055;11.43467522
4.54000055;11.43467522
4.56000055;11.61107254
4.58000055;11.61107254
4.60000055;11.43467522
4.62000055;11.43467522
4.64000055;11.43467522
4.66000055;11.43467522
4.68000055;11.61107254
4.70000055;11.61107254
4.72000055;11.61107254
4.74000055;11.43467522
4.76000055;11.43467522
4.78000055;11.43467522
4.80000055;11.61107254
4.82000055;11.43467522
4.84000055;11.43467522
4.86000055;11.61107254
4.88000055;11.43467522
4.90000055;11.43467522
4.92000055;11.61107254
4.94000055;11.43467522
4.96000055;11.43467522
4.98000055;11.43467522
5.00000055;11.61107254
5.02000055;11.61107254
5.04000055;11.43467522
5.06000055;11.43467522
5.08000055;11.61107254
5.10000055;11.43467522
5.12000055;11.43467522
5.14000055;11.43467522
5.16000055;11.43467522
5.18000055;11.43467522
5.20000055;11.61107254
5.22000055;11.61107254
5.24000055;11.43467522
5.26000055;11.61107254
5.28000055;11.61107254
5.30000055;11.61107254
5.32000054;11.43467522
5.34000054;11.61107254
5.36000054;11.61107254
5.38000054;11.61107254
5.40000054;11.61107254
5.42000054;11.43467522
5.44000054;11.43467522
5.46000054;11.43467522
5.48000054;11.43467522
5.50000054;11.61107254
5.52000054;11.43467522
5.54000054;11.43467522
5.56000054;11.43467522
5.58000054;11.43467522
5.60000054;11.43467522
5.62000054;11.61107254
5.64000054;11.43467522
5.66000054;11.43467522
5.68000054;11.43467522
5.70000054;11.43467522
5.72000054;11.43467522
5.74000054;11.43467522
5.76000054;11.43467522
5.78000054;11.61107254
5.80000054;11.43467522
5.82000054;11.43467522
5.84000054;11.61107254
5.86000054;11.61107254
5.88000054;11.61107254
5.90000054;11.43467522
5.92000054;11.61107254
5.94000054;11.43467522
5.96000054;11.43467522
5.98000054;11.43467522
6.00000054;11.43467522
6.02000054;11.43467522
6.04000054;11.43467522
6.06000054;11.61107254
6.08000054;11.43467522
6.10000054;11.61107254
6.12000054;11.43467522
6.14000054;11.43467522
6.16000054;11.43467522
6.18000054;11.43467522
6.20000054;11.61107254
6.22000054;11.43467522
6.24000054;11.43467522
6.26000054;11.43467522
6.28000054;11.43467522
6.30000054;11.43467522
6.32000054;11.43467522
6.34000054;11.43467522
6.36000054;11.43467522
6.38000054;11.61107254
6.40000054;11.61107254
6.42000054;11.61107254
6.44000054;11.61107254
6.46000054;11.43467522
6.48000054;11.43467522
6.50000054;11.43467522
6.52000054;11.43467522
6.54000054;11.61107254
6.56000054;11.61107254
6.58000054;11.43467522
6.60000054;11.61107254
6.62000054;11.43467522
6.64000054;11.43467522
6.66000054;11.43467522
6.68000054;11.43467522
6.70000054;11.43467522
6.72000054;11.43467522
6.74000054;11.43467522
6.76000054;11.43467522
6.78000054;11.43467522
6.80000054;11.43467522
6.82000054;11.43467522
6.84000054;11.61107254
6.86000054;11.43467522
6.88000054;11.43467522
6.90000054;11.43467522
6.92000054;11.61107254
6.94000054;11.61107254
6.96000054;11.61107254
6.98000053;11.43467522
7.00000053;11.43467522
7.02000053;11.43467522
7.04000053;11.61107254
7.06000053;11.61107254
7.08000053;11.61107254
7.10000053;11.61107254
7.12000053;11.43467522
7.14000053;11.43467522
7.16000053;11.43467522
7.18000053;11.43467522
7.20000053;11.43467522
7.22000053;11.61107254
7.24000053;11.43467522
7.26000053;11.61107254
7.28000053;11.43467522
7.30000053;11.43467522
7.32000053;11.61107254
7.34000053;11.43467522
7.36000053;11.61107254
7.38000053;11.43467522
7.40000053;11.61107254
7.42000053;11.43467522
7.44000053;11.43467522
7.46000053;11.61107254
7.48000053;11.61107254
7.50000053;11.43467522
7.52000053;11.61107254
7.54000053;11.61107254
7.56000053;11.43467522
7.58000053;11.43467522
7.60000053;11.61107254
7.62000053;11.61107254
7.64000053;11.43467522
7.66000053;11.43467522
7.68000053;11.61107254
7.70000053;11.43467522
7.72000053;11.61107254
7.74000053;11.43467522
7.76000053;11.61107254
7.78000053;11.61107254
7.80000053;11.61107254
7.82000053;11.61107254
7.84000053;11.43467522
7.86000053;11.61107254
7.88000053;11.61107254
7.90000053;11.43467522
7.92000053;11.43467522
7.94000053;11.43467522
7.96000053;11.61107254
7.98000053;11.43467522
8.00000053;11.61107254
8.02000053;11.61107254
8.04000053;11.43467522
8.06000053;11.43467522
8.08000053;11.61107254
8.10000053;11.43467522
8.12000053;11.61107254
8.14000053;11.43467522
8.16000053;11.43467522
8.18000053;11.61107254
8.20000053;11.43467522
8.22000053;11.43467522
8.24000053;11.43467522
8.26000053;11.43467522
8.28000053;11.43467522
8.30000053;11.43467522
8.32000053;11.43467522
8.34000053;11.43467522
8.36000053;11.43467522
8.38000053;11.61107254
8.40000053;11.43467522
8.42000053;11.43467522
8.44000053;11.43467522
8.46000053;11.43467522
8.48000053;11.43467522
8.50000053;11.43467522
8.52000053;11.61107254
8.54000053;11.43467522
8.56000053;11.43467522
8.58000053;11.61107254
8.60000053;11.43467522
8.62000052;11.43467522
8.64000052;11.43467522
8.66000052;11.61107254
8.68000052;11.61107254
8.70000052;11.61107254
8.72000052;11.61107254
8.74000052;11.43467522
8.76000052;11.61107254
8.78000052;11.43467522
8.80000052;11.61107254
8.82000052;11.61107254
8.84000052;11.43467522
8.86000052;11.43467522
8.88000052;11.43467522
8.90000052;11.43467522
8.92000052;11.43467522
8.94000052;11.43467522
8.96000052;11.43467522
8.98000052;11.43467522
9.00000052;11.43467522
9.02000052;11.43467522
9.04000052;11.43467522
9.06000052;11.43467522
9.08000052;11.43467522
9.10000052;11.43467522
9.12000052;11.61107254
9.14000052;11.43467522
9.16000052;11.43467522
9.18000052;11.43467522
9.20000052;11.43467522
9.22000052;11.43467522
9.24000052;11.43467522
9.26000052;11.43467522
9.28000052;11.43467522
9.30000052;11.43467522
9.32000052;11.43467522
9.34000052;11.43467522
9.36000052;11.61107254
9.38000052;11.61107254
9.40000052;11.43467522
9.42000052;11.61107254
9.44000052;11.61107254
9.46000052;11.61107254
9.48000052;11.43467522
9.50000052;11.43467522
9.52000052;11.43467522
9.54000052;11.43467522
9.56000052;11.61107254
9.58000052;11.43467522
9.60000052;11.43467522
9.62000052;11.61107254
9.64000052;11.43467522
9.66000052;11.43467522
9.68000052;11.43467522
9.70000052;11.43467522
9.72000052;11.61107254
9.74000052;11.61107254
9.76000052;11.43467522
9.78000052;11.61107254
9.80000052;11.43467522
9.82000052;11.61107254
9.84000052;11.43467522
9.86000052;11.61107254
9.88000052;11.43467522
9.90000052;11.61107254
9.92000052;11.43467522
9.94000052;11.43467522
9.96000052;11.43467522
9.98000052;11.43467522
10.00000052;11.61107254
10.02000052;11.43467522
10.04000052;11.43467522
10.06000052;11.43467522
10.08000052;11.43467522
10.10000052;11.43467522
10.12000052;11.61107254
10.14000052;11.61107254
10.16000052;11.43467522
10.18000052;11.61107254
10.20000052;11.61107254
10.22000052;11.61107254
10.24000052;11.61107254
10.26000051;11.43467522
10.28000051;11.43467522
10.30000051;11.43467522
10.32000051;11.43467522
10.34000051;11.43467522
10.36000051;11.43467522
10.38000051;11.61107254
10.40000051;11.43467522
10.42000051;11.43467522
10.44000051;11.61107254
10.46000051;11.43467522
10.48000051;11.61107254
10.50000051;11.43467522
10.52000051;11.43467522
10.54000051;11.43467522
10.56000051;11.43467522
10.58000051;11.43467522
10.60000051;11.61107254
10.62000051;11.43467522
10.64000051;11.43467522
10.66000051;11.43467522
10.68000051;11.61107254
10.70000051;11.61107254
10.72000051;11.43467522
10.74000051;11.43467522
10.76000051;11.61107254
10.78000051;11.43467522
10.80000051;11.43467522
10.82000051;11.61107254
10.84000051;11.61107254
10.86000051;11.43467522
10.88000051;11.61107254
10.90000051;11.61107254
10.92000051;11.43467522
10.94000051;11.61107254
10.96000051;11.43467522
10.98000051;11.43467522
11.00000051;11.61107254
11.02000051;11.61107254
11.04000051;11.61107254
11.06000051;11.43467522
11.08000051;11.61107254
11.10000051;11.43467522
11.12000051;11.43467522
11.14000051;11.61107254
11.16000051;11.61107254
11.18000051;11.61107254
11.20000051;11.43467522
11.22000051;11.43467522
11.24000051;11.43467522
11.26000051;11.43467522
11.28000051;11.43467522
11.30000051;11.61107254
11.32000051;11.43467522
11.34000051;11.43467522
11.36000051;11.61107254
11.38000051;11.61107254
11.40000051;11.61107254
11.42000051;11.61107254
11.44000051;11.61107254
11.46000051;11.61107254
11.48000051;11.61107254
11.50000051;11.61107254
11.52000051;11.43467522
11.54000051;11.43467522
11.56000051;11.43467522
11.58000051;11.43467522
11.60000051;11.43467522
11.62000051;11.43467522
11.64000051;11.43467522
11.66000051;11.61107254
11.68000051;11.61107254
11.70000051;11.61107254
11.72000051;11.43467522
11.74000051;11.61107254
11.76000051;11.43467522
11.78000051;11.61107254
11.80000051;11.43467522
11.82000051;11.61107254
11.84000051;11.43467522
11.86000051;11.61107254
11.88000051;11.43467522
11.90000050;11.43467522
11.92000050;11.61107254
11.94000050;11.43467522
11.96000050;11.43467522
11.98000050;11.43467522
12.00000050;11.43467522
12.02000050;11.61107254
12.04000050;11.61107254
12.06000050;11.43467522
12.08000050;11.61107254
12.10000050;11.43467522
12.12000050;11.43467522
12.14000050;11.43467522
12.16000050;11.43467522
12.18000050;11.61107254
12.20000050;11.43467522
12.22000050;11.61107254
12.24000050;11.43467522
12.26000050;11.61107254
12.28000050;11.43467522
12.30000050;11.43467522
12.32000050;11.43467522
12.34000050;11.61107254
12.36000050;11.43467522
12.38000050;11.43467522
12.40000050;11.61107254
12.42000050;11.61107254
12.44000050;11.61107254
12.46000050;11.43467522
12.48000050;11.43467522
12.50000050;11.61107254
12.52000050;11.43467522
12.54000050;11.43467522
12.56000050;11.43467522
12.58000050;11.43467522
12.60000050;11.61107254
12.62000050;11.43467522
12.64000050;11.43467522
12.66000050;11.43467522
12.68000050;11.61107254
12.70000050;11.43467522
12.72000050;11.43467522
12.74000050;11.43467522
12.76000050;11.43467522
12.78000050;11.43467522
12.80000050;11.43467522
12.82000050;11.61107254
12.84000050;11.43467522
12.86000050;11.61107254
12.88000050;11.61107254
12.90000050;11.43467522
12.92000050;11.43467522
12.94000050;11.43467522
12.96000050;11.43467522
12.98000050;11.43467522
13.00000050;11.61107254
13.02000050;11.61107254
13.04000050;11.43467522
13.06000050;11.43467522
13.08000050;11.61107254
13.10000050;11.43467522
13.12000050;11.61107254
13.14000050;11.43467522
13.16000050;11.43467522
13.18000050;11.61107254
13.20000050;11.61107254
13.22000050;11.43467522
13.24000050;11.43467522
13.26000050;11.43467522
13.28000050;11.43467522
13.30000050;11.61107254
13.32000050;11.61107254
13.34000050;11.61107254
13.36000050;11.43467522
13.38000050;11.43467522
13.40000050;11.43467522
13.42000050;11.61107254
13.44000050;11.43467522
13.46000050;11.43467522
13.48000050;11.61107254
13.50000050;11.61107254
13.52000050;11.43467522
13.54000050;11.61107254
13.56000049;11.43467522
13.58000049;11.61107254
13.60000049;11.43467522
13.62000049;11.61107254
13.64000049;11.43467522
13.66000049;11.61107254
13.68000049;11.43467522
13.70000049;11.43467522
13.72000049;11.43467522
13.74000049;11.43467522
13.76000049;11.43467522
13.78000049;11.43467522
13.80000049;11.43467522
13.82000049;11.43467522
13.84000049;11.61107254
13.86000049;11.43467522
13.88000049;11.61107254
13.90000049;11.61107254
13.92000049;11.61107254
13.94000049;11.61107254
13.96000049;11.61107254
13.98000049;11.43467522
14.00000049;11.43467522
14.02000049;11.61107254
14.04000049;11.43467522
14.06000049;11.43467522
14.08000049;11.43467522
14.10000049;11.43467522
14.12000049;11.61107254
14.14000049;11.61107254
14.16000049;11.43467522
14.18000049;11.61107254
14.20000049;11.43467522
14.22000049;11.43467522
14.24000049;11.61107254
14.26000049;11.43467522
14.28000049;11.43467522
14.30000049;11.43467522
14.32000049;11.43467522
14.34000049;11.61107254
14.36000049;11.43467522
14.38000049;11.61107254
14.40000049;11.43467522
14.42000049;11.61107254
14.44000049;11.61107254
14.46000049;11.61107254
14.48000049;11.61107254
14.50000049;11.43467522
14.52000049;11.43467522
14.54000049;11.43467522
14.56000049;11.43467522
14.58000049;11.43467522
14.60000049;11.43467522
14.62000049;11.43467522
14.64000049;11.43467522
14.66000049;11.61107254
14.68000049;11.43467522
14.70000049;11.43467522
14.72000049;11.43467522
14.74000049;11.43467522
14.76000049;11.43467522
14.78000049;11.43467522
14.80000049;11.43467522
14.82000049;11.61107254
14.84000049;11.43467522
14.86000049;11.43467522
14.88000049;11.61107254
14.90000049;11.61107254
14.92000049;11.43467522
14.94000049;11.43467522
14.96000049;11.61107254
14.98000049;11.61107254
15.00000049;11.43467522
15.02000049;11.61107254
15.04000049;11.61107254
15.06000049;11.43467522
15.08000049;11.61107254
15.10000049;11.43467522
15.12000049;11.43467522
15.14000049;11.43467522
15.16000049;11.43467522
15.18000049;11.43467522
15.20000048;11.61107254
15.22000048;11.43467522
15.24000048;11.43467522
15.26000048;11.43467522
15.28000048;11.43467522
15.30000048;11.43467522
15.32000048;11.43467522
15.34000048;11.43467522
15.36000048;11.43467522
15.38000048;11.43467522
15.40000048;11.43467522
15.42000048;11.43467522
15.44000048;11.43467522
15.46000048;11.43467522
15.48000048;11.61107254
15.50000048;11.61107254
15.52000048;11.61107254
15.54000048;11.61107254
15.56000048;11.43467522
15.58000048;11.43467522
15.60000048;11.43467522
15.62000048;11.61107254
15.64000048;11.61107254
15.66000048;11.43467522
15.68000048;11.43467522
15.70000048;11.43467522
15.72000048;11.61107254
15.74000048;11.43467522
15.76000048;11.43467522
15.78000048;11.43467522
15.80000048;11.43467522
15.82000048;11.61107254
15.84000048;11.61107254
15.86000048;11.43467522
15.88000048;11.61107254
15.90000048;11.61107254
15.92000048;11.61107254
15.94000048;11.43467522
15.96000048;11.43467522
15.98000048;11.43467522
16.00000048;11.61107254
16.02000048;11.43467522
16.04000048;11.43467522
16.06000048;11.43467522
16.08000048;11.43467522
16.10000048;11.43467522
16.12000048;11.43467522
16.14000048;11.43467522
16.16000048;11.43467522
16.18000048;11.43467522
16.20000048;11.61107254
16.22000048;11.61107254
16.24000048;11.43467522
16.26000048;11.61107254
16.28000048;11.43467522
16.30000048;11.61107254
16.32000048;11.61107254
16.34000048;11.61107254
16.36000048;11.61107254
16.38000048;11.43467522
16.40000048;11.43467522
16.42000048;11.43467522
16.44000048;11.43467522
16.46000048;11.61107254
16.48000048;11.43467522
16.50000048;11.43467522
16.52000048;11.61107254
16.54000048;11.43467522
16.56000048;11.61107254
16.58000048;11.43467522
16.60000048;11.43467522
16.62000048;11.61107254
16.64000048;11.43467522
16.66000048;11.43467522
16.68000048;11.43467522
16.70000048;11.43467522
16.72000048;11.61107254
16.74000048;11.61107254
16.76000048;11.61107254
16.78000048;11.61107254
16.80000048;11.61107254
16.82000048;11.43467522
16.84000047;11.43467522
16.86000047;11.61107254
16.88000047;11.43467522
16.90000047;11.43467522
16.92000047;11.43467522
16.94000047;11.61107254
16.96000047;11.61107254
16.98000047;11.43467522
17.00000047;11.43467522
17.02000047;11.43467522
17.04000047;11.43467522
17.06000047;11.61107254
17.08000047;11.43467522
17.10000047;11.61107254
17.12000047;11.43467522
17.14000047;11.61107254
17.16000047;11.43467522
17.18000047;11.43467522
17.20000047;11.43467522
17.22000047;11.43467522
17.24000047;11.43467522
17.26000047;11.61107254
17.28000047;11.43467522
17.30000047;11.43467522
17.32000047;11.61107254
17.34000047;11.43467522
17.36000047;11.61107254
17.38000047;11.43467522
17.40000047;11.43467522
17.42000047;11.43467522
17.44000047;11.43467522
17.46000047;11.43467522
17.48000047;11.61107254
17.50000047;11.43467522
17.52000047;11.43467522
17.54000047;11.61107254
17.56000047;11.43467522
17.58000047;11.61107254
17.60000047;11.43467522
17.62000047;11.43467522
17.64000047;11.43467522
17.66000047;11.43467522
17.68000047;11.43467522
17.70000047;11.43467522
17.72000047;11.43467522
17.74000047;11.43467522
17.76000047;11.61107254
17.78000047;11.61107254
17.80000047;11.43467522
17.82000047;11.43467522
17.84000047;11.43467522
17.86000047;11.43467522
17.88000047;11.43467522
17.90000047;11.43467522
17.92000047;11.61107254
17.94000047;11.43467522
17.96000047;11.43467522
17.98000047;11.43467522
18.00000047;11.43467522
18.02000047;11.43467522
18.04000047;11.43467522
18.06000047;11.43467522
18.08000047;11.43467522
18.10000047;11.43467522
18.12000047;11.43467522
18.14000047;11.43467522
18.16000047;11.43467522
18.18000047;11.43467522
18.20000047;11.61107254
18.22000047;11.61107254
18.24000047;11.61107254
18.26000047;11.43467522
18.28000047;11.61107254
18.30000047;11.43467522
18.32000047;11.43467522
18.34000047;11.43467522
18.36000047;11.43467522
18.38000047;11.43467522
18.40000047;11.43467522
18.42000047;11.43467522
18.44000047;11.43467522
18.46000047;11.43467522
18.48000047;11.43467522
18.50000046;11.43467522
18.52000046;11.61107254
18.54000046;11.43467522
18.56000046;11.43467522
18.58000046;11.43467522
18.60000046;11.43467522
18.62000046;11.61107254
18.64000046;11.43467522
18.66000046;11.43467522
18.68000046;11.43467522
18.70000046;11.43467522
18.72000046;11.43467522
18.74000046;11.61107254
18.76000046;11.43467522
18.78000046;11.43467522
18.80000046;11.43467522
18.82000046;11.61107254
18.84000046;11.43467522
18.86000046;11.43467522
18.88000046;11.43467522
18.90000046;11.43467522
18.92000046;11.43467522
18.94000046;11.43467522
18.96000046;11.43467522
18.98000046;11.43467522
19.00000046;11.43467522
19.02000046;11.43467522
19.04000046;11.43467522
19.06000046;11.43467522
19.08000046;11.43467522
19.10000046;11.43467522
19.12000046;11.61107254
19.14000046;11.61107254
19.16000046;11.43467522
19.18000046;11.61107254
19.20000046;11.61107254
19.22000046;11.43467522
19.24000046;11.43467522
19.26000046;11.61107254
19.28000046;11.43467522
19.30000046;11.43467522
19.32000046;11.61107254
19.34000046;11.43467522
19.36000046;11.43467522
19.38000046;11.43467522
19.40000046;11.43467522
19.42000046;11.61107254
19.44000046;11.61107254
19.46000046;11.43467522
19.48000046;11.43467522
19.50000046;11.61107254
19.52000046;11.43467522
19.54000046;11.61107254
19.56000046;11.43467522
19.58000046;11.43467522
19.60000046;11.61107254
19.62000046;11.43467522
19.64000046;11.43467522
19.66000046;11.61107254
19.68000046;11.43467522
19.70000046;11.43467522
19.72000046;11.43467522
19.74000046;11.43467522
19.76000046;11.61107254
19.78000046;11.43467522
19.80000046;11.61107254
19.82000046;11.43467522
19.84000046;11.43467522
19.86000046;11.43467522
19.88000046;11.43467522
19.90000046;11.43467522
19.92000046;11.43467522
19.94000046;11.43467522
19.96000046;11.43467522
19.98000046;11.61107254
20.00000046;11.61107254
20.02000046;11.61107254
20.04000046;11.43467522
20.06000046;11.61107254
20.08000046;11.43467522
20.10000046;11.43467522
20.12000046;11.43467522
20.14000045;11.43467522
20.16000045;11.43467522
20.18000045;11.61107254
20.20000045;11.61107254
20.22000045;11.43467522
20.24000045;11.43467522
20.26000045;11.43467522
20.28000045;11.43467522
20.30000045;11.43467522
20.32000045;11.43467522
20.34000045;11.43467522
20.36000045;11.43467522
20.38000045;11.43467522
20.40000045;11.43467522
20.42000045;11.43467522
20.44000045;11.43467522
20.46000045;11.61107254
20.48000045;11.43467522
20.50000045;11.43467522
20.52000045;11.43467522
20.54000045;11.43467522
20.56000045;11.43467522
20.58000045;11.43467522
20.60000045;11.43467522
20.62000045;11.43467522
20.64000045;11.43467522
20.66000045;11.43467522
20.68000045;11.43467522
20.70000045;11.43467522
20.72000045;11.43467522
20.74000045;11.43467522
20.76000045;11.43467522
20.78000045;11.61107254
20.80000045;11.43467522
20.82000045;11.43467522
20.84000045;11.43467522
20.86000045;11.43467522
20.88000045;11.43467522
20.90000045;11.43467522
20.92000045;11.43467522
20.94000045;11.43467522
20.96000045;11.61107254
20.98000045;11.43467522
21.00000045;11.43467522
21.02000045;11.61107254
21.04000045;11.43467522
21.06000045;11.43467522
21.08000045;11.43467522
21.10000045;11.43467522
21.12000045;11.43467522
21.14000045;11.43467522
21.16000045;11.43467522
21.18000045;11.43467522
21.20000045;11.61107254
21.22000045;11.43467522
21.24000045;11.43467522
21.26000045;11.43467522
21.28000045;11.61107254
21.30000045;11.61107254
21.32000045;11.43467522
21.34000045;11.43467522
21.36000045;11.61107254
21.38000045;11.43467522
21.40000045;11.61107254
21.42000045;11.43467522
21.44000045;11.43467522
21.46000045;11.43467522
21.48000045;11.43467522
21.50000045;11.43467522
21.52000045;11.43467522
21.54000045;11.43467522
21.56000045;11.43467522
21.58000045;11.43467522
21.60000045;11.43467522
21.62000045;11.43467522
21.64000045;11.61107254
21.66000045;11.43467522
21.68000045;11.61107254
21.70000045;11.43467522
21.72000045;11.61107254
21.74000045;11.61107254
21.76000045;11.61107254
21.78000044;11.43467522
21.80000044;11.61107254
21.82000044;11.61107254
21.84000044;11.61107254
21.86000044;11.61107254
21.88000044;11.61107254
21.90000044;11.43467522
21.92000044;11.43467522
21.94000044;11.43467522
21.96000044;11.61107254
21.98000044;11.43467522
22.00000044;11.43467522
22.02000044;11.43467522
22.04000044;11.43467522
22.06000044;11.43467522
22.08000044;11.61107254
22.10000044;11.61107254
22.12000044;11.61107254
22.14000044;11.43467522
22.16000044;11.43467522
22.18000044;11.61107254
22.20000044;11.61107254
22.22000044;11.43467522
22.24000044;11.43467522
22.26000044;11.43467522
22.28000044;11.61107254
22.30000044;11.43467522
22.32000044;11.43467522
22.34000044;11.43467522
22.36000044;11.43467522
22.38000044;11.61107254
22.40000044;11.43467522
22.42000044;11.43467522
22.44000044;11.43467522
22.46000044;11.61107254
22.48000044;11.43467522
22.50000044;11.43467522
22.52000044;11.43467522
22.54000044;11.61107254
22.56000044;11.43467522
22.58000044;11.43467522
22.60000044;11.61107254
22.62000044;11.43467522
22.64000044;11.61107254
22.66000044;11.61107254
22.68000044;11.61107254
22.70000044;11.43467522
22.72000044;11.61107254
22.74000044;11.43467522
22.76000044;11.43467522
22.78000044;11.43467522
22.80000044;11.43467522
22.82000044;11.61107254
22.84000044;11.43467522
22.86000044;11.43467522
22.88000044;11.43467522
22.90000044;11.61107254
22.92000044;11.61107254
22.94000044;11.43467522
22.96000044;11.43467522
22.98000044;11.43467522
23.00000044;11.43467522
23.02000044;11.43467522
23.04000044;11.43467522
23.06000044;11.61107254
23.08000044;11.43467522
23.10000044;11.61107254
23.12000044;11.43467522
23.14000044;11.43467522
23.16000044;11.43467522
23.18000044;11.43467522
23.20000044;11.43467522
23.22000044;11.61107254
23.24000044;11.43467522
23.26000044;11.43467522
23.28000044;11.43467522
23.30000044;11.43467522
23.32000044;11.43467522
23.34000044;11.43467522
23.36000044;11.43467522
23.38000044;11.61107254
23.40000044;11.43467522
23.42000043;11.61107254
23.44000043;11.43467522
23.46000043;11.43467522
23.48000043;11.43467522
23.50000043;11.61107254
23.52000043;11.61107254
23.54000043;11.43467522
23.56000043;11.43467522
23.58000043;11.61107254
23.60000043;11.61107254
23.62000043;11.43467522
23.64000043;11.43467522
23.66000043;11.43467522
23.68000043;11.43467522
23.70000043;11.43467522
23.72000043;11.61107254
23.74000043;11.43467522
23.76000043;11.61107254
23.78000043;11.43467522
23.80000043;11.61107254
23.82000043;11.61107254
23.84000043;11.43467522
23.86000043;11.43467522
23.88000043;11.61107254
23.90000043;11.43467522
23.92000043;11.61107254
23.94000043;11.43467522
23.96000043;11.43467522
23.98000043;11.43467522
24.00000043;11.61107254
24.02000043;11.61107254
24.04000043;11.61107254
24.06000043;11.43467522
24.08000043;11.61107254
24.10000043;11.61107254
24.12000043;11.61107254
24.14000043;11.43467522
24.16000043;11.43467522
24.18000043;11.43467522
24.20000043;11.61107254
24.22000043;11.61107254
24.24000043;11.43467522
24.26000043;11.43467522
24.28000043;11.43467522
24.30000043;11.61107254
24.32000043;11.43467522
24.34000043;11.43467522
24.36000043;11.43467522
24.38000043;11.43467522
24.40000043;11.43467522
24.42000043;11.61107254
24.44000043;11.61107254
24.46000043;11.61107254
24.48000043;11.43467522
24.50000043;11.43467522
24.52000043;11.61107254
24.54000043;11.43467522
24.56000043;11.43467522
24.58000043;11.61107254
24.60000043;11.43467522
24.62000043;11.61107254
24.64000043;11.43467522
24.66000043;11.43467522
24.68000043;11.61107254
24.70000043;11.61107254
24.72000043;11.43467522
24.74000043;11.61107254
24.76000043;11.43467522
24.78000043;11.43467522
24.80000043;11.61107254
24.82000043;11.43467522
24.84000043;11.61107254
24.86000043;11.43467522
24.88000043;11.43467522
24.90000043;11.61107254
24.92000043;11.61107254
24.94000043;11.43467522
24.96000043;11.43467522
24.98000043;11.61107254
25.00000043;11.43467522
25.02000043;11.61107254
25.04000043;11.43467522
25.06000043;11.61107254
25.08000042;11.61107254
25.10000042;11.43467522
25.12000042;11.43467522
25.14000042;11.61107254
25.16000042;11.43467522
25.18000042;11.43467522
25.20000042;11.61107254
25.22000042;11.43467522
25.24000042;11.61107254
25.26000042;11.43467522
25.28000042;11.43467522
25.30000042;11.61107254
25.32000042;11.61107254
25.34000042;11.43467522
25.36000042;11.43467522
25.38000042;11.61107254
25.40000042;11.61107254
25.42000042;11.43467522
25.44000042;11.61107254
25.46000042;11.43467522
25.48000042;11.43467522
25.50000042;11.61107254
25.52000042;11.43467522
25.54000042;11.61107254
25.56000042;11.43467522
25.58000042;11.61107254
25.60000042;11.61107254
25.62000042;11.43467522
25.64000042;11.43467522
25.66000042;11.43467522
25.68000042;11.61107254
25.70000042;11.43467522
25.72000042;11.43467522
25.74000042;11.43467522
25.76000042;11.43467522
25.78000042;11.43467522
25.80000042;11.43467522
25.82000042;11.43467522
25.84000042;11.43467522
25.86000042;11.43467522
25.88000042;11.43467522
25.90000042;11.43467522
25.92000042;11.43467522
25.94000042;11.61107254
25.96000042;11.43467522
25.98000042;11.43467522
26.00000042;11.43467522
26.02000042;11.61107254
26.04000042;11.61107254
26.06000042;11.43467522
26.08000042;11.43467522
26.10000042;11.43467522
26.12000042;11.43467522
26.14000042;11.61107254
26.16000042;11.61107254
26.18000042;11.43467522
26.20000042;11.43467522
26.22000042;11.43467522
26.24000042;11.61107254
26.26000042;11.43467522
26.28000042;11.61107254
26.30000042;11.43467522
26.32000042;11.61107254
26.34000042;11.43467522
26.36000042;11.43467522
26.38000042;11.43467522
26.40000042;11.43467522
26.42000042;11.61107254
26.44000042;11.43467522
26.46000042;11.61107254
26.48000042;11.61107254
26.50000042;11.43467522
26.52000042;11.43467522
26.54000042;11.61107254
26.56000042;11.43467522
26.58000042;11.43467522
26.60000042;11.43467522
26.62000042;11.43467522
26.64000042;11.43467522
26.66000042;11.43467522
26.68000042;11.43467522
26.70000042;11.61107254
26.72000041;11.61107254
26.74000041;11.43467522
26.76000041;11.43467522
26.78000041;11.61107254
26.80000041;11.43467522
26.82000041;11.61107254
26.84000041;11.43467522
26.86000041;11.61107254
26.88000041;11.61107254
26.90000041;11.43467522
26.92000041;11.61107254
26.94000041;11.43467522
26.96000041;11.43467522
26.98000041;11.43467522
27.00000041;11.43467522
27.02000041;11.43467522
27.04000041;11.61107254
27.06000041;11.43467522
27.08000041;11.43467522
27.10000041;11.61107254
27.12000041;11.43467522
27.14000041;11.43467522
27.16000041;11.43467522
27.18000041;11.61107254
27.20000041;11.43467522
27.22000041;11.43467522
27.24000041;11.43467522
27.26000041;11.43467522
27.28000041;11.61107254
27.30000041;11.43467522
27.32000041;11.43467522
27.34000041;11.43467522
27.36000041;11.43467522
27.38000041;11.43467522
27.40000041;11.43467522
27.42000041;11.43467522
27.44000041;11.61107254
27.46000041;11.43467522
27.48000041;11.61107254
27.50000041;11.61107254
27.52000041;11.43467522
27.54000041;11.43467522
27.56000041;11.61107254
27.58000041;11.61107254
27.60000041;11.43467522
27.62000041;11.61107254
27.64000041;11.43467522
27.66000041;11.43467522
27.68000041;11.43467522
27.70000041;11.61107254
27.72000041;11.43467522
27.74000041;11.43467522
27.76000041;11.61107254
27.78000041;11.61107254
27.80000041;11.43467522
27.82000041;11.43467522
27.84000041;11.43467522
27.86000041;11.43467522
27.88000041;11.43467522
27.90000041;11.43467522
27.92000041;11.43467522
27.94000041;11.43467522
27.96000041;11.43467522
27.98000041;11.43467522
28.00000041;11.43467522
28.02000041;11.43467522
28.04000041;11.61107254
28.06000041;11.43467522
28.08000041;11.43467522
28.10000041;11.43467522
28.12000041;11.43467522
28.14000041;11.43467522
28.16000041;11.43467522
28.18000041;11.43467522
28.20000041;11.43467522
28.22000041;11.43467522
28.24000041;11.43467522
28.26000041;11.61107254
28.28000041;11.61107254
28.30000041;11.61107254
28.32000041;11.43467522
28.34000041;11.43467522
28.36000040;11.43467522
28.38000040;11.43467522
28.40000040;11.61107254
28.42000040;11.43467522
28.44000040;11.43467522
28.46000040;11.43467522
28.48000040;11.61107254
28.50000040;11.61107254
28.52000040;11.61107254
28.54000040;11.43467522
28.56000040;11.43467522
28.58000040;11.61107254
28.60000040;11.61107254
28.62000040;11.61107254
28.64000040;11.43467522
28.66000040;11.61107254
28.68000040;11.61107254
28.70000040;11.43467522
28.72000040;11.61107254
28.74000040;11.61107254
28.76000040;11.61107254
28.78000040;11.43467522
28.80000040;11.43467522
28.82000040;11.61107254
28.84000040;11.43467522
28.86000040;11.43467522
28.88000040;11.43467522
28.90000040;11.61107254
28.92000040;11.43467522
28.94000040;11.43467522
28.96000040;11.43467522
28.98000040;11.43467522
29.00000040;11.61107254
29.02000040;11.61107254
29.04000040;11.61107254
29.06000040;11.61107254
29.08000040;11.43467522
29.10000040;11.43467522
29.12000040;11.43467522
29.14000040;11.43467522
29.16000040;11.43467522
29.18000040;11.43467522
29.20000040;11.43467522
29.22000040;11.43467522
29.24000040;11.43467522
29.26000040;11.61107254
29.28000040;11.43467522
29.30000040;11.43467522
29.32000040;11.43467522
29.34000040;11.43467522
29.36000040;11.61107254
29.38000040;11.43467522
29.40000040;11.43467522
29.42000040;11.43467522
29.44000040;11.43467522
29.46000040;11.43467522
29.48000040;11.43467522
29.50000040;11.61107254
29.52000040;11.43467522
29.54000040;11.43467522
29.56000040;11.43467522
29.58000040;11.43467522
29.60000040;11.61107254
29.62000040;11.61107254
29.64000040;11.61107254
29.66000040;11.43467522
29.68000040;11.43467522
29.70000040;11.61107254
29.72000040;11.43467522
29.74000040;11.43467522
29.76000040;11.43467522
29.78000040;11.61107254
29.80000040;11.43467522
29.82000040;11.61107254
29.84000040;11.43467522
29.86000040;11.43467522
29.88000040;11.43467522
29.90000040;11.43467522
29.92000040;11.43467522
29.94000040;11.43467522
29.96000040;11.61107254
29.98000040;11.61107254
30.00000039;11.43467522
30.02000039;11.43467522
30.04000039;11.43467522
30.06000039;11.43467522
30.08000039;11.43467522
30.10000039;11.61107254
30.12000039;11.43467522
30.14000039;11.43467522
30.16000039;11.43467522
30.18000039;11.43467522
30.20000039;11.43467522
30.22000039;11.43467522
30.24000039;11.61107254
30.26000039;11.43467522
30.28000039;11.43467522
30.30000039;11.43467522
30.32000039;11.61107254
30.34000039;11.61107254
30.36000039;11.43467522
30.38000039;11.43467522
30.40000039;11.43467522
30.42000039;11.43467522
30.44000039;11.43467522
30.46000039;11.43467522
30.48000039;11.43467522
30.50000039;11.61107254
30.52000039;11.61107254
30.54000039;11.43467522
30.56000039;11.43467522
30.58000039;11.43467522
30.60000039;11.43467522
30.62000039;11.43467522
30.64000039;11.43467522
30.66000039;11.43467522
30.68000039;11.43467522
30.70000039;11.43467522
30.72000039;11.43467522
30.74000039;11.61107254
30.76000039;11.61107254
30.78000039;11.43467522
30.80000039;11.43467522
30.82000039;11.61107254
30.84000039;11.61107254
30.86000039;11.43467522
30.88000039;11.61107254
30.90000039;11.61107254
30.92000039;11.61107254
30.94000039;11.43467522
30.96000039;11.43467522
30.98000039;11.43467522
31.00000039;11.61107254
31.02000039;11.61107254
31.04000039;11.61107254
31.06000039;11.43467522
31.08000039;11.43467522
31.10000039;11.43467522
31.12000039;11.61107254
31.14000039;11.43467522
31.16000039;11.61107254
31.18000039;11.61107254
31.20000039;11.61107254
31.22000039;11.61107254
31.24000039;11.43467522
31.26000039;11.61107254
31.28000039;11.43467522
31.30000039;11.61107254
31.32000039;11.61107254
31.34000039;11.43467522
31.36000039;11.61107254
31.38000039;11.43467522
31.40000039;11.43467522
31.42000039;11.43467522
31.44000039;11.61107254
31.46000039;11.61107254
31.48000039;11.61107254
31.50000039;11.61107254
31.52000039;11.61107254
31.54000039;11.61107254
31.56000039;11.43467522
31.58000039;11.61107254
31.60000039;11.61107254
31.62000039;11.43467522
31.64000039;11.43467522
31.66000038;11.43467522
31.68000038;11.61107254
31.70000038;11.61107254
31.72000038;11.61107254
31.74000038;11.43467522
31.76000038;11.61107254
31.78000038;11.43467522
31.80000038;11.43467522
31.82000038;11.61107254
31.84000038;11.61107254
31.86000038;11.61107254
31.88000038;11.61107254
31.90000038;11.61107254
31.92000038;11.43467522
31.94000038;11.43467522
31.96000038;11.61107254
31.98000038;11.43467522
32.00000038;11.61107254
32.02000038;11.43467522
32.04000038;11.61107254
32.06000038;11.43467522
32.08000038;11.43467522
32.10000038;11.61107254
32.12000038;11.43467522
32.14000038;11.43467522
32.16000038;11.61107254
32.18000038;11.43467522
32.20000038;11.61107254
32.22000038;11.43467522
32.24000038;11.43467522
32.26000038;11.61107254
32.28000038;11.43467522
32.30000038;11.43467522
32.32000038;11.61107254
32.34000038;11.61107254
32.36000038;11.43467522
32.38000038;11.43467522
32.40000038;11.43467522
32.42000038;11.43467522
32.44000038;11.43467522
32.46000038;11.61107254
32.48000038;11.61107254
32.50000038;11.61107254
32.52000038;11.43467522
32.54000038;11.43467522
32.56000038;11.61107254
32.58000038;11.43467522
32.60000038;11.43467522
32.62000038;11.43467522
32.64000038;11.61107254
32.66000038;11.43467522
32.68000038;11.61107254
32.70000038;11.43467522
32.72000038;11.61107254
32.74000038;11.43467522
32.76000038;11.43467522
32.78000038;11.61107254
32.80000038;11.43467522
32.82000038;11.43467522
32.84000038;11.43467522
32.86000038;11.43467522
32.88000038;11.43467522
32.90000038;11.61107254
32.92000038;11.43467522
32.94000038;11.43467522
32.96000038;11.43467522
32.98000038;11.43467522
33.00000038;11.61107254
33.02000038;11.61107254
33.04000038;11.43467522
33.06000038;11.43467522
33.08000038;11.43467522
33.10000038;11.43467522
33.12000038;11.61107254
33.14000038;11.43467522
33.16000038;11.43467522
33.18000038;11.43467522
33.20000038;11.43467522
33.22000038;11.61107254
33.24000038;11.43467522
33.26000038;11.43467522
33.28000038;11.43467522
33.30000037;11.43467522
33.32000037;11.43467522
33.34000037;11.43467522
33.36000037;11.43467522
33.38000037;11.43467522
33.40000037;11.43467522
33.42000037;11.61107254
33.44000037;11.43467522
33.46000037;11.43467522
33.48000037;11.61107254
33.50000037;11.43467522
33.52000037;11.61107254
33.54000037;11.61107254
33.56000037;11.61107254
33.58000037;11.43467522
33.60000037;11.43467522
33.62000037;11.43467522
33.64000037;11.43467522
33.66000037;11.43467522
33.68000037;11.61107254
33.70000037;11.61107254
33.72000037;11.61107254
33.74000037;11.43467522
33.76000037;11.43467522
33.78000037;11.43467522
33.80000037;11.43467522
33.82000037;11.43467522
33.84000037;11.61107254
33.86000037;11.61107254
33.88000037;11.61107254
33.90000037;11.61107254
33.92000037;11.43467522
33.94000037;11.43467522
33.96000037;11.61107254
33.98000037;11.43467522
34.00000037;11.43467522
34.02000037;11.43467522
34.04000037;11.61107254
34.06000037;11.43467522
34.08000037;11.61107254
34.10000037;11.43467522
34.12000037;11.43467522
34.14000037;11.43467522
34.16000037;11.61107254
34.18000037;11.61107254
34.20000037;11.43467522
34.22000037;11.61107254
34.24000037;11.43467522
34.26000037;11.61107254
34.28000037;11.61107254
34.30000037;11.61107254
34.32000037;11.43467522
34.34000037;11.43467522
34.36000037;11.43467522
34.38000037;11.61107254
34.40000037;11.43467522
34.42000037;11.43467522
34.44000037;11.43467522
34.46000037;11.43467522
34.48000037;11.43467522
34.50000037;11.43467522
34.52000037;11.43467522
34.54000037;11.43467522
34.56000037;11.43467522
34.58000037;11.43467522
34.60000037;11.43467522
34.62000037;11.43467522
34.64000037;11.43467522
34.66000037;11.43467522
34.68000037;11.43467522
34.70000037;11.43467522
34.72000037;11.43467522
34.74000037;11.43467522
34.76000037;11.61107254
34.78000037;11.43467522
34.80000037;11.61107254
34.82000037;11.61107254
34.84000037;11.43467522
34.86000037;11.43467522
34.88000037;11.43467522
34.90000037;11.43467522
34.92000037;11.43467522
34.94000036;11.43467522
34.96000036;11.43467522
34.98000036;11.43467522
35.00000036;11.43467522
35.02000036;11.43467522
35.04000036;11.43467522
35.06000036;11.43467522
35.08000036;11.43467522
35.10000036;11.43467522
35.12000036;11.43467522
35.14000036;11.43467522
35.16000036;11.43467522
35.18000036;11.61107254
35.20000036;11.61107254
35.22000036;11.43467522
35.24000036;11.43467522
35.26000036;11.61107254
35.28000036;11.43467522
35.30000036;11.43467522
35.32000036;11.43467522
35.34000036;11.61107254
35.36000036;11.43467522
35.38000036;11.61107254
35.40000036;11.43467522
35.42000036;11.61107254
35.44000036;11.43467522
35.46000036;11.61107254
35.48000036;11.61107254
35.50000036;11.43467522
35.52000036;11.43467522
35.54000036;11.43467522
35.56000036;11.43467522
35.58000036;11.61107254
35.60000036;11.43467522
35.62000036;11.43467522
35.64000036;11.43467522
35.66000036;11.43467522
35.68000036;11.43467522
35.70000036;11.61107254
35.72000036;11.61107254
35.74000036;11.61107254
35.76000036;11.43467522
35.78000036;11.43467522
35.80000036;11.43467522
35.82000036;11.43467522
35.84000036;11.43467522
35.86000036;11.43467522
35.88000036;11.61107254
35.90000036;11.43467522
35.92000036;11.43467522
35.94000036;11.43467522
35.96000036;11.43467522
35.98000036;11.61107254
36.00000036;11.43467522
36.02000036;11.43467522
36.04000036;11.43467522
36.06000036;11.43467522
36.08000036;11.61107254
36.10000036;11.43467522
36.12000036;11.61107254
36.14000036;11.43467522
36.16000036;11.43467522
36.18000036;11.43467522
36.20000036;11.61107254
36.22000036;11.61107254
36.24000036;11.61107254
36.26000036;11.43467522
36.28000036;11.43467522
36.30000036;11.43467522
36.32000036;11.61107254
36.34000036;11.43467522
36.36000036;11.61107254
36.38000036;11.61107254
36.40000036;11.61107254
36.42000036;11.43467522
36.44000036;11.43467522
36.46000036;11.61107254
36.48000036;11.43467522
36.50000036;11.61107254
36.52000036;11.43467522
36.54000036;11.43467522
36.56000036;11.61107254
36.58000036;11.61107254
36.60000035;11.43467522
36.62000035;11.61107254
36.64000035;11.43467522
36.66000035;11.43467522
36.68000035;11.43467522
36.70000035;11.43467522
36.72000035;11.43467522
36.74000035;11.43467522
36.76000035;11.61107254
36.78000035;11.43467522
36.80000035;11.61107254
36.82000035;11.61107254
36.84000035;11.43467522
36.86000035;11.43467522
36.88000035;11.61107254
36.90000035;11.43467522
36.92000035;11.61107254
36.94000035;11.43467522
36.96000035;11.43467522
36.98000035;11.61107254
37.00000035;11.43467522
37.02000035;11.43467522
37.04000035;11.43467522
37.06000035;11.43467522
37.08000035;11.61107254
37.10000035;11.43467522
37.12000035;11.43467522
37.14000035;11.61107254
37.16000035;11.43467522
37.18000035;11.43467522
37.20000035;11.61107254
37.22000035;11.43467522
37.24000035;11.43467522
37.26000035;11.43467522
37.28000035;11.61107254
37.30000035;11.61107254
37.32000035;11.61107254
37.34000035;11.61107254
37.36000035;11.43467522
37.38000035;11.43467522
37.40000035;11.43467522
37.42000035;11.43467522
37.44000035;11.43467522
37.46000035;11.61107254
37.48000035;11.43467522
37.50000035;11.61107254
37.52000035;11.61107254
37.54000035;11.43467522
37.56000035;11.43467522
37.58000035;11.43467522
37.60000035;11.43467522
37.62000035;11.61107254
37.64000035;11.43467522
37.66000035;11.61107254
37.68000035;11.43467522
37.70000035;11.61107254
37.72000035;11.43467522
37.74000035;11.43467522
37.76000035;11.43467522
37.78000035;11.43467522
37.80000035;11.43467522
37.82000035;11.43467522
37.84000035;11.43467522
37.86000035;11.61107254
37.88000035;11.43467522
37.90000035;11.61107254
37.92000035;11.61107254
37.94000035;11.61107254
37.96000035;11.43467522
37.98000035;11.61107254
38.00000035;11.43467522
38.02000035;11.61107254
38.04000035;11.43467522
38.06000035;11.61107254
38.08000035;11.61107254
38.10000035;11.43467522
38.12000035;11.43467522
38.14000035;11.43467522
38.16000035;11.61107254
38.18000035;11.43467522
38.20000035;11.43467522
38.22000035;11.61107254
38.24000034;11.61107254
38.26000034;11.43467522
38.28000034;11.61107254
38.30000034;11.43467522
38.32000034;11.43467522
38.34000034;11.61107254
38.36000034;11.61107254
38.38000034;11.43467522
38.40000034;11.43467522
38.42000034;11.43467522
38.44000034;11.43467522
38.46000034;11.61107254
38.48000034;11.43467522
38.50000034;11.43467522
38.52000034;11.43467522
38.54000034;11.61107254
38.56000034;11.43467522
38.58000034;11.61107254
38.60000034;11.43467522
38.62000034;11.61107254
38.64000034;11.43467522
38.66000034;11.43467522
38.68000034;11.43467522
38.70000034;11.61107254
38.72000034;11.61107254
38.74000034;11.43467522
38.76000034;11.43467522
38.78000034;11.61107254
38.80000034;11.43467522
38.82000034;11.61107254
38.84000034;11.61107254
38.86000034;11.61107254
38.88000034;11.43467522
38.90000034;11.61107254
38.92000034;11.61107254
38.94000034;11.43467522
38.96000034;11.43467522
38.98000034;11.61107254
39.00000034;11.43467522
39.02000034;11.43467522
39.04000034;11.61107254
39.06000034;11.43467522
39.08000034;11.43467522
39.10000034;11.61107254
39.12000034;11.43467522
39.14000034;11.43467522
39.16000034;11.43467522
39.18000034;11.43467522
39.20000034;11.43467522
39.22000034;11.43467522
39.24000034;11.43467522
39.26000034;11.61107254
39.28000034;11.43467522
39.30000034;11.61107254
39.32000034;11.43467522
39.34000034;11.43467522
39.36000034;11.43467522
39.38000034;11.43467522
39.40000034;11.43467522
39.42000034;11.61107254
39.44000034;11.61107254
39.46000034;11.61107254
39.48000034;11.43467522
39.50000034;11.43467522
39.52000034;11.43467522
39.54000034;11.61107254
39.56000034;11.61107254
39.58000034;11.61107254
39.60000034;11.43467522
39.62000034;11.61107254
39.64000034;11.61107254
39.66000034;11.43467522
39.68000034;11.43467522
39.70000034;11.43467522
39.72000034;11.43467522
39.74000034;11.43467522
39.76000034;11.43467522
39.78000034;11.43467522
39.80000034;11.25827789
39.82000034;10.90548420
39.84000034;11.43467522
39.86000034;11.78807926
39.88000033;11.61107254
39.90000033;11.43467522
39.92000033;11.43467522
39.94000033;11.61107254
39.96000033;11.61107254
39.98000033;11.43467522
40.00000033;11.61107254
40.02000033;11.61107254
40.04000033;11.61107254
40.06000033;11.61107254
40.08000033;11.43467522
40.10000033;11.61107254
40.12000033;11.61107254
40.14000033;11.61107254
40.16000033;11.61107254
40.18000033;11.61107254
40.20000033;11.61107254
40.22000033;11.61107254
40.24000033;11.43467522
40.26000033;11.43467522
40.28000033;11.61107254
40.30000033;11.43467522
40.32000033;11.43467522
40.34000033;11.43467522
40.36000033;11.43467522
40.38000033;11.61107254
40.40000033;11.43467522
40.42000033;11.43467522
40.44000033;11.43467522
40.46000033;11.61107254
40.48000033;11.61107254
40.50000033;10.90548420
40.52000033;11.08188152
40.54000033;11.96447659
40.56000033;12.14087296
40.58000033;11.25827789
40.60000033;10.90548420
40.62000033;11.96447659
40.64000033;11.61107254
40.66000033;11.25827789
40.68000033;11.61107254
40.70000033;11.61107254
40.72000033;11.43467522
40.74000033;11.61107254
40.76000033;11.61107254
40.78000033;11.25827789
40.80000033;11.61107254
40.82000033;11.61107254
40.84000033;11.43467522
40.86000033;11.43467522
40.88000033;11.61107254
40.90000033;11.43467522
40.92000033;11.43467522
40.94000033;11.61107254
40.96000033;11.43467522
40.98000033;11.43467522
41.00000033;11.61107254
41.02000033;11.43467522
41.04000033;11.43467522
41.06000033;11.61107254
41.08000033;11.43467522
41.10000033;11.43467522
41.12000033;11.61107254
41.14000033;11.43467522
41.16000033;11.43467522
41.18000033;11.43467522
41.20000033;11.61107254
41.22000033;11.43467522
41.24000033;11.61107254
41.26000033;11.61107254
41.28000033;11.61107254
41.30000033;11.43467522
41.32000033;11.61107254
41.34000033;11.43467522
41.36000033;11.61107254
41.38000033;11.43467522
41.40000033;11.43467522
41.42000033;11.43467522
41.44000033;11.43467522
41.46000033;11.43467522
41.48000033;11.61107254
41.50000033;11.61107254
41.52000032;11.61107254
41.54000032;11.43467522
41.56000032;11.43467522
41.58000032;11.43467522
41.60000032;11.43467522
41.62000032;11.43467522
41.64000032;11.43467522
41.66000032;11.43467522
41.68000032;11.61107254
41.70000032;11.43467522
41.72000032;11.43467522
41.74000032;11.43467522
41.76000032;11.43467522
41.78000032;11.61107254
41.80000032;11.43467522
41.82000032;11.61107254
41.84000032;11.61107254
41.86000032;11.43467522
41.88000032;11.43467522
41.90000032;11.43467522
41.92000032;11.43467522
41.94000032;11.43467522
41.96000032;11.43467522
41.98000032;11.61107254
42.00000032;11.61107254
42.02000032;11.43467522
42.04000032;11.43467522
42.06000032;11.43467522
42.08000032;11.43467522
42.10000032;11.43467522
42.12000032;11.43467522
42.14000032;11.61107254
42.16000032;11.43467522
42.18000032;11.61107254
42.20000032;11.61107254
42.22000032;11.43467522
42.24000032;11.61107254
42.26000032;11.43467522
42.28000032;11.61107254
42.30000032;11.43467522
42.32000032;11.61107254
42.34000032;11.43467522
42.36000032;11.43467522
42.38000032;11.61107254
42.40000032;11.43467522
42.42000032;11.43467522
42.44000032;11.61107254
42.46000032;11.61107254
42.48000032;11.43467522
42.50000032;11.43467522
42.52000032;11.43467522
42.54000032;11.43467522
42.56000032;11.43467522
42.58000032;11.61107254
42.60000032;11.43467522
42.62000032;11.43467522
42.64000032;11.43467522
42.66000032;11.61107254
42.68000032;11.43467522
42.70000032;11.43467522
42.72000032;11.43467522
42.74000032;11.43467522
42.76000032;11.43467522
42.78000032;11.43467522
42.80000032;11.43467522
42.82000032;11.43467522
42.84000032;11.61107254
42.86000032;11.61107254
42.88000032;11.61107254
42.90000032;11.61107254
42.92000032;11.43467522
42.94000032;11.43467522
42.96000032;11.61107254
42.98000032;11.61107254
43.00000032;11.43467522
43.02000032;11.43467522
43.04000032;11.43467522
43.06000032;11.43467522
43.08000032;11.43467522
43.10000032;11.61107254
43.12000032;11.43467522
43.14000032;11.43467522
43.16000032;11.61107254
43.18000031;11.61107254
43.20000031;11.61107254
43.22000031;11.43467522
43.24000031;11.43467522
43.26000031;11.61107254
43.28000031;11.43467522
43.30000031;11.43467522
43.32000031;11.43467522
43.34000031;11.61107254
43.36000031;11.61107254
43.38000031;11.43467522
43.40000031;11.61107254
43.42000031;11.43467522
43.44000031;11.61107254
43.46000031;11.43467522
43.48000031;11.61107254
43.50000031;11.43467522
43.52000031;11.43467522
43.54000031;11.61107254
43.56000031;11.43467522
43.58000031;11.61107254
43.60000031;11.43467522
43.62000031;11.61107254
43.64000031;11.61107254
43.66000031;11.43467522
43.68000031;11.61107254
43.70000031;11.43467522
43.72000031;11.43467522
43.74000031;11.61107254
43.76000031;11.43467522
43.78000031;11.43467522
43.80000031;11.43467522
43.82000031;11.43467522
43.84000031;11.43467522
43.86000031;11.43467522
43.88000031;11.43467522
43.90000031;11.43467522
43.92000031;11.43467522
43.94000031;11.61107254
43.96000031;11.61107254
43.98000031;11.61107254
44.00000031;11.43467522
44.02000031;11.43467522
44.04000031;11.61107254
44.06000031;11.61107254
44.08000031;11.43467522
44.10000031;11.61107254
44.12000031;11.43467522
44.14000031;11.61107254
44.16000031;11.61107254
44.18000031;11.43467522
44.20000031;11.43467522
44.22000031;11.43467522
44.24000031;11.43467522
44.26000031;11.43467522
44.28000031;11.43467522
44.30000031;11.43467522
44.32000031;11.43467522
44.34000031;11.61107254
44.36000031;11.43467522
44.38000031;11.43467522
44.40000031;11.43467522
44.42000031;11.43467522
44.44000031;11.43467522
44.46000031;11.43467522
44.48000031;11.43467522
44.50000031;11.43467522
44.52000031;11.43467522
44.54000031;11.61107254
44.56000031;11.43467522
44.58000031;11.43467522
44.60000031;11.43467522
44.62000031;11.43467522
44.64000031;11.61107254
44.66000031;11.43467522
44.68000031;11.61107254
44.70000031;11.43467522
44.72000031;11.43467522
44.74000031;11.43467522
44.76000031;11.61107254
44.78000031;11.43467522
44.80000031;11.43467522
44.82000030;11.43467522
44.84000030;11.43467522
44.86000030;11.61107254
44.88000030;11.43467522
44.90000030;11.43467522
44.92000030;11.43467522
44.94000030;11.61107254
44.96000030;11.43467522
44.98000030;11.43467522
45.00000030;11.61107254
45.02000030;11.43467522
45.04000030;11.43467522
45.06000030;11.43467522
45.08000030;11.43467522
45.10000030;11.43467522
45.12000030;11.43467522
45.14000030;11.43467522
45.16000030;11.43467522
45.18000030;11.43467522
45.20000030;11.61107254
45.22000030;11.43467522
45.24000030;11.43467522
45.26000030;11.43467522
45.28000030;11.61107254
45.30000030;11.43467522
45.32000030;11.61107254
45.34000030;11.61107254
45.36000030;11.61107254
45.38000030;11.43467522
45.40000030;11.61107254
45.42000030;11.43467522
45.44000030;11.43467522
45.46000030;11.43467522
45.48000030;11.43467522
45.50000030;11.61107254
45.52000030;11.43467522
45.54000030;11.61107254
45.56000030;11.43467522
45.58000030;11.43467522
45.60000030;11.43467522
45.62000030;11.61107254
45.64000030;11.43467522
45.66000030;11.43467522
45.68000030;11.43467522
45.70000030;11.43467522
45.72000030;11.61107254
45.74000030;11.61107254
45.76000030;11.43467522
45.78000030;11.43467522
45.80000030;11.61107254
45.82000030;11.43467522
45.84000030;11.43467522
45.86000030;11.61107254
45.88000030;11.61107254
45.90000030;11.43467522
45.92000030;11.43467522
45.94000030;11.43467522
45.96000030;11.61107254
45.98000030;11.61107254
46.00000030;11.43467522
46.02000030;11.61107254
46.04000030;11.43467522
46.06000030;11.43467522
46.08000030;11.43467522
46.10000030;11.43467522
46.12000030;11.43467522
46.14000030;11.43467522
46.16000030;11.43467522
46.18000030;11.61107254
46.20000030;11.61107254
46.22000030;11.61107254
46.24000030;11.61107254
46.26000030;11.61107254
46.28000030;11.43467522
46.30000030;11.61107254
46.32000030;11.43467522
46.34000030;11.61107254
46.36000030;11.43467522
46.38000030;11.43467522
46.40000030;11.61107254
46.42000030;11.61107254
46.44000030;11.61107254
46.46000029;11.61107254
46.48000029;11.43467522
46.50000029;11.61107254
46.52000029;11.43467522
46.54000029;11.43467522
46.56000029;11.43467522
46.58000029;11.43467522
46.60000029;11.43467522
46.62000029;11.61107254
46.64000029;11.61107254
46.66000029;11.61107254
46.68000029;11.61107254
46.70000029;11.61107254
46.72000029;11.43467522
46.74000029;11.43467522
46.76000029;11.61107254
46.78000029;11.43467522
46.80000029;11.61107254
46.82000029;11.43467522
46.84000029;11.61107254
46.86000029;11.43467522
46.88000029;11.61107254
46.90000029;11.43467522
46.92000029;11.61107254
46.94000029;11.43467522
46.96000029;11.43467522
46.98000029;11.61107254
47.00000029;11.43467522
47.02000029;11.43467522
47.04000029;11.61107254
47.06000029;11.61107254
47.08000029;11.61107254
47.10000029;11.43467522
47.12000029;11.43467522
47.14000029;11.43467522
47.16000029;11.43467522
47.18000029;11.61107254
47.20000029;11.61107254
47.22000029;11.43467522
47.24000029;11.43467522
47.26000029;11.61107254
47.28000029;11.43467522
47.30000029;11.43467522
47.32000029;11.43467522
47.34000029;11.43467522
47.36000029;11.43467522
47.38000029;11.61107254
47.40000029;11.43467522
47.42000029;11.61107254
47.44000029;11.61107254
47.46000029;11.61107254
47.48000029;11.43467522
47.50000029;11.43467522
47.52000029;11.61107254
47.54000029;11.61107254
47.56000029;11.43467522
47.58000029;11.61107254
47.60000029;11.43467522
47.62000029;11.43467522
47.64000029;11.61107254
47.66000029;11.43467522
47.68000029;11.61107254
47.70000029;11.43467522
47.72000029;11.61107254
47.74000029;11.61107254
47.76000029;11.43467522
47.78000029;11.43467522
47.80000029;11.61107254
47.82000029;11.43467522
47.84000029;11.61107254
47.86000029;11.61107254
47.88000029;11.43467522
47.90000029;11.43467522
47.92000029;11.61107254
47.94000029;11.43467522
47.96000029;11.43467522
47.98000029;11.43467522
48.00000029;11.61107254
48.02000029;11.61107254
48.04000029;11.61107254
48.06000029;11.43467522
48.08000029;11.61107254
48.10000028;11.61107254
48.12000028;11.43467522
48.14000028;11.43467522
48.16000028;11.43467522
48.18000028;11.61107254
48.20000028;11.43467522
48.22000028;11.43467522
48.24000028;11.43467522
48.26000028;11.61107254
48.28000028;11.43467522
48.30000028;11.43467522
48.32000028;11.43467522
48.34000028;11.43467522
48.36000028;11.61107254
48.38000028;11.61107254
48.40000028;11.43467522
48.42000028;11.43467522
48.44000028;11.43467522
48.46000028;11.43467522
48.48000028;11.61107254
48.50000028;11.43467522
48.52000028;11.43467522
48.54000028;11.43467522
48.56000028;11.61107254
48.58000028;11.61107254
48.60000028;11.61107254
48.62000028;11.43467522
48.64000028;11.43467522
48.66000028;11.43467522
48.68000028;11.43467522
48.70000028;11.61107254
48.72000028;11.61107254
48.74000028;11.61107254
48.76000028;11.43467522
48.78000028;11.43467522
48.80000028;11.43467522
48.82000028;11.43467522
48.84000028;11.43467522
48.86000028;11.43467522
48.88000028;11.43467522
48.90000028;11.43467522
48.92000028;11.43467522
48.94000028;11.43467522
48.96000028;11.43467522
48.98000028;11.43467522
49.00000028;11.61107254
49.02000028;11.61107254
49.04000028;11.61107254
49.06000028;11.43467522
49.08000028;11.61107254
49.10000028;11.61107254
49.12000028;11.61107254
49.14000028;11.43467522
49.16000028;11.43467522
49.18000028;11.43467522
49.20000028;11.43467522
49.22000028;11.61107254
49.24000028;11.43467522
49.26000028;11.43467522
49.28000028;11.61107254
49.30000028;11.43467522
49.32000028;11.43467522
49.34000028;11.43467522
49.36000028;11.43467522
49.38000028;11.43467522
49.40000028;11.43467522
49.42000028;11.61107254
49.44000028;11.43467522
49.46000028;11.61107254
49.48000028;11.43467522
49.50000028;11.61107254
49.52000028;11.43467522
49.54000028;11.61107254
49.56000028;11.43467522
49.58000028;11.61107254
49.60000028;11.43467522
49.62000028;11.43467522
49.64000028;11.43467522
49.66000028;11.43467522
49.68000028;11.43467522
49.70000028;11.61107254
49.72000028;11.61107254
49.74000028;11.61107254
49.76000027;11.61107254
49.78000027;11.43467522
49.80000027;11.43467522
49.82000027;11.43467522
49.84000027;11.61107254
49.86000027;11.78807926
49.88000027;10.90548420
49.90000027;10.90548420
49.92000027;11.96447659
49.94000027;11.96447659
49.96000027;10.90548420
49.98000027;11.43467522
50.00000027;11.78807926
50.02000027;11.43467522
50.04000027;11.43467522
50.06000027;11.61107254
50.08000027;11.25827789
50.10000027;11.61107254
50.12000027;11.61107254
50.14000027;11.43467522
50.16000027;11.43467522
50.18000027;11.61107254
50.20000027;11.43467522
50.22000027;11.43467522
50.24000027;11.61107254
50.26000027;11.43467522
50.28000027;11.43467522
50.30000027;11.43467522
50.32000027;11.43467522
50.34000027;11.43467522
50.36000027;11.61107254
50.38000027;11.43467522
50.40000027;11.43467522
50.42000027;11.43467522
50.44000027;11.43467522
50.46000027;11.43467522
50.48000027;11.61107254
50.50000027;11.43467522
50.52000027;11.43467522
50.54000027;11.43467522
50.56000027;11.43467522
50.58000027;11.43467522
50.60000027;11.61107254
50.62000027;11.43467522
50.64000027;11.43467522
50.66000027;11.43467522
50.68000027;11.43467522
50.70000027;11.43467522
50.72000027;11.43467522
50.74000027;11.43467522
50.76000027;11.43467522
50.78000027;11.43467522
50.80000027;11.43467522
50.82000027;11.61107254
50.84000027;11.43467522
50.86000027;11.43467522
50.88000027;11.43467522
50.90000027;11.43467522
50.92000027;11.43467522
50.94000027;11.43467522
50.96000027;11.61107254
50.98000027;11.43467522
51.00000027;11.43467522
51.02000027;11.61107254
51.04000027;11.61107254
51.06000027;11.43467522
51.08000027;11.43467522
51.10000027;11.43467522
51.12000027;11.43467522
51.14000027;11.43467522
51.16000027;11.43467522
51.18000027;11.43467522
51.20000027;11.43467522
51.22000027;11.61107254
51.24000027;11.43467522
51.26000027;11.61107254
51.28000027;11.43467522
51.30000027;11.43467522
51.32000027;11.61107254
51.34000027;11.43467522
51.36000027;11.43467522
51.38000027;11.43467522
51.40000026;11.43467522
51.42000026;11.43467522
51.44000026;11.43467522
51.46000026;11.43467522
51.48000026;11.43467522
51.50000026;11.43467522
51.52000026;11.43467522
51.54000026;11.61107254
51.56000026;11.43467522
51.58000026;11.43467522
51.60000026;11.43467522
51.62000026;11.61107254
51.64000026;11.61107254
51.66000026;11.43467522
51.68000026;11.43467522
51.70000026;11.43467522
51.72000026;11.43467522
51.74000026;11.61107254
51.76000026;11.43467522
51.78000026;11.43467522
51.80000026;11.43467522
51.82000026;11.43467522
51.84000026;11.43467522
51.86000026;11.61107254
51.88000026;11.43467522
51.90000026;11.43467522
51.92000026;11.43467522
51.94000026;11.61107254
51.96000026;11.43467522
51.98000026;11.61107254
52.00000026;11.61107254
52.02000026;11.61107254
52.04000026;11.61107254
52.06000026;11.43467522
52.08000026;11.61107254
52.10000026;11.43467522
52.12000026;11.43467522
52.14000026;11.43467522
52.16000026;11.43467522
52.18000026;11.43467522
52.20000026;11.43467522
52.22000026;11.43467522
52.24000026;11.61107254
52.26000026;11.61107254
52.28000026;11.43467522
52.30000026;11.43467522
52.32000026;11.43467522
52.34000026;11.43467522
52.36000026;11.43467522
52.38000026;11.43467522
52.40000026;11.43467522
52.42000026;11.43467522
52.44000026;11.61107254
52.46000026;11.43467522
52.48000026;11.61107254
52.50000026;11.43467522
52.52000026;11.43467522
52.54000026;11.43467522
52.56000026;11.43467522
52.58000026;11.43467522
52.60000026;11.43467522
52.62000026;11.43467522
52.64000026;11.43467522
52.66000026;11.61107254
52.68000026;11.43467522
52.70000026;11.43467522
52.72000026;11.43467522
52.74000026;11.43467522
52.76000026;11.61107254
52.78000026;11.43467522
52.80000026;11.43467522
52.82000026;11.43467522
52.84000026;11.43467522
52.86000026;11.43467522
52.88000026;11.43467522
52.90000026;11.43467522
52.92000026;11.43467522
52.94000026;11.43467522
52.96000026;11.43467522
52.98000026;11.61107254
53.00000026;11.43467522
53.02000026;11.43467522
53.04000025;11.43467522
53.06000025;11.43467522
53.08000025;11.43467522
53.10000025;11.43467522
53.12000025;11.43467522
53.14000025;11.43467522
53.16000025;11.43467522
53.18000025;11.61107254
53.20000025;11.61107254
53.22000025;11.43467522
53.24000025;11.43467522
53.26000025;11.61107254
53.28000025;11.61107254
53.30000025;11.43467522
53.32000025;11.61107254
53.34000025;11.43467522
53.36000025;11.43467522
53.38000025;11.43467522
53.40000025;11.61107254
53.42000025;11.61107254
53.44000025;11.61107254
53.46000025;11.43467522
53.48000025;11.61107254
53.50000025;11.43467522
53.52000025;11.43467522
53.54000025;11.43467522
53.56000025;11.43467522
53.58000025;11.61107254
53.60000025;11.43467522
53.62000025;11.43467522
53.64000025;11.61107254
53.66000025;11.43467522
53.68000025;11.61107254
53.70000025;11.43467522
53.72000025;11.43467522
53.74000025;11.43467522
53.76000025;11.43467522
53.78000025;11.43467522
53.80000025;11.43467522
53.82000025;11.43467522
53.84000025;11.43467522
53.86000025;11.43467522
53.88000025;11.61107254
53.90000025;11.43467522
53.92000025;11.43467522
53.94000025;11.43467522
53.96000025;11.61107254
53.98000025;11.61107254
54.00000025;11.61107254
54.02000025;11.61107254
54.04000025;11.43467522
54.06000025;11.43467522
54.08000025;11.43467522
54.10000025;11.43467522
54.12000025;11.43467522
54.14000025;11.43467522
54.16000025;11.43467522
54.18000025;11.61107254
54.20000025;11.43467522
54.22000025;11.43467522
54.24000025;11.43467522
54.26000025;11.61107254
54.28000025;11.43467522
54.30000025;11.43467522
54.32000025;11.43467522
54.34000025;11.43467522
54.36000025;11.61107254
54.38000025;11.43467522
54.40000025;11.43467522
54.42000025;11.43467522
54.44000025;11.43467522
54.46000025;11.43467522
54.48000025;11.43467522
54.50000025;11.61107254
54.52000025;11.43467522
54.54000025;11.43467522
54.56000025;11.43467522
54.58000025;11.43467522
54.60000025;11.43467522
54.62000025;11.43467522
54.64000025;11.43467522
54.66000025;11.43467522
54.68000024;11.43467522
54.70000024;11.61107254
54.72000024;11.61107254
54.74000024;11.43467522
54.76000024;11.43467522
54.78000024;11.43467522
54.80000024;11.43467522
54.82000024;11.61107254
54.84000024;11.43467522
54.86000024;11.43467522
54.88000024;11.43467522
54.90000024;11.43467522
54.92000024;11.61107254
54.94000024;11.61107254
54.96000024;11.61107254
54.98000024;11.43467522
55.00000024;11.43467522
55.02000024;11.43467522
55.04000024;11.61107254
55.06000024;11.43467522
55.08000024;11.43467522
55.10000024;11.43467522
55.12000024;11.43467522
55.14000024;11.61107254
55.16000024;11.61107254
55.18000024;11.61107254
55.20000024;11.43467522
55.22000024;11.43467522
55.24000024;11.43467522
55.26000024;11.61107254
55.28000024;11.61107254
55.30000024;11.43467522
55.32000024;11.43467522
55.34000024;11.61107254
55.36000024;11.43467522
55.38000024;11.43467522
55.40000024;11.43467522
55.42000024;11.61107254
55.44000024;11.43467522
55.46000024;11.43467522
55.48000024;11.61107254
55.50000024;11.61107254
55.52000024;11.43467522
55.54000024;11.43467522
55.56000024;11.43467522
55.58000024;11.61107254
55.60000024;11.61107254
55.62000024;11.43467522
55.64000024;11.43467522
55.66000024;11.43467522
55.68000024;11.43467522
55.70000024;11.43467522
55.72000024;11.43467522
55.74000024;11.43467522
55.76000024;11.61107254
55.78000024;11.43467522
55.80000024;11.43467522
55.82000024;11.43467522
55.84000024;11.43467522
55.86000024;11.43467522
55.88000024;11.43467522
55.90000024;11.43467522
55.92000024;11.43467522
55.94000024;11.43467522
55.96000024;11.43467522
55.98000024;11.43467522
56.00000024;11.43467522
56.02000024;11.61107254
56.04000024;11.43467522
56.06000024;11.43467522
56.08000024;11.43467522
56.10000024;11.43467522
56.12000024;11.43467522
56.14000024;11.43467522
56.16000024;11.61107254
56.18000024;11.43467522
56.20000024;11.43467522
56.22000024;11.43467522
56.24000024;11.43467522
56.26000024;11.61107254
56.28000024;11.43467522
56.30000024;11.43467522
56.32000024;11.43467522
56.34000023;11.43467522
56.36000023;11.43467522
56.38000023;11.43467522
56.40000023;11.61107254
56.42000023;11.43467522
56.44000023;11.61107254
56.46000023;11.61107254
56.48000023;11.61107254
56.50000023;11.43467522
56.52000023;11.61107254
56.54000023;11.43467522
56.56000023;11.43467522
56.58000023;11.43467522
56.60000023;11.61107254
56.62000023;11.43467522
56.64000023;11.43467522
56.66000023;11.61107254
56.68000023;11.43467522
56.70000023;11.61107254
56.72000023;11.43467522
56.74000023;11.43467522
56.76000023;11.43467522
56.78000023;11.43467522
56.80000023;11.43467522
56.82000023;11.61107254
56.84000023;11.43467522
56.86000023;11.43467522
56.88000023;11.43467522
56.90000023;11.43467522
56.92000023;11.61107254
56.94000023;11.43467522
56.96000023;11.43467522
56.98000023;11.43467522
57.00000023;11.61107254
57.02000023;11.43467522
57.04000023;11.43467522
57.06000023;11.61107254
57.08000023;11.43467522
57.10000023;11.43467522
57.12000023;11.43467522
57.14000023;11.61107254
57.16000023;11.61107254
57.18000023;11.43467522
57.20000023;11.43467522
57.22000023;11.43467522
57.24000023;11.43467522
57.26000023;11.43467522
57.28000023;11.43467522
57.30000023;11.61107254
57.32000023;11.61107254
57.34000023;11.43467522
57.36000023;11.61107254
57.38000023;11.43467522
57.40000023;11.61107254
57.42000023;11.43467522
57.44000023;11.43467522
57.46000023;11.43467522
57.48000023;11.61107254
57.50000023;11.43467522
57.52000023;11.43467522
57.54000023;11.43467522
57.56000023;11.43467522
57.58000023;11.61107254
57.60000023;11.43467522
57.62000023;11.61107254
57.64000023;11.43467522
57.66000023;11.43467522
57.68000023;11.61107254
57.70000023;11.61107254
57.72000023;11.61107254
57.74000023;11.61107254
57.76000023;11.43467522
57.78000023;11.61107254
57.80000023;11.61107254
57.82000023;11.61107254
57.84000023;11.43467522
57.86000023;11.43467522
57.88000023;11.61107254
57.90000023;11.61107254
57.92000023;11.61107254
57.94000023;11.43467522
57.96000023;11.61107254
57.98000022;11.43467522
58.00000022;11.43467522
58.02000022;11.43467522
58.04000022;11.43467522
58.06000022;11.61107254
58.08000022;11.43467522
58.10000022;11.43467522
58.12000022;11.61107254
58.14000022;11.43467522
58.16000022;11.43467522
58.18000022;11.43467522
58.20000022;11.43467522
58.22000022;11.43467522
58.24000022;11.43467522
58.26000022;11.43467522
58.28000022;11.61107254
58.30000022;11.43467522
58.32000022;11.43467522
58.34000022;11.43467522
58.36000022;11.61107254
58.38000022;11.43467522
58.40000022;11.43467522
58.42000022;11.43467522
58.44000022;11.43467522
58.46000022;11.61107254
58.48000022;11.43467522
58.50000022;11.61107254
58.52000022;11.61107254
58.54000022;11.61107254
58.56000022;11.61107254
58.58000022;11.61107254
58.60000022;11.43467522
58.62000022;11.43467522
58.64000022;11.61107254
58.66000022;11.61107254
58.68000022;11.61107254
58.70000022;11.43467522
58.72000022;11.61107254
58.74000022;11.61107254
58.76000022;11.61107254
58.78000022;11.61107254
58.80000022;11.43467522
58.82000022;11.43467522
58.84000022;11.61107254
58.86000022;11.43467522
58.88000022;11.43467522
58.90000022;11.43467522
58.92000022;11.61107254
58.94000022;11.43467522
58.96000022;11.61107254
58.98000022;11.61107254
59.00000022;11.43467522
59.02000022;11.43467522
59.04000022;11.43467522
59.06000022;11.61107254
59.08000022;11.43467522
59.10000022;11.43467522
59.12000022;11.43467522
59.14000022;11.61107254
59.16000022;11.61107254
59.18000022;11.43467522
59.20000022;11.61107254
59.22000022;11.61107254
59.24000022;11.61107254
59.26000022;11.61107254
59.28000022;11.43467522
59.30000022;11.43467522
59.32000022;11.61107254
59.34000022;11.43467522
59.36000022;11.43467522
59.38000022;11.43467522
59.40000022;11.43467522
59.42000022;11.61107254
59.44000022;11.61107254
59.46000022;11.61107254
59.48000022;11.43467522
59.50000022;11.43467522
59.52000022;11.43467522
59.54000022;11.61107254
59.56000022;11.61107254
59.58000022;11.43467522
59.60000022;11.43467522
59.62000021;11.61107254
59.64000021;11.43467522
59.66000021;11.61107254
59.68000021;11.43467522
59.70000021;11.43467522
59.72000021;11.61107254
59.74000021;11.61107254
59.76000021;11.43467522
59.78000021;11.61107254
59.80000021;11.43467522
59.82000021;11.43467522
59.84000021;11.43467522
59.86000021;11.43467522
59.88000021;11.61107254
59.90000021;11.43467522
59.92000021;11.43467522
59.94000021;11.61107254
59.96000021;11.61107254
59.98000021;11.43467522
60.00000021;11.43467522
60.02000021;11.61107254
60.04000021;11.43467522
60.06000021;11.43467522
60.08000021;11.61107254
60.10000021;11.61107254
60.12000021;11.43467522
60.14000021;11.61107254
60.16000021;11.43467522
60.18000021;11.61107254
60.20000021;11.43467522
60.22000021;11.61107254
60.24000021;11.43467522
60.26000021;11.61107254
60.28000021;11.61107254
60.30000021;11.61107254
60.32000021;11.61107254
60.34000021;11.43467522
60.36000021;11.43467522
60.38000021;11.43467522
60.40000021;11.43467522
60.42000021;11.61107254
60.44000021;11.43467522
60.46000021;11.61107254
60.48000021;11.43467522
60.50000021;11.43467522
60.52000021;11.43467522
60.54000021;11.43467522
60.56000021;11.43467522
60.58000021;11.43467522
60.60000021;11.43467522
60.62000021;11.61107254
60.64000021;11.61107254
60.66000021;11.43467522
60.68000021;11.43467522
60.70000021;11.43467522
60.72000021;11.61107254
60.74000021;11.61107254
60.76000021;11.43467522
60.78000021;11.61107254
60.80000021;11.43467522
60.82000021;11.61107254
60.84000021;11.61107254
60.86000021;11.43467522
60.88000021;11.43467522
60.90000021;11.43467522
60.92000021;11.43467522
60.94000021;11.43467522
60.96000021;11.43467522
60.98000021;11.43467522
61.00000021;11.43467522
61.02000021;11.43467522
61.04000021;11.43467522
61.06000021;11.43467522
61.08000021;11.43467522
61.10000021;11.43467522
61.12000021;11.43467522
61.14000021;11.43467522
61.16000021;11.61107254
61.18000021;11.43467522
61.20000021;11.43467522
61.22000021;11.43467522
61.24000021;11.61107254
61.26000021;11.61107254
61.28000020;11.43467522
61.30000020;11.61107254
61.32000020;11.43467522
61.34000020;11.61107254
61.36000020;11.61107254
61.38000020;11.61107254
61.40000020;11.61107254
61.42000020;11.43467522
61.44000020;11.43467522
61.46000020;11.43467522
61.48000020;11.61107254
61.50000020;11.43467522
61.52000020;11.43467522
61.54000020;11.43467522
61.56000020;11.61107254
61.58000020;11.61107254
61.60000020;11.43467522
61.62000020;11.61107254
61.64000020;11.61107254
61.66000020;11.43467522
61.68000020;11.61107254
61.70000020;11.61107254
61.72000020;11.61107254
61.74000020;11.43467522
61.76000020;11.43467522
61.78000020;11.43467522
61.80000020;11.43467522
61.82000020;11.61107254
61.84000020;11.43467522
61.86000020;11.43467522
61.88000020;11.61107254
61.90000020;11.43467522
61.92000020;11.43467522
61.94000020;11.61107254
61.96000020;11.61107254
61.98000020;11.43467522
62.00000020;11.61107254
62.02000020;11.61107254
62.04000020;11.61107254
62.06000020;11.43467522
62.08000020;11.61107254
62.10000020;11.61107254
62.12000020;11.43467522
62.14000020;11.43467522
62.16000020;11.43467522
62.18000020;11.61107254
62.20000020;11.43467522
62.22000020;11.43467522
62.24000020;11.43467522
62.26000020;11.43467522
62.28000020;11.43467522
62.30000020;11.43467522
62.32000020;11.43467522
62.34000020;11.43467522
62.36000020;11.43467522
62.38000020;11.43467522
62.40000020;11.61107254
62.42000020;11.43467522
62.44000020;11.43467522
62.46000020;11.43467522
62.48000020;11.61107254
62.50000020;11.43467522
62.52000020;11.43467522
62.54000020;11.61107254
62.56000020;11.61107254
62.58000020;11.43467522
62.60000020;11.61107254
62.62000020;11.61107254
62.64000020;11.43467522
62.66000020;11.43467522
62.68000020;11.43467522
62.70000020;11.43467522
62.72000020;11.43467522
62.74000020;11.43467522
62.76000020;11.61107254
62.78000020;11.43467522
62.80000020;11.43467522
62.82000020;11.61107254
62.84000020;11.43467522
62.86000020;11.61107254
62.88000020;11.43467522
62.90000020;11.61107254
62.92000019;11.61107254
62.94000019;11.43467522
62.96000019;11.43467522
62.98000019;11.43467522
63.00000019;11.61107254
63.02000019;11.43467522
63.04000019;11.61107254
63.06000019;11.43467522
63.08000019;11.43467522
63.10000019;11.61107254
63.12000019;11.43467522
63.14000019;11.43467522
63.16000019;11.43467522
63.18000019;11.61107254
63.20000019;11.61107254
63.22000019;11.43467522
63.24000019;11.43467522
63.26000019;11.43467522
63.28000019;11.61107254
63.30000019;11.43467522
63.32000019;11.43467522
63.34000019;11.43467522
63.36000019;11.61107254
63.38000019;11.43467522
63.40000019;11.61107254
63.42000019;11.61107254
63.44000019;11.61107254
63.46000019;11.43467522
63.48000019;11.43467522
63.50000019;11.43467522
63.52000019;11.61107254
63.54000019;11.61107254
63.56000019;11.43467522
63.58000019;11.43467522
63.60000019;11.43467522
63.62000019;11.43467522
63.64000019;11.43467522
63.66000019;11.43467522
63.68000019;11.43467522
63.70000019;11.43467522
63.72000019;11.43467522
63.74000019;11.43467522
63.76000019;11.43467522
63.78000019;11.43467522
63.80000019;11.43467522
63.82000019;11.43467522
63.84000019;11.43467522
63.86000019;11.43467522
63.88000019;11.61107254
63.90000019;11.43467522
63.92000019;11.43467522
63.94000019;11.43467522
63.96000019;11.43467522
63.98000019;11.61107254
64.00000019;11.43467522
64.02000019;11.43467522
64.04000019;11.43467522
64.06000019;11.43467522
64.08000019;11.43467522
64.10000019;11.43467522
64.12000019;11.43467522
64.14000019;11.43467522
64.16000019;11.43467522
64.18000019;11.61107254
64.20000019;11.61107254
64.22000019;11.43467522
64.24000019;11.43467522
64.26000019;11.43467522
64.28000019;11.43467522
64.30000019;11.61107254
64.32000019;11.43467522
64.34000019;11.43467522
64.36000019;11.43467522
64.38000019;11.61107254
64.40000019;11.43467522
64.42000019;11.61107254
64.44000019;11.61107254
64.46000019;11.43467522
64.48000019;11.43467522
64.50000019;11.43467522
64.52000019;11.61107254
64.54000019;11.43467522
64.56000018;11.61107254
64.58000018;11.43467522
64.60000018;11.43467522
64.62000018;11.43467522
64.64000018;11.43467522
64.66000018;11.43467522
64.68000018;11.61107254
64.70000018;11.43467522
64.72000018;11.61107254
64.74000018;11.43467522
64.76000018;11.61107254
64.78000018;11.61107254
64.80000018;11.43467522
64.82000018;11.61107254
64.84000018;11.43467522
64.86000018;11.43467522
64.88000018;11.43467522
64.90000018;11.43467522
64.92000018;11.43467522
64.94000018;11.43467522
64.96000018;11.43467522
64.98000018;11.43467522
65.00000018;11.43467522
65.02000018;11.43467522
65.04000018;11.61107254
65.06000018;11.43467522
65.08000018;11.61107254
65.10000018;11.43467522
65.12000018;11.61107254
65.14000018;11.43467522
65.16000018;11.43467522
65.18000018;11.43467522
65.20000018;11.43467522
65.22000018;11.43467522
65.24000018;11.43467522
65.26000018;11.61107254
65.28000018;11.43467522
65.30000018;11.43467522
65.32000018;11.43467522
65.34000018;11.61107254
65.36000018;11.61107254
65.38000018;11.43467522
65.40000018;11.43467522
65.42000018;11.43467522
65.44000018;11.43467522
65.46000018;11.61107254
65.48000018;11.61107254
65.50000018;11.61107254
65.52000018;11.43467522
65.54000018;11.43467522
65.56000018;11.43467522
65.58000018;11.61107254
65.60000018;11.43467522
65.62000018;11.61107254
65.64000018;11.43467522
65.66000018;11.43467522
65.68000018;11.61107254
65.70000018;11.43467522
65.72000018;11.43467522
65.74000018;11.43467522
65.76000018;11.43467522
65.78000018;11.43467522
65.80000018;11.43467522
65.82000018;11.61107254
65.84000018;11.61107254
65.86000018;11.61107254
65.88000018;11.61107254
65.90000018;11.61107254
65.92000018;11.43467522
65.94000018;11.61107254
65.96000018;11.43467522
65.98000018;11.43467522
66.00000018;11.61107254
66.02000018;11.61107254
66.04000018;11.61107254
66.06000018;11.43467522
66.08000018;11.43467522
66.10000018;11.61107254
66.12000018;11.43467522
66.14000018;11.43467522
66.16000018;11.61107254
66.18000018;11.43467522
66.20000017;11.61107254
66.22000017;11.43467522
66.24000017;11.43467522
66.26000017;11.43467522
66.28000017;11.43467522
66.30000017;11.43467522
66.32000017;11.43467522
66.34000017;11.43467522
66.36000017;11.43467522
66.38000017;11.61107254
66.40000017;11.43467522
66.42000017;11.43467522
66.44000017;11.43467522
66.46000017;11.43467522
66.48000017;11.43467522
66.50000017;11.43467522
66.52000017;11.61107254
66.54000017;11.43467522
66.56000017;11.43467522
66.58000017;11.61107254
66.60000017;11.43467522
66.62000017;11.43467522
66.64000017;11.43467522
66.66000017;11.61107254
66.68000017;11.43467522
66.70000017;11.43467522
66.72000017;11.61107254
66.74000017;11.61107254
66.76000017;11.43467522
66.78000017;11.61107254
66.80000017;11.43467522
66.82000017;11.43467522
66.84000017;11.43467522
66.86000017;11.61107254
66.88000017;11.61107254
66.90000017;11.43467522
66.92000017;11.61107254
66.94000017;11.43467522
66.96000017;11.61107254
66.98000017;11.61107254
67.00000017;11.43467522
67.02000017;11.43467522
67.04000017;11.61107254
67.06000017;11.61107254
67.08000017;11.43467522
67.10000017;11.43467522
67.12000017;11.61107254
67.14000017;11.43467522
67.16000017;11.43467522
67.18000017;11.61107254
67.20000017;11.61107254
67.22000017;11.43467522
67.24000017;11.61107254
67.26000017;11.43467522
67.28000017;11.43467522
67.30000017;11.61107254
67.32000017;11.61107254
67.34000017;11.43467522
67.36000017;11.43467522
67.38000017;11.43467522
67.40000017;11.43467522
67.42000017;11.43467522
67.44000017;11.61107254
67.46000017;11.43467522
67.48000017;11.43467522
67.50000017;11.43467522
67.52000017;11.43467522
67.54000017;11.43467522
67.56000017;11.43467522
67.58000017;11.43467522
67.60000017;11.61107254
67.62000017;11.43467522
67.64000017;11.43467522
67.66000017;11.43467522
67.68000017;11.61107254
67.70000017;11.43467522
67.72000017;11.61107254
67.74000017;11.43467522
67.76000017;11.43467522
67.78000017;11.61107254
67.80000017;11.43467522
67.82000017;11.61107254
67.84000017;11.43467522
67.86000016;11.43467522
67.88000016;11.43467522
67.90000016;11.61107254
67.92000016;11.61107254
67.94000016;11.61107254
67.96000016;11.43467522
67.98000016;11.43467522
68.00000016;11.61107254
68.02000016;11.43467522
68.04000016;11.43467522
68.06000016;11.61107254
68.08000016;11.43467522
68.10000016;11.61107254
68.12000016;11.43467522
68.14000016;11.61107254
68.16000016;11.43467522
68.18000016;11.43467522
68.20000016;11.43467522
68.22000016;11.43467522
68.24000016;11.43467522
68.26000016;11.61107254
68.28000016;11.43467522
68.30000016;11.61107254
68.32000016;11.43467522
68.34000016;11.43467522
68.36000016;11.61107254
68.38000016;11.43467522
68.40000016;11.43467522
68.42000016;11.43467522
68.44000016;11.61107254
68.46000016;11.43467522
68.48000016;11.61107254
68.50000016;11.61107254
68.52000016;11.43467522
68.54000016;11.61107254
68.56000016;11.61107254
68.58000016;11.43467522
68.60000016;11.61107254
68.62000016;11.43467522
68.64000016;11.61107254
68.66000016;11.43467522
68.68000016;11.61107254
68.70000016;11.43467522
68.72000016;11.61107254
68.74000016;11.43467522
68.76000016;11.43467522
68.78000016;11.43467522
68.80000016;11.43467522
68.82000016;11.43467522
68.84000016;11.61107254
68.86000016;11.43467522
68.88000016;11.43467522
68.90000016;11.43467522
68.92000016;11.61107254
68.94000016;11.61107254
68.96000016;11.61107254
68.98000016;11.43467522
69.00000016;11.61107254
69.02000016;11.61107254
69.04000016;11.43467522
69.06000016;11.43467522
69.08000016;11.43467522
69.10000016;11.43467522
69.12000016;11.43467522
69.14000016;11.43467522
69.16000016;11.43467522
69.18000016;11.43467522
69.20000016;11.43467522
69.22000016;11.43467522
69.24000016;11.43467522
69.26000016;11.43467522
69.28000016;11.43467522
69.30000016;11.43467522
69.32000016;11.43467522
69.34000016;11.61107254
69.36000016;11.43467522
69.38000016;11.43467522
69.40000016;11.61107254
69.42000016;11.43467522
69.44000016;11.43467522
69.46000016;11.43467522
69.48000016;11.61107254
69.50000015;11.43467522
69.52000015;11.43467522
69.54000015;11.43467522
69.56000015;11.61107254
69.58000015;11.43467522
69.60000015;11.61107254
69.62000015;11.43467522
69.64000015;11.61107254
69.66000015;11.61107254
69.68000015;11.61107254
69.70000015;11.61107254
69.72000015;11.43467522
69.74000015;11.43467522
69.76000015;11.43467522
69.78000015;11.61107254
69.80000015;11.61107254
69.82000015;11.43467522
69.84000015;11.43467522
69.86000015;11.43467522
69.88000015;11.43467522
69.90000015;11.43467522
69.92000015;11.43467522
69.94000015;11.61107254
69.96000015;11.43467522
69.98000015;11.43467522
70.00000015;11.61107254
70.02000015;11.43467522
70.04000015;11.43467522
70.06000015;11.43467522
70.08000015;11.43467522
70.10000015;11.61107254
70.12000015;11.43467522
70.14000015;11.43467522
70.16000015;11.43467522
70.18000015;11.43467522
70.20000015;11.43467522
70.22000015;11.43467522
70.24000015;11.43467522
70.26000015;11.43467522
70.28000015;11.43467522
70.30000015;11.61107254
70.32000015;11.43467522
70.34000015;11.43467522
70.36000015;11.43467522
70.38000015;11.43467522
70.40000015;11.61107254
70.42000015;11.43467522
70.44000015;11.61107254
70.46000015;11.43467522
70.48000015;11.43467522
70.50000015;11.43467522
70.52000015;11.43467522
70.54000015;11.61107254
70.56000015;11.43467522
70.58000015;11.43467522
70.60000015;11.61107254
70.62000015;11.43467522
70.64000015;11.43467522
70.66000015;11.43467522
70.68000015;11.61107254
70.70000015;11.43467522
70.72000015;11.43467522
70.74000015;11.43467522
70.76000015;11.43467522
70.78000015;11.43467522
70.80000015;11.61107254
70.82000015;11.43467522
70.84000015;11.43467522
70.86000015;11.43467522
70.88000015;11.43467522
70.90000015;11.43467522
70.92000015;11.43467522
70.94000015;11.61107254
70.96000015;11.43467522
70.98000015;11.43467522
71.00000015;11.61107254
71.02000015;11.43467522
71.04000015;11.43467522
71.06000015;11.43467522
71.08000015;11.61107254
71.10000015;11.61107254
71.12000015;11.43467522
71.14000014;11.61107254
71.16000014;11.61107254
71.18000014;11.43467522
71.20000014;11.43467522
71.22000014;11.61107254
71.24000014;11.61107254
71.26000014;11.43467522
71.28000014;11.43467522
71.30000014;11.43467522
71.32000014;11.61107254
71.34000014;11.43467522
71.36000014;11.43467522
71.38000014;11.43467522
71.40000014;11.61107254
71.42000014;11.43467522
71.44000014;11.43467522
71.46000014;11.61107254
71.48000014;11.43467522
71.50000014;11.43467522
71.52000014;11.61107254
71.54000014;11.43467522
71.56000014;11.43467522
71.58000014;11.61107254
71.60000014;11.61107254
71.62000014;11.43467522
71.64000014;11.43467522
71.66000014;11.61107254
71.68000014;11.61107254
71.70000014;11.43467522
71.72000014;11.43467522
71.74000014;11.61107254
71.76000014;11.43467522
71.78000014;11.61107254
71.80000014;11.61107254
71.82000014;11.43467522
71.84000014;11.61107254
71.86000014;11.61107254
71.88000014;11.43467522
71.90000014;11.43467522
71.92000014;11.61107254
71.94000014;11.43467522
71.96000014;11.43467522
71.98000014;11.61107254
72.00000014;11.61107254
72.02000014;11.43467522
72.04000014;11.43467522
72.06000014;11.43467522
72.08000014;11.61107254
72.10000014;11.43467522
72.12000014;11.43467522
72.14000014;11.43467522
72.16000014;11.61107254
72.18000014;11.61107254
72.20000014;11.43467522
72.22000014;11.43467522
72.24000014;11.43467522
72.26000014;11.43467522
72.28000014;11.43467522
72.30000014;11.43467522
72.32000014;11.61107254
72.34000014;11.43467522
72.36000014;11.43467522
72.38000014;11.43467522
72.40000014;11.43467522
72.42000014;11.61107254
72.44000014;11.43467522
72.46000014;11.61107254
72.48000014;11.61107254
72.50000014;11.61107254
72.52000014;11.61107254
72.54000014;11.61107254
72.56000014;11.61107254
72.58000014;11.43467522
72.60000014;11.43467522
72.62000014;11.43467522
72.64000014;11.61107254
72.66000014;11.43467522
72.68000014;11.43467522
72.70000014;11.43467522
72.72000014;11.43467522
72.74000014;11.43467522
72.76000014;11.43467522
72.78000013;11.43467522
72.80000013;11.43467522
72.82000013;11.43467522
72.84000013;11.61107254
72.86000013;11.61107254
72.88000013;11.61107254
72.90000013;11.43467522
72.92000013;11.43467522
72.94000013;11.61107254
72.96000013;11.43467522
72.98000013;11.61107254
73.00000013;11.61107254
73.02000013;11.43467522
73.04000013;11.43467522
73.06000013;11.43467522
73.08000013;11.61107254
73.10000013;11.43467522
73.12000013;11.43467522
73.14000013;11.43467522
73.16000013;11.43467522
73.18000013;11.61107254
73.20000013;11.43467522
73.22000013;11.61107254
73.24000013;11.43467522
73.26000013;11.61107254
73.28000013;11.43467522
73.30000013;11.61107254
73.32000013;11.43467522
73.34000013;11.61107254
73.36000013;11.43467522
73.38000013;11.61107254
73.40000013;11.43467522
73.42000013;11.61107254
73.44000013;11.43467522
73.46000013;11.61107254
73.48000013;11.43467522
73.50000013;11.61107254
73.52000013;11.61107254
73.54000013;11.43467522
73.56000013;11.61107254
73.58000013;11.43467522
73.60000013;11.61107254
73.62000013;11.61107254
73.64000013;11.61107254
73.66000013;11.43467522
73.68000013;11.61107254
73.70000013;11.61107254
73.72000013;11.43467522
73.74000013;11.61107254
73.76000013;11.43467522
73.78000013;11.43467522
73.80000013;11.43467522
73.82000013;11.43467522
73.84000013;11.43467522
73.86000013;11.61107254
73.88000013;11.61107254
73.90000013;11.43467522
73.92000013;11.61107254
73.94000013;11.43467522
73.96000013;11.61107254
73.98000013;11.43467522
74.00000013;11.43467522
74.02000013;11.43467522
74.04000013;11.61107254
74.06000013;11.43467522
74.08000013;11.61107254
74.10000013;11.61107254
74.12000013;11.43467522
74.14000013;11.43467522
74.16000013;11.43467522
74.18000013;11.43467522
74.20000013;11.61107254
74.22000013;11.43467522
74.24000013;11.43467522
74.26000013;11.43467522
74.28000013;11.61107254
74.30000013;11.43467522
74.32000013;11.61107254
74.34000013;11.61107254
74.36000013;11.61107254
74.38000013;11.61107254
74.40000013;11.43467522
74.42000013;11.61107254
74.44000012;11.43467522
74.46000012;11.43467522
74.48000012;11.61107254
74.50000012;11.43467522
74.52000012;11.61107254
74.54000012;11.61107254
74.56000012;11.61107254
74.58000012;11.61107254
74.60000012;11.43467522
74.62000012;11.43467522
74.64000012;11.43467522
74.66000012;11.61107254
74.68000012;11.43467522
74.70000012;11.61107254
74.72000012;11.43467522
74.74000012;11.61107254
74.76000012;11.43467522
74.78000012;11.43467522
74.80000012;11.43467522
74.82000012;11.43467522
74.84000012;11.61107254
74.86000012;11.43467522
74.88000012;11.43467522
74.90000012;11.43467522
74.92000012;11.61107254
74.94000012;11.61107254
74.96000012;11.43467522
74.98000012;11.61107254
75.00000012;11.61107254
75.02000012;11.43467522
75.04000012;11.43467522
75.06000012;11.61107254
75.08000012;11.43467522
75.10000012;11.43467522
75.12000012;11.61107254
75.14000012;11.43467522
75.16000012;11.43467522
75.18000012;11.61107254
75.20000012;11.43467522
75.22000012;11.43467522
75.24000012;11.61107254
75.26000012;11.43467522
75.28000012;11.43467522
75.30000012;11.43467522
75.32000012;11.61107254
75.34000012;11.43467522
75.36000012;11.61107254
75.38000012;11.43467522
75.40000012;11.61107254
75.42000012;11.61107254
75.44000012;11.43467522
75.46000012;11.61107254
75.48000012;11.43467522
75.50000012;11.61107254
75.52000012;11.43467522
75.54000012;11.61107254
75.56000012;11.43467522
75.58000012;11.61107254
75.60000012;11.43467522
75.62000012;11.43467522
75.64000012;11.43467522
75.66000012;11.43467522
75.68000012;11.61107254
75.70000012;11.61107254
75.72000012;11.43467522
75.74000012;11.43467522
75.76000012;11.43467522
75.78000012;11.43467522
75.80000012;11.43467522
75.82000012;11.61107254
75.84000012;11.61107254
75.86000012;11.43467522
75.88000012;11.61107254
75.90000012;11.43467522
75.92000012;11.43467522
75.94000012;11.61107254
75.96000012;11.43467522
75.98000012;11.43467522
76.00000012;11.43467522
76.02000012;11.43467522
76.04000012;11.43467522
76.06000012;11.43467522
76.08000011;11.61107254
76.10000011;11.61107254
76.12000011;11.61107254
76.14000011;11.43467522
76.16000011;11.43467522
76.18000011;11.61107254
76.20000011;11.61107254
76.22000011;11.61107254
76.24000011;11.61107254
76.26000011;11.43467522
76.28000011;11.43467522
76.30000011;11.43467522
76.32000011;11.61107254
76.34000011;11.43467522
76.36000011;11.43467522
76.38000011;11.61107254
76.40000011;11.61107254
76.42000011;11.43467522
76.44000011;11.61107254
76.46000011;11.61107254
76.48000011;11.43467522
76.50000011;11.61107254
76.52000011;11.43467522
76.54000011;11.43467522
76.56000011;11.43467522
76.58000011;11.43467522
76.60000011;11.43467522
76.62000011;11.43467522
76.64000011;11.43467522
76.66000011;11.61107254
76.68000011;11.43467522
76.70000011;11.61107254
76.72000011;11.43467522
76.74000011;11.61107254
76.76000011;11.43467522
76.78000011;11.43467522
76.80000011;11.61107254
76.82000011;11.43467522
76.84000011;11.61107254
76.86000011;11.61107254
76.88000011;11.61107254
76.90000011;11.43467522
76.92000011;11.43467522
76.94000011;11.43467522
76.96000011;11.43467522
76.98000011;11.43467522
77.00000011;11.43467522
77.02000011;11.61107254
77.04000011;11.43467522
77.06000011;11.61107254
77.08000011;11.43467522
77.10000011;11.61107254
77.12000011;11.43467522
77.14000011;11.61107254
77.16000011;11.43467522
77.18000011;11.43467522
77.20000011;11.43467522
77.22000011;11.43467522
77.24000011;11.61107254
77.26000011;11.43467522
77.28000011;11.43467522
77.30000011;11.43467522
77.32000011;11.61107254
77.34000011;11.61107254
77.36000011;11.43467522
77.38000011;11.61107254
77.40000011;11.43467522
77.42000011;11.43467522
77.44000011;11.43467522
77.46000011;11.61107254
77.48000011;11.61107254
77.50000011;11.61107254
77.52000011;11.61107254
77.54000011;11.61107254
77.56000011;11.61107254
77.58000011;11.61107254
77.60000011;11.43467522
77.62000011;11.61107254
77.64000011;11.43467522
77.66000011;11.61107254
77.68000011;11.43467522
77.70000011;11.61107254
77.72000010;11.43467522
77.74000010;11.61107254
77.76000010;11.61107254
77.78000010;11.61107254
77.80000010;11.61107254
77.82000010;11.61107254
77.84000010;11.43467522
77.86000010;11.61107254
77.88000010;11.61107254
77.90000010;11.43467522
77.92000010;11.43467522
77.94000010;11.43467522
77.96000010;11.61107254
77.98000010;11.61107254
78.00000010;11.61107254
78.02000010;11.43467522
78.04000010;11.43467522
78.06000010;11.43467522
78.08000010;11.43467522
78.10000010;11.43467522
78.12000010;11.43467522
78.14000010;11.43467522
78.16000010;11.43467522
78.18000010;11.43467522
78.20000010;11.43467522
78.22000010;11.43467522
78.24000010;11.43467522
78.26000010;11.43467522
78.28000010;11.61107254
78.30000010;11.61107254
78.32000010;11.61107254
78.34000010;11.43467522
78.36000010;11.43467522
78.38000010;11.61107254
78.40000010;11.61107254
78.42000010;11.43467522
78.44000010;11.43467522
78.46000010;11.43467522
78.48000010;11.43467522
78.50000010;11.43467522
78.52000010;11.43467522
78.54000010;11.61107254
78.56000010;11.43467522
78.58000010;11.43467522
78.60000010;11.61107254
78.62000010;11.61107254
78.64000010;11.43467522
78.66000010;11.43467522
78.68000010;11.43467522
78.70000010;11.43467522
78.72000010;11.43467522
78.74000010;11.43467522
78.76000010;11.61107254
78.78000010;11.61107254
78.80000010;11.61107254
78.82000010;11.61107254
78.84000010;11.61107254
78.86000010;11.43467522
78.88000010;11.61107254
78.90000010;11.61107254
78.92000010;11.43467522
78.94000010;11.61107254
78.96000010;11.61107254
78.98000010;11.43467522
79.00000010;11.61107254
79.02000010;11.61107254
79.04000010;11.61107254
79.06000010;11.43467522
79.08000010;11.43467522
79.10000010;11.43467522
79.12000010;11.43467522
79.14000010;11.61107254
79.16000010;11.43467522
79.18000010;11.61107254
79.20000010;11.43467522
79.22000010;11.43467522
79.24000010;11.43467522
79.26000010;11.61107254
79.28000010;11.43467522
79.30000010;11.43467522
79.32000010;11.43467522
79.34000010;11.61107254
79.36000010;11.61107254
79.38000009;11.61107254
79.40000009;11.43467522
79.42000009;11.43467522
79.44000009;11.43467522
79.46000009;11.43467522
79.48000009;11.43467522
79.50000009;11.61107254
79.52000009;11.43467522
79.54000009;11.43467522
79.56000009;11.43467522
79.58000009;11.43467522
79.60000009;11.43467522
79.62000009;11.61107254
79.64000009;11.43467522
79.66000009;11.61107254
79.68000009;11.43467522
79.70000009;11.43467522
79.72000009;11.43467522
79.74000009;11.43467522
79.76000009;11.43467522
79.78000009;11.43467522
79.80000009;11.43467522
79.82000009;11.43467522
79.84000009;11.43467522
79.86000009;11.43467522
79.88000009;11.43467522
79.90000009;11.43467522
79.92000009;11.43467522
79.94000009;11.43467522
79.96000009;11.61107254
79.98000009;11.43467522
80.00000009;11.43467522
80.02000009;11.61107254
80.04000009;11.43467522
80.06000009;11.43467522
80.08000009;11.43467522
80.10000009;11.61107254
80.12000009;11.61107254
80.14000009;11.43467522
80.16000009;11.43467522
80.18000009;11.43467522
80.20000009;11.43467522
80.22000009;11.61107254
80.24000009;11.61107254
80.26000009;11.43467522
80.28000009;11.61107254
80.30000009;11.61107254
80.32000009;11.43467522
80.34000009;11.61107254
80.36000009;11.43467522
80.38000009;11.61107254
80.40000009;11.43467522
80.42000009;11.61107254
80.44000009;11.43467522
80.46000009;11.43467522
80.48000009;11.43467522
80.50000009;11.43467522
80.52000009;11.43467522
80.54000009;11.61107254
80.56000009;11.43467522
80.58000009;11.61107254
80.60000009;11.61107254
80.62000009;11.43467522
80.64000009;11.43467522
80.66000009;11.43467522
80.68000009;11.61107254
80.70000009;11.43467522
80.72000009;11.43467522
80.74000009;11.43467522
80.76000009;11.43467522
80.78000009;11.43467522
80.80000009;11.43467522
80.82000009;11.43467522
80.84000009;11.43467522
80.86000009;11.61107254
80.88000009;11.61107254
80.90000009;11.43467522
80.92000009;11.43467522
80.94000009;11.43467522
80.96000009;11.43467522
80.98000009;11.43467522
81.00000009;11.61107254
81.02000008;11.43467522
81.04000008;11.43467522
81.06000008;11.43467522
81.08000008;11.43467522
81.10000008;11.61107254
81.12000008;11.43467522
81.14000008;11.43467522
81.16000008;11.43467522
81.18000008;11.43467522
81.20000008;11.61107254
81.22000008;11.43467522
81.24000008;11.43467522
81.26000008;11.43467522
81.28000008;11.43467522
81.30000008;11.43467522
81.32000008;11.43467522
81.34000008;11.43467522
81.36000008;11.43467522
81.38000008;11.43467522
81.40000008;11.43467522
81.42000008;11.43467522
81.44000008;11.61107254
81.46000008;11.43467522
81.48000008;11.43467522
81.50000008;11.61107254
81.52000008;11.43467522
81.54000008;11.43467522
81.56000008;11.61107254
81.58000008;11.43467522
81.60000008;11.61107254
81.62000008;11.61107254
81.64000008;11.43467522
81.66000008;11.43467522
81.68000008;11.61107254
81.70000008;11.43467522
81.72000008;11.61107254
81.74000008;11.61107254
81.76000008;11.61107254
81.78000008;11.43467522
81.80000008;11.61107254
81.82000008;11.43467522
81.84000008;11.43467522
81.86000008;11.43467522
81.88000008;11.43467522
81.90000008;11.43467522
81.92000008;11.61107254
81.94000008;11.61107254
81.96000008;11.43467522
81.98000008;11.61107254
82.00000008;11.43467522
82.02000008;11.61107254
82.04000008;11.43467522
82.06000008;11.61107254
82.08000008;11.43467522
82.10000008;11.43467522
82.12000008;11.43467522
82.14000008;11.61107254
82.16000008;11.61107254
82.18000008;11.43467522
82.20000008;11.43467522
82.22000008;11.43467522
82.24000008;11.43467522
82.26000008;11.43467522
82.28000008;11.43467522
82.30000008;11.61107254
82.32000008;11.43467522
82.34000008;11.43467522
82.36000008;11.43467522
82.38000008;11.61107254
82.40000008;11.43467522
82.42000008;11.61107254
82.44000008;11.43467522
82.46000008;11.43467522
82.48000008;11.43467522
82.50000008;11.61107254
82.52000008;11.43467522
82.54000008;11.43467522
82.56000008;11.61107254
82.58000008;11.43467522
82.60000008;11.43467522
82.62000008;11.43467522
82.64000008;11.43467522
82.66000007;11.43467522
82.68000007;11.61107254
82.70000007;11.43467522
82.72000007;11.61107254
82.74000007;11.43467522
82.76000007;11.43467522
82.78000007;11.43467522
82.80000007;11.43467522
82.82000007;11.43467522
82.84000007;11.61107254
82.86000007;11.43467522
82.88000007;11.43467522
82.90000007;11.43467522
82.92000007;11.61107254
82.94000007;11.43467522
82.96000007;11.43467522
82.98000007;11.43467522
83.00000007;11.43467522
83.02000007;11.61107254
83.04000007;11.43467522
83.06000007;11.61107254
83.08000007;11.61107254
83.10000007;11.43467522
83.12000007;11.43467522
83.14000007;11.43467522
83.16000007;11.61107254
83.18000007;11.61107254
83.20000007;11.43467522
83.22000007;11.61107254
83.24000007;11.43467522
83.26000007;11.61107254
83.28000007;11.43467522
83.30000007;11.43467522
83.32000007;11.43467522
83.34000007;11.43467522
83.36000007;11.43467522
83.38000007;11.43467522
83.40000007;11.43467522
83.42000007;11.43467522
83.44000007;11.43467522
83.46000007;11.61107254
83.48000007;11.43467522
83.50000007;11.43467522
83.52000007;11.43467522
83.54000007;11.43467522
83.56000007;11.43467522
83.58000007;11.61107254
83.60000007;11.43467522
83.62000007;11.61107254
83.64000007;11.43467522
83.66000007;11.43467522
83.68000007;11.61107254
83.70000007;11.43467522
83.72000007;11.43467522
83.74000007;11.43467522
83.76000007;11.43467522
83.78000007;11.61107254
83.80000007;11.43467522
83.82000007;11.43467522
83.84000007;11.61107254
83.86000007;11.43467522
83.88000007;11.61107254
83.90000007;11.43467522
83.92000007;11.43467522
83.94000007;11.43467522
83.96000007;11.61107254
83.98000007;11.43467522
84.00000007;11.43467522
