-16.05541547;11.43467522
-16.03541547;11.43467522
-16.01541547;11.43467522
-15.99541547;11.43467522
-15.97541547;11.43467522
-15.95541547;11.43467522
-15.93541547;11.43467522
-15.91541547;11.61107254
-15.89541547;11.43467522
-15.87541547;11.43467522
-15.85541547;11.43467522
-15.83541547;11.43467522
-15.81541547;11.61107254
-15.79541547;11.61107254
-15.77541547;11.61107254
-15.75541547;11.43467522
-15.73541547;11.43467522
-15.71541547;11.43467522
-15.69541547;11.43467522
-15.67541547;11.61107254
-15.65541547;11.61107254
-15.63541547;11.43467522
-15.61541547;11.43467522
-15.59541547;11.43467522
-15.57541547;11.61107254
-15.55541547;11.43467522
-15.53541547;11.43467522
-15.51541548;11.61107254
-15.49541548;11.43467522
-15.47541548;11.43467522
-15.45541548;11.43467522
-15.43541548;11.61107254
-15.41541548;11.43467522
-15.39541548;11.43467522
-15.37541548;11.61107254
-15.35541548;11.61107254
-15.33541548;11.43467522
-15.31541548;11.43467522
-15.29541548;11.43467522
-15.27541548;11.43467522
-15.25541548;11.43467522
-15.23541548;11.43467522
-15.21541548;11.43467522
-15.19541548;11.43467522
-15.17541548;11.43467522
-15.15541548;11.43467522
-15.13541548;11.43467522
-15.11541548;11.43467522
-15.09541548;11.61107254
-15.07541548;11.43467522
-15.05541548;11.61107254
-15.03541548;11.43467522
-15.01541548;11.43467522
-14.99541548;11.43467522
-14.97541548;11.61107254
-14.95541548;11.43467522
-14.93541548;11.43467522
-14.91541548;11.61107254
-14.89541548;11.43467522
-14.87541548;11.43467522
-14.85541548;11.43467522
-14.83541548;11.43467522
-14.81541548;11.43467522
-14.79541548;11.43467522
-14.77541548;11.61107254
-14.75541548;11.43467522
-14.73541548;11.61107254
-14.71541548;11.43467522
-14.69541548;11.43467522
-14.67541548;11.43467522
-14.65541548;11.43467522
-14.63541548;11.43467522
-14.61541548;11.43467522
-14.59541548;11.43467522
-14.57541548;11.61107254
-14.55541548;11.43467522
-14.53541548;11.43467522
-14.51541548;11.43467522
-14.49541548;11.43467522
-14.47541548;11.61107254
-14.45541548;11.43467522
-14.43541548;11.61107254
-14.41541548;11.61107254
-14.39541548;11.43467522
-14.37541548;11.43467522
-14.35541548;11.43467522
-14.33541548;11.61107254
-14.31541548;11.61107254
-14.29541548;11.43467522
-14.27541548;11.43467522
-14.25541548;11.43467522
-14.23541548;11.43467522
-14.21541548;11.43467522
-14.19541548;11.43467522
-14.17541548;11.43467522
-14.15541548;11.61107254
-14.13541548;11.43467522
-14.11541548;11.61107254
-14.09541548;11.61107254
-14.07541548;11.43467522
-14.05541548;11.43467522
-14.03541548;11.43467522
-14.01541548;11.43467522
-13.99541548;11.43467522
-13.97541548;11.43467522
-13.95541548;11.43467522
-13.93541548;11.43467522
-13.91541548;11.43467522
-13.89541548;11.61107254
-13.87541549;11.43467522
-13.85541549;11.43467522
-13.83541549;11.43467522
-13.81541549;11.43467522
-13.79541549;11.61107254
-13.77541549;11.61107254
-13.75541549;11.61107254
-13.73541549;11.43467522
-13.71541549;11.43467522
-13.69541549;11.61107254
-13.67541549;11.43467522
-13.65541549;11.43467522
-13.63541549;11.43467522
-13.61541549;11.43467522
-13.59541549;11.43467522
-13.57541549;11.43467522
-13.55541549;11.43467522
-13.53541549;11.61107254
-13.51541549;11.43467522
-13.49541549;11.43467522
-13.47541549;11.43467522
-13.45541549;11.43467522
-13.43541549;11.43467522
-13.41541549;11.43467522
-13.39541549;11.43467522
-13.37541549;11.61107254
-13.35541549;11.43467522
-13.33541549;11.43467522
-13.31541549;11.61107254
-13.29541549;11.61107254
-13.27541549;11.43467522
-13.25541549;11.43467522
-13.23541549;11.61107254
-13.21541549;11.43467522
-13.19541549;11.61107254
-13.17541549;11.43467522
-13.15541549;11.43467522
-13.13541549;11.43467522
-13.11541549;11.43467522
-13.09541549;11.43467522
-13.07541549;11.43467522
-13.05541549;11.43467522
-13.03541549;11.61107254
-13.01541549;11.61107254
-12.99541549;11.43467522
-12.97541549;11.61107254
-12.95541549;11.43467522
-12.93541549;11.43467522
-12.91541549;11.43467522
-12.89541549;11.43467522
-12.87541549;11.61107254
-12.85541549;11.43467522
-12.83541549;11.43467522
-12.81541549;11.61107254
-12.79541549;11.43467522
-12.77541549;11.43467522
-12.75541549;11.43467522
-12.73541549;11.43467522
-12.71541549;11.61107254
-12.69541549;11.43467522
-12.67541549;11.43467522
-12.65541549;11.43467522
-12.63541549;11.43467522
-12.61541549;11.61107254
-12.59541549;11.43467522
-12.57541549;11.61107254
-12.55541549;11.43467522
-12.53541549;11.43467522
-12.51541549;11.43467522
-12.49541549;11.43467522
-12.47541549;11.61107254
-12.45541549;11.43467522
-12.43541549;11.43467522
-12.41541549;11.61107254
-12.39541549;11.61107254
-12.37541549;11.61107254
-12.35541549;11.43467522
-12.33541549;11.43467522
-12.31541549;11.43467522
-12.29541549;11.43467522
-12.27541549;11.43467522
-12.25541549;11.43467522
-12.23541549;11.43467522
-12.21541550;11.43467522
-12.19541550;11.43467522
-12.17541550;11.43467522
-12.15541550;11.43467522
-12.13541550;11.43467522
-12.11541550;11.43467522
-12.09541550;11.43467522
-12.07541550;11.43467522
-12.05541550;11.43467522
-12.03541550;11.43467522
-12.01541550;11.61107254
-11.99541550;11.61107254
-11.97541550;11.43467522
-11.95541550;11.43467522
-11.93541550;11.43467522
-11.91541550;11.43467522
-11.89541550;11.43467522
-11.87541550;11.43467522
-11.85541550;11.43467522
-11.83541550;11.43467522
-11.81541550;11.43467522
-11.79541550;11.43467522
-11.77541550;11.43467522
-11.75541550;11.61107254
-11.73541550;11.61107254
-11.71541550;11.61107254
-11.69541550;11.61107254
-11.67541550;11.43467522
-11.65541550;11.43467522
-11.63541550;11.61107254
-11.61541550;11.43467522
-11.59541550;11.61107254
-11.57541550;11.43467522
-11.55541550;11.43467522
-11.53541550;11.61107254
-11.51541550;11.61107254
-11.49541550;11.43467522
-11.47541550;11.61107254
-11.45541550;11.43467522
-11.43541550;11.43467522
-11.41541550;11.61107254
-11.39541550;11.61107254
-11.37541550;11.43467522
-11.35541550;11.43467522
-11.33541550;11.43467522
-11.31541550;11.43467522
-11.29541550;11.43467522
-11.27541550;11.43467522
-11.25541550;11.43467522
-11.23541550;11.61107254
-11.21541550;11.61107254
-11.19541550;11.43467522
-11.17541550;11.43467522
-11.15541550;11.43467522
-11.13541550;11.43467522
-11.11541550;11.43467522
-11.09541550;11.61107254
-11.07541550;11.61107254
-11.05541550;11.43467522
-11.03541550;11.43467522
-11.01541550;11.43467522
-10.99541550;11.43467522
-10.97541550;11.43467522
-10.95541550;11.43467522
-10.93541550;11.43467522
-10.91541550;11.61107254
-10.89541550;11.43467522
-10.87541550;11.61107254
-10.85541550;11.43467522
-10.83541550;11.61107254
-10.81541550;11.43467522
-10.79541550;11.43467522
-10.77541550;11.61107254
-10.75541550;11.43467522
-10.73541550;11.43467522
-10.71541550;11.43467522
-10.69541550;11.61107254
-10.67541550;11.43467522
-10.65541550;11.43467522
-10.63541550;11.43467522
-10.61541550;11.43467522
-10.59541550;11.43467522
-10.57541551;11.43467522
-10.55541551;11.43467522
-10.53541551;11.61107254
-10.51541551;11.43467522
-10.49541551;11.61107254
-10.47541551;11.43467522
-10.45541551;11.43467522
-10.43541551;11.43467522
-10.41541551;11.43467522
-10.39541551;11.61107254
-10.37541551;11.61107254
-10.35541551;11.61107254
-10.33541551;11.61107254
-10.31541551;11.43467522
-10.29541551;11.61107254
-10.27541551;11.61107254
-10.25541551;11.43467522
-10.23541551;11.43467522
-10.21541551;11.43467522
-10.19541551;11.43467522
-10.17541551;11.61107254
-10.15541551;11.61107254
-10.13541551;11.43467522
-10.11541551;11.61107254
-10.09541551;11.61107254
-10.07541551;11.43467522
-10.05541551;11.61107254
-10.03541551;11.61107254
-10.01541551;11.43467522
-9.99541551;11.43467522
-9.97541551;11.43467522
-9.95541551;10.19928551
-9.93541551;9.49369812
-9.91541551;9.31730080
-9.89541551;8.96450710
-9.87541551;8.08191204
-9.85541551;7.37571335
-9.83541551;7.02291918
-9.81541551;6.31733131
-9.79541551;5.78752995
-9.77541551;5.25833941
-9.75541551;4.72914839
-9.73541551;4.37574387
-9.71541551;3.84655285
-9.69541551;3.49375892
-9.67541551;2.96395755
-9.65541551;2.61116362
-9.63541551;2.25836968
-9.61541551;1.90557575
-9.59541551;1.72856832
-9.57541551;1.37577438
-9.55541551;1.37577438
-9.53541551;1.02298045
-9.51541551;1.02298045
-9.49541551;0.84658343
-9.47541551;0.67018646
-9.45541551;0.67018646
-9.43541551;0.67018646
-9.41541551;0.67018646
-9.39541551;0.49378949
-9.37541551;0.31739250
-9.35541551;0.31739250
-9.33541551;0.31739250
-9.31541551;0.31739250
-9.29541551;0.67018646
-9.27541551;1.19937742
-9.25541551;1.02298045
-9.23541551;0.84658343
-9.21541551;0.67018646
-9.19541551;0.67018646
-9.17541551;0.31739250
-9.15541551;0.31739250
-9.13541551;0.67018646
-9.11541551;0.31739250
-9.09541551;0.14099552
-9.07541551;0.31739250
-9.05541551;0.31739250
-9.03541551;0.14099552
-9.01541551;0.14099552
-8.99541551;0.31739250
-8.97541551;0.14099552
-8.95541551;0.14099552
-8.93541552;0.31739250
-8.91541552;0.14099552
-8.89541552;0.14099552
-8.87541552;0.14099552
-8.85541552;0.14099552
-8.83541552;0.14099552
-8.81541552;0.14099552
-8.79541552;0.14099552
-8.77541552;-0.03540147
-8.75541552;0.14099552
-8.73541552;0.14099552
-8.71541552;0.14099552
-8.69541552;0.14099552
-8.67541552;0.14099552
-8.65541552;0.14099552
-8.63541552;0.14099552
-8.61541552;0.14099552
-8.59541552;0.14099552
-8.57541552;0.14099552
-8.55541552;0.14099552
-8.53541552;0.14099552
-8.51541552;-0.03540147
-8.49541552;0.14099552
-8.47541552;0.14099552
-8.45541552;0.14099552
-8.43541552;0.14099552
-8.41541552;0.14099552
-8.39541552;0.14099552
-8.37541552;0.14099552
-8.35541552;0.14099552
-8.33541552;0.14099552
-8.31541552;0.14099552
-8.29541552;0.14099552
-8.27541552;0.14099552
-8.25541552;0.14099552
-8.23541552;0.14099552
-8.21541552;0.14099552
-8.19541552;0.14099552
-8.17541552;0.14099552
-8.15541552;0.14099552
-8.13541552;0.14099552
-8.11541552;0.14099552
-8.09541552;0.14099552
-8.07541552;0.14099552
-8.05541552;0.14099552
-8.03541552;0.14099552
-8.01541552;0.14099552
-7.99541552;0.14099552
-7.97541552;0.14099552
-7.95541552;0.14099552
-7.93541552;0.14099552
-7.91541552;0.14099552
-7.89541552;0.14099552
-7.87541552;-0.03540147
-7.85541552;-0.03540147
-7.83541552;0.14099552
-7.81541552;0.14099552
-7.79541552;0.14099552
-7.77541552;0.14099552
-7.75541552;0.14099552
-7.73541552;0.14099552
-7.71541552;0.14099552
-7.69541552;0.14099552
-7.67541552;0.14099552
-7.65541552;0.14099552
-7.63541552;0.14099552
-7.61541552;0.14099552
-7.59541552;0.14099552
-7.57541552;0.14099552
-7.55541552;0.14099552
-7.53541552;-0.03540147
-7.51541552;0.14099552
-7.49541552;0.14099552
-7.47541552;0.14099552
-7.45541552;0.14099552
-7.43541552;0.14099552
-7.41541552;0.14099552
-7.39541552;0.14099552
-7.37541552;0.14099552
-7.35541552;0.14099552
-7.33541552;0.14099552
-7.31541552;0.14099552
-7.29541553;-0.03540147
-7.27541553;0.14099552
-7.25541553;0.14099552
-7.23541553;0.14099552
-7.21541553;0.14099552
-7.19541553;0.14099552
-7.17541553;0.14099552
-7.15541553;0.14099552
-7.13541553;0.14099552
-7.11541553;0.14099552
-7.09541553;-0.03540147
-7.07541553;0.14099552
-7.05541553;0.14099552
-7.03541553;0.14099552
-7.01541553;-0.03540147
-6.99541553;0.14099552
-6.97541553;-0.03540147
-6.95541553;0.14099552
-6.93541553;0.14099552
-6.91541553;-0.03540147
-6.89541553;0.14099552
-6.87541553;0.14099552
-6.85541553;-0.03540147
-6.83541553;0.14099552
-6.81541553;0.14099552
-6.79541553;0.14099552
-6.77541553;0.14099552
-6.75541553;0.14099552
-6.73541553;0.14099552
-6.71541553;0.14099552
-6.69541553;0.14099552
-6.67541553;0.14099552
-6.65541553;0.14099552
-6.63541553;0.14099552
-6.61541553;-0.03540147
-6.59541553;-0.03540147
-6.57541553;0.14099552
-6.55541553;0.14099552
-6.53541553;0.14099552
-6.51541553;0.14099552
-6.49541553;-0.03540147
-6.47541553;0.14099552
-6.45541553;0.14099552
-6.43541553;0.14099552
-6.41541553;-0.03540147
-6.39541553;0.14099552
-6.37541553;0.14099552
-6.35541553;0.14099552
-6.33541553;-0.03540147
-6.31541553;0.14099552
-6.29541553;-0.03540147
-6.27541553;0.14099552
-6.25541553;-0.03540147
-6.23541553;0.14099552
-6.21541553;0.14099552
-6.19541553;0.14099552
-6.17541553;0.14099552
-6.15541553;0.14099552
-6.13541553;0.14099552
-6.11541553;0.14099552
-6.09541553;0.14099552
-6.07541553;-0.03540147
-6.05541553;0.14099552
-6.03541553;0.14099552
-6.01541553;0.14099552
-5.99541553;0.14099552
-5.97541553;0.14099552
-5.95541553;0.14099552
-5.93541553;-0.03540147
-5.91541553;0.14099552
-5.89541553;0.14099552
-5.87541553;-0.03540147
-5.85541553;0.14099552
-5.83541553;-0.03540147
-5.81541553;0.14099552
-5.79541553;0.14099552
-5.77541553;0.14099552
-5.75541553;0.14099552
-5.73541553;0.14099552
-5.71541553;0.14099552
-5.69541553;0.14099552
-5.67541553;0.14099552
-5.65541553;0.14099552
-5.63541554;0.14099552
-5.61541554;-0.03540147
-5.59541554;0.14099552
-5.57541554;0.14099552
-5.55541554;0.14099552
-5.53541554;-0.03540147
-5.51541554;0.14099552
-5.49541554;0.14099552
-5.47541554;0.14099552
-5.45541554;0.14099552
-5.43541554;0.14099552
-5.41541554;0.14099552
-5.39541554;0.14099552
-5.37541554;0.14099552
-5.35541554;0.14099552
-5.33541554;-0.03540147
-5.31541554;0.14099552
-5.29541554;0.14099552
-5.27541554;0.14099552
-5.25541554;0.14099552
-5.23541554;0.14099552
-5.21541554;-0.03540147
-5.19541554;-0.03540147
-5.17541554;-0.03540147
-5.15541554;0.14099552
-5.13541554;0.14099552
-5.11541554;0.14099552
-5.09541554;0.14099552
-5.07541554;0.14099552
-5.05541554;0.14099552
-5.03541554;-0.03540147
-5.01541554;-0.03540147
-4.99541554;0.14099552
-4.97541554;-0.03540147
-4.95541554;0.14099552
-4.93541554;-0.03540147
-4.91541554;0.14099552
-4.89541554;0.14099552
-4.87541554;0.14099552
-4.85541554;-0.03540147
-4.83541554;0.14099552
-4.81541554;-0.03540147
-4.79541554;0.14099552
-4.77541554;-0.03540147
-4.75541554;0.14099552
-4.73541554;0.14099552
-4.71541554;0.14099552
-4.69541554;-0.03540147
-4.67541554;-0.03540147
-4.65541554;0.14099552
-4.63541554;0.14099552
-4.61541554;0.14099552
-4.59541554;0.14099552
-4.57541554;0.14099552
-4.55541554;-0.03540147
-4.53541554;0.14099552
-4.51541554;0.14099552
-4.49541554;-0.03540147
-4.47541554;-0.03540147
-4.45541554;-0.03540147
-4.43541554;0.14099552
-4.41541554;-0.03540147
-4.39541554;0.14099552
-4.37541554;0.14099552
-4.35541554;0.14099552
-4.33541554;0.14099552
-4.31541554;0.14099552
-4.29541554;0.14099552
-4.27541554;0.14099552
-4.25541554;-0.03540147
-4.23541554;0.14099552
-4.21541554;0.14099552
-4.19541554;-0.03540147
-4.17541554;-0.03540147
-4.15541554;-0.03540147
-4.13541554;-0.03540147
-4.11541554;-0.03540147
-4.09541554;0.14099552
-4.07541554;0.14099552
-4.05541554;-0.03540147
-4.03541554;0.14099552
-4.01541554;0.14099552
-3.99541555;0.14099552
-3.97541555;0.14099552
-3.95541555;0.14099552
-3.93541555;0.14099552
-3.91541555;0.14099552
-3.89541555;0.14099552
-3.87541555;-0.03540147
-3.85541555;-0.03540147
-3.83541555;0.14099552
-3.81541555;0.14099552
-3.79541555;0.14099552
-3.77541555;0.14099552
-3.75541555;-0.03540147
-3.73541555;0.14099552
-3.71541555;0.14099552
-3.69541555;0.14099552
-3.67541555;-0.03540147
-3.65541555;-0.03540147
-3.63541555;-0.03540147
-3.61541555;0.14099552
-3.59541555;-0.03540147
-3.57541555;0.14099552
-3.55541555;0.14099552
-3.53541555;0.14099552
-3.51541555;0.14099552
-3.49541555;0.14099552
-3.47541555;-0.03540147
-3.45541555;0.14099552
-3.43541555;0.14099552
-3.41541555;0.14099552
-3.39541555;0.14099552
-3.37541555;-0.03540147
-3.35541555;0.14099552
-3.33541555;0.14099552
-3.31541555;-0.03540147
-3.29541555;0.14099552
-3.27541555;-0.03540147
-3.25541555;0.14099552
-3.23541555;-0.03540147
-3.21541555;-0.03540147
-3.19541555;0.14099552
-3.17541555;-0.03540147
-3.15541555;0.14099552
-3.13541555;-0.03540147
-3.11541555;-0.03540147
-3.09541555;0.14099552
-3.07541555;0.14099552
-3.05541555;0.14099552
-3.03541555;0.14099552
-3.01541555;0.14099552
-2.99541555;0.14099552
-2.97541555;0.14099552
-2.95541555;-0.03540147
-2.93541555;0.14099552
-2.91541555;0.14099552
-2.89541555;0.14099552
-2.87541555;-0.03540147
-2.85541555;0.14099552
-2.83541555;0.14099552
-2.81541555;0.14099552
-2.79541555;0.14099552
-2.77541555;-0.03540147
-2.75541555;-0.03540147
-2.73541555;0.14099552
-2.71541555;-0.03540147
-2.69541555;-0.03540147
-2.67541555;0.14099552
-2.65541555;0.14099552
-2.63541555;-0.03540147
-2.61541555;-0.03540147
-2.59541555;0.14099552
-2.57541555;0.14099552
-2.55541555;0.14099552
-2.53541555;0.14099552
-2.51541555;0.14099552
-2.49541555;0.14099552
-2.47541555;0.14099552
-2.45541555;-0.03540147
-2.43541555;-0.03540147
-2.41541555;0.14099552
-2.39541555;0.14099552
-2.37541555;-0.03540147
-2.35541556;-0.03540147
-2.33541556;0.14099552
-2.31541556;0.14099552
-2.29541556;-0.03540147
-2.27541556;0.14099552
-2.25541556;-0.03540147
-2.23541556;0.14099552
-2.21541556;0.14099552
-2.19541556;0.14099552
-2.17541556;-0.03540147
-2.15541556;0.14099552
-2.13541556;0.14099552
-2.11541556;0.14099552
-2.09541556;-0.03540147
-2.07541556;0.14099552
-2.05541556;0.14099552
-2.03541556;0.14099552
-2.01541556;-0.03540147
-1.99541556;0.14099552
-1.97541556;0.14099552
-1.95541556;0.14099552
-1.93541556;0.14099552
-1.91541556;0.14099552
-1.89541556;-0.03540147
-1.87541556;0.14099552
-1.85541556;0.14099552
-1.83541556;-0.03540147
-1.81541556;0.14099552
-1.79541556;0.14099552
-1.77541556;0.14099552
-1.75541556;0.14099552
-1.73541556;0.14099552
-1.71541556;-0.03540147
-1.69541556;-0.03540147
-1.67541556;0.14099552
-1.65541556;0.14099552
-1.63541556;0.14099552
-1.61541556;0.14099552
-1.59541556;-0.03540147
-1.57541556;0.14099552
-1.55541556;0.14099552
-1.53541556;0.14099552
-1.51541556;-0.03540147
-1.49541556;-0.03540147
-1.47541556;0.14099552
-1.45541556;0.14099552
-1.43541556;-0.03540147
-1.41541556;0.14099552
-1.39541556;0.14099552
-1.37541556;0.14099552
-1.35541556;0.14099552
-1.33541556;0.14099552
-1.31541556;0.14099552
-1.29541556;0.14099552
-1.27541556;0.14099552
-1.25541556;0.14099552
-1.23541556;0.14099552
-1.21541556;0.14099552
-1.19541556;-0.03540147
-1.17541556;0.14099552
-1.15541556;0.14099552
-1.13541556;-0.03540147
-1.11541556;0.14099552
-1.09541556;-0.03540147
-1.07541556;0.14099552
-1.05541556;0.14099552
-1.03541556;0.14099552
-1.01541556;0.14099552
-0.99541556;0.14099552
-0.97541556;0.14099552
-0.95541556;0.14099552
-0.93541556;-0.03540147
-0.91541556;-0.03540147
-0.89541556;-0.03540147
-0.87541556;0.14099552
-0.85541556;0.14099552
-0.83541556;0.14099552
-0.81541556;0.14099552
-0.79541556;0.14099552
-0.77541556;0.14099552
-0.75541556;0.14099552
-0.73541556;-0.03540147
-0.71541557;-0.03540147
-0.69541557;0.14099552
-0.67541557;-0.03540147
-0.65541557;0.14099552
-0.63541557;0.14099552
-0.61541557;-0.03540147
-0.59541557;-0.03540147
-0.57541557;0.14099552
-0.55541557;-0.03540147
-0.53541557;-0.03540147
-0.51541557;0.14099552
-0.49541557;0.14099552
-0.47541557;0.14099552
-0.45541557;0.14099552
-0.43541557;0.14099552
-0.41541557;0.14099552
-0.39541557;0.14099552
-0.37541557;0.14099552
-0.35541557;0.14099552
-0.33541557;-0.03540147
-0.31541557;0.14099552
-0.29541557;0.14099552
-0.27541557;0.14099552
-0.25541557;0.14099552
-0.23541557;0.14099552
-0.21541557;0.14099552
-0.19541557;-0.03540147
-0.17541557;0.14099552
-0.15541557;0.14099552
-0.13541557;0.14099552
-0.11541557;-0.03540147
-0.09541557;-0.03540147
-0.07541557;0.14099552
-0.05541557;0.67018646
-0.03541557;1.37577438
-0.01541557;1.72856832
0.00458443;2.08197260
0.02458443;2.78756070
0.04458443;3.49375892
0.06458443;4.19934702
0.08458443;4.19934702
0.10458443;2.96395755
0.12458443;2.96395755
0.14458443;4.02294970
0.16458443;4.37574387
0.18458443;3.31736207
0.20458443;3.49375892
0.22458443;4.55214071
0.24458443;4.90554523
0.26458443;4.90554523
0.28458443;5.25833941
0.30458443;5.43473625
0.32458443;5.78752995
0.34458443;6.14093447
0.36458443;6.31733131
0.38458443;6.31733131
0.40458443;6.67012548
0.42458443;7.19931650
0.44458443;7.19931650
0.46458443;7.37571335
0.48458443;7.72911787
0.50458443;7.72911787
0.52458443;7.90551472
0.54458443;8.25830841
0.56458443;8.25830841
0.58458443;8.43470573
0.60458443;8.61110306
0.62458443;8.78749943
0.64458443;8.78749943
0.66458443;9.14090347
0.68458443;9.14090347
0.70458443;9.31730080
0.72458443;9.49369812
0.74458443;9.67009449
0.76458443;9.67009449
0.78458443;9.84649181
0.80458443;9.84649181
0.82458443;10.02288914
0.84458443;10.02288914
0.86458443;10.19928551
0.88458443;10.19928551
0.90458443;10.19928551
0.92458443;10.37629318
0.94458442;10.55269051
0.96458442;10.55269051
0.98458442;10.55269051
1.00458442;10.55269051
1.02458442;10.55269051
1.04458442;10.72908688
1.06458442;10.72908688
1.08458442;10.72908688
1.10458442;10.72908688
1.12458442;10.90548420
1.14458442;10.90548420
1.16458442;10.90548420
1.18458442;10.90548420
1.20458442;11.08188152
1.22458442;10.90548420
1.24458442;10.90548420
1.26458442;11.08188152
1.28458442;11.08188152
1.30458442;11.08188152
1.32458442;11.25827789
1.34458442;11.25827789
1.36458442;11.25827789
1.38458442;11.08188152
1.40458442;11.25827789
1.42458442;11.25827789
1.44458442;11.25827789
1.46458442;11.25827789
1.48458442;11.25827789
1.50458442;11.25827789
1.52458442;11.25827789
1.54458442;11.25827789
1.56458442;11.25827789
1.58458442;11.25827789
1.60458442;11.25827789
1.62458442;11.25827789
1.64458442;11.25827789
1.66458442;11.25827789
1.68458442;11.43467522
1.70458442;11.25827789
1.72458442;11.43467522
1.74458442;11.43467522
1.76458442;11.25827789
1.78458442;11.25827789
1.80458442;11.43467522
1.82458442;11.43467522
1.84458442;11.43467522
1.86458442;11.43467522
1.88458442;11.43467522
1.90458442;11.43467522
1.92458442;11.43467522
1.94458442;11.43467522
1.96458442;11.43467522
1.98458442;11.43467522
2.00458442;11.43467522
2.02458442;11.43467522
2.04458442;11.43467522
2.06458442;11.43467522
2.08458442;11.43467522
2.10458442;11.43467522
2.12458442;11.43467522
2.14458442;11.43467522
2.16458442;11.43467522
2.18458442;11.43467522
2.20458442;11.43467522
2.22458442;11.43467522
2.24458442;11.43467522
2.26458442;11.43467522
2.28458442;11.43467522
2.30458442;11.43467522
2.32458442;11.43467522
2.34458442;11.43467522
2.36458442;11.43467522
2.38458442;11.43467522
2.40458442;11.43467522
2.42458442;11.43467522
2.44458442;11.43467522
2.46458442;11.43467522
2.48458442;11.43467522
2.50458442;11.43467522
2.52458442;11.43467522
2.54458442;11.43467522
2.56458442;11.43467522
2.58458441;11.43467522
2.60458441;11.43467522
2.62458441;11.43467522
2.64458441;11.43467522
2.66458441;11.43467522
2.68458441;11.43467522
2.70458441;11.43467522
2.72458441;11.43467522
2.74458441;11.43467522
2.76458441;11.43467522
2.78458441;11.43467522
2.80458441;11.43467522
2.82458441;11.43467522
2.84458441;11.43467522
2.86458441;11.43467522
2.88458441;11.43467522
2.90458441;11.43467522
2.92458441;11.43467522
2.94458441;11.43467522
2.96458441;11.43467522
2.98458441;11.61107254
3.00458441;11.43467522
3.02458441;11.43467522
3.04458441;11.43467522
3.06458441;11.43467522
3.08458441;11.43467522
3.10458441;11.43467522
3.12458441;11.43467522
3.14458441;11.43467522
3.16458441;11.43467522
3.18458441;11.43467522
3.20458441;11.43467522
3.22458441;11.43467522
3.24458441;11.43467522
3.26458441;11.43467522
3.28458441;11.43467522
3.30458441;11.43467522
3.32458441;11.43467522
3.34458441;11.43467522
3.36458441;11.43467522
3.38458441;11.43467522
3.40458441;11.43467522
3.42458441;11.43467522
3.44458441;11.43467522
3.46458441;11.43467522
3.48458441;11.43467522
3.50458441;11.43467522
3.52458441;11.43467522
3.54458441;11.43467522
3.56458441;11.43467522
3.58458441;11.43467522
3.60458441;11.43467522
3.62458441;11.43467522
3.64458441;11.61107254
3.66458441;11.43467522
3.68458441;11.43467522
3.70458441;11.43467522
3.72458441;11.43467522
3.74458441;11.61107254
3.76458441;11.43467522
3.78458441;11.43467522
3.80458441;11.43467522
3.82458441;11.61107254
3.84458441;11.61107254
3.86458441;11.43467522
3.88458441;11.43467522
3.90458441;11.43467522
3.92458441;11.43467522
3.94458441;11.43467522
3.96458441;11.43467522
3.98458441;11.43467522
4.00458441;11.43467522
4.02458441;11.43467522
4.04458441;11.61107254
4.06458441;11.43467522
4.08458441;11.43467522
4.10458441;11.61107254
4.12458441;11.61107254
4.14458441;11.43467522
4.16458441;11.43467522
4.18458441;11.43467522
4.20458441;11.43467522
4.22458440;11.43467522
4.24458440;11.43467522
4.26458440;11.43467522
4.28458440;11.43467522
4.30458440;11.43467522
4.32458440;11.43467522
4.34458440;11.43467522
4.36458440;11.43467522
4.38458440;11.43467522
4.40458440;11.43467522
4.42458440;11.43467522
4.44458440;11.43467522
4.46458440;11.43467522
4.48458440;11.43467522
4.50458440;11.43467522
4.52458440;11.43467522
4.54458440;11.43467522
4.56458440;11.43467522
4.58458440;11.43467522
4.60458440;11.43467522
4.62458440;11.43467522
4.64458440;11.43467522
4.66458440;11.43467522
4.68458440;11.43467522
4.70458440;11.43467522
4.72458440;11.43467522
4.74458440;11.43467522
4.76458440;11.43467522
4.78458440;11.43467522
4.80458440;11.43467522
4.82458440;11.43467522
4.84458440;11.61107254
4.86458440;11.43467522
4.88458440;11.61107254
4.90458440;11.43467522
4.92458440;11.61107254
4.94458440;11.43467522
4.96458440;11.43467522
4.98458440;11.43467522
5.00458440;11.43467522
5.02458440;11.43467522
5.04458440;11.61107254
5.06458440;11.61107254
5.08458440;11.43467522
5.10458440;11.43467522
5.12458440;11.43467522
5.14458440;11.43467522
5.16458440;11.43467522
5.18458440;11.43467522
5.20458440;11.43467522
5.22458440;11.43467522
5.24458440;11.43467522
5.26458440;11.43467522
5.28458440;11.43467522
5.30458440;11.43467522
5.32458440;11.43467522
5.34458440;11.43467522
5.36458440;11.43467522
5.38458440;11.43467522
5.40458440;11.43467522
5.42458440;11.61107254
5.44458440;11.43467522
5.46458440;11.43467522
5.48458440;11.43467522
5.50458440;11.43467522
5.52458440;11.43467522
5.54458440;11.43467522
5.56458440;11.43467522
5.58458440;11.43467522
5.60458440;11.43467522
5.62458440;11.43467522
5.64458440;11.61107254
5.66458440;11.61107254
5.68458440;11.43467522
5.70458440;11.43467522
5.72458440;11.43467522
5.74458440;11.61107254
5.76458440;11.43467522
5.78458440;11.43467522
5.80458440;11.43467522
5.82458440;11.43467522
5.84458440;11.43467522
5.86458439;11.43467522
5.88458439;11.43467522
5.90458439;11.61107254
5.92458439;11.43467522
5.94458439;11.43467522
5.96458439;11.43467522
5.98458439;11.43467522
6.00458439;11.43467522
6.02458439;11.61107254
6.04458439;11.43467522
6.06458439;11.43467522
6.08458439;11.43467522
6.10458439;11.43467522
6.12458439;11.61107254
6.14458439;11.61107254
6.16458439;11.61107254
6.18458439;11.43467522
6.20458439;11.43467522
6.22458439;11.43467522
6.24458439;11.43467522
6.26458439;11.43467522
6.28458439;11.43467522
6.30458439;11.61107254
6.32458439;11.43467522
6.34458439;11.61107254
6.36458439;11.43467522
6.38458439;11.43467522
6.40458439;11.43467522
6.42458439;11.43467522
6.44458439;11.43467522
6.46458439;11.43467522
6.48458439;11.61107254
6.50458439;11.43467522
6.52458439;11.61107254
6.54458439;11.43467522
6.56458439;11.43467522
6.58458439;11.43467522
6.60458439;11.43467522
6.62458439;11.43467522
6.64458439;11.43467522
6.66458439;11.61107254
6.68458439;11.43467522
6.70458439;11.43467522
6.72458439;11.61107254
6.74458439;11.43467522
6.76458439;11.43467522
6.78458439;11.43467522
6.80458439;11.43467522
6.82458439;11.43467522
6.84458439;11.43467522
6.86458439;11.43467522
6.88458439;11.43467522
6.90458439;11.61107254
6.92458439;11.61107254
6.94458439;11.43467522
6.96458439;11.43467522
6.98458439;11.43467522
7.00458439;11.43467522
7.02458439;11.43467522
7.04458439;11.43467522
7.06458439;11.43467522
7.08458439;11.43467522
7.10458439;11.61107254
7.12458439;11.43467522
7.14458439;11.43467522
7.16458439;11.43467522
7.18458439;11.43467522
7.20458439;11.61107254
7.22458439;11.43467522
7.24458439;11.43467522
7.26458439;11.43467522
7.28458439;11.43467522
7.30458439;11.43467522
7.32458439;11.61107254
7.34458439;11.43467522
7.36458439;11.61107254
7.38458439;11.43467522
7.40458439;11.43467522
7.42458439;11.61107254
7.44458439;11.43467522
7.46458439;11.43467522
7.48458439;11.43467522
7.50458439;11.43467522
7.52458438;11.43467522
7.54458438;11.61107254
7.56458438;11.43467522
7.58458438;11.43467522
7.60458438;11.43467522
7.62458438;11.43467522
7.64458438;11.43467522
7.66458438;11.43467522
7.68458438;11.43467522
7.70458438;11.43467522
7.72458438;11.43467522
7.74458438;11.43467522
7.76458438;11.43467522
7.78458438;11.61107254
7.80458438;11.61107254
7.82458438;11.43467522
7.84458438;11.43467522
7.86458438;11.43467522
7.88458438;11.43467522
7.90458438;11.43467522
7.92458438;11.43467522
7.94458438;11.43467522
7.96458438;11.43467522
7.98458438;11.61107254
8.00458438;11.61107254
8.02458438;11.43467522
8.04458438;11.43467522
8.06458438;11.43467522
8.08458438;11.43467522
8.10458438;11.43467522
8.12458438;11.61107254
8.14458438;11.43467522
8.16458438;11.43467522
8.18458438;11.43467522
8.20458438;11.43467522
8.22458438;11.43467522
8.24458438;11.43467522
8.26458438;11.43467522
8.28458438;11.43467522
8.30458438;11.43467522
8.32458438;11.43467522
8.34458438;11.61107254
8.36458438;11.43467522
8.38458438;11.43467522
8.40458438;11.61107254
8.42458438;11.43467522
8.44458438;11.43467522
8.46458438;11.43467522
8.48458438;11.43467522
8.50458438;11.43467522
8.52458438;11.61107254
8.54458438;11.43467522
8.56458438;11.43467522
8.58458438;11.43467522
8.60458438;11.43467522
8.62458438;11.61107254
8.64458438;11.43467522
8.66458438;11.61107254
8.68458438;11.61107254
8.70458438;11.43467522
8.72458438;11.43467522
8.74458438;11.43467522
8.76458438;11.43467522
8.78458438;11.43467522
8.80458438;11.43467522
8.82458438;11.43467522
8.84458438;11.43467522
8.86458438;11.43467522
8.88458438;11.43467522
8.90458438;11.43467522
8.92458438;11.43467522
8.94458438;11.43467522
8.96458438;11.61107254
8.98458438;11.43467522
9.00458438;11.43467522
9.02458438;11.43467522
9.04458438;11.61107254
9.06458438;11.43467522
9.08458438;11.61107254
9.10458438;11.43467522
9.12458438;11.61107254
9.14458438;11.61107254
9.16458437;11.43467522
9.18458437;11.61107254
9.20458437;11.43467522
9.22458437;11.43467522
9.24458437;11.43467522
9.26458437;11.61107254
9.28458437;11.43467522
9.30458437;11.43467522
9.32458437;11.43467522
9.34458437;11.61107254
9.36458437;11.43467522
9.38458437;11.43467522
9.40458437;11.43467522
9.42458437;11.43467522
9.44458437;11.43467522
9.46458437;11.61107254
9.48458437;11.43467522
9.50458437;11.43467522
9.52458437;11.43467522
9.54458437;11.43467522
9.56458437;11.43467522
9.58458437;11.43467522
9.60458437;11.43467522
9.62458437;11.43467522
9.64458437;11.43467522
9.66458437;11.43467522
9.68458437;11.61107254
9.70458437;11.43467522
9.72458437;11.43467522
9.74458437;11.43467522
9.76458437;11.61107254
9.78458437;11.43467522
9.80458437;11.43467522
9.82458437;11.43467522
9.84458437;11.43467522
9.86458437;11.43467522
9.88458437;11.43467522
9.90458437;11.43467522
9.92458437;11.43467522
9.94458437;11.43467522
9.96458437;11.61107254
9.98458437;11.43467522
10.00458437;11.43467522
10.02458437;11.43467522
10.04458437;11.43467522
10.06458437;11.43467522
10.08458437;11.43467522
10.10458437;11.43467522
10.12458437;11.43467522
10.14458437;11.43467522
10.16458437;11.61107254
10.18458437;11.43467522
10.20458437;11.43467522
10.22458437;11.43467522
10.24458437;11.43467522
10.26458437;11.43467522
10.28458437;11.43467522
10.30458437;11.43467522
10.32458437;11.43467522
10.34458437;11.43467522
10.36458437;11.61107254
10.38458437;11.43467522
10.40458437;11.43467522
10.42458437;11.43467522
10.44458437;11.43467522
10.46458437;11.43467522
10.48458437;11.43467522
10.50458437;11.43467522
10.52458437;11.43467522
10.54458437;11.43467522
10.56458437;11.43467522
10.58458437;11.43467522
10.60458437;11.43467522
10.62458437;11.61107254
10.64458437;11.43467522
10.66458437;11.43467522
10.68458437;11.43467522
10.70458437;11.43467522
10.72458437;11.43467522
10.74458437;11.43467522
10.76458437;11.43467522
10.78458437;11.43467522
10.80458436;11.61107254
10.82458436;11.43467522
10.84458436;11.43467522
10.86458436;11.43467522
10.88458436;11.43467522
10.90458436;11.61107254
10.92458436;11.43467522
10.94458436;11.43467522
10.96458436;11.43467522
10.98458436;11.43467522
11.00458436;11.43467522
11.02458436;11.61107254
11.04458436;11.43467522
11.06458436;11.43467522
11.08458436;11.43467522
11.10458436;11.61107254
11.12458436;11.43467522
11.14458436;11.43467522
11.16458436;11.43467522
11.18458436;11.43467522
11.20458436;11.43467522
11.22458436;11.43467522
11.24458436;11.43467522
11.26458436;11.43467522
11.28458436;11.43467522
11.30458436;11.43467522
11.32458436;11.43467522
11.34458436;11.43467522
11.36458436;11.43467522
11.38458436;11.43467522
11.40458436;11.43467522
11.42458436;11.43467522
11.44458436;11.43467522
11.46458436;11.61107254
11.48458436;11.43467522
11.50458436;11.43467522
11.52458436;11.43467522
11.54458436;11.61107254
11.56458436;11.43467522
11.58458436;11.61107254
11.60458436;11.43467522
11.62458436;11.43467522
11.64458436;11.61107254
11.66458436;11.43467522
11.68458436;11.43467522
11.70458436;11.43467522
11.72458436;11.61107254
11.74458436;11.61107254
11.76458436;11.43467522
11.78458436;11.43467522
11.80458436;11.43467522
11.82458436;11.61107254
11.84458436;11.43467522
11.86458436;11.61107254
11.88458436;11.43467522
11.90458436;11.43467522
11.92458436;11.43467522
11.94458436;11.61107254
11.96458436;11.61107254
11.98458436;11.43467522
12.00458436;11.43467522
12.02458436;11.43467522
12.04458436;11.61107254
12.06458436;11.61107254
12.08458436;11.43467522
12.10458436;11.61107254
12.12458436;11.61107254
12.14458436;11.43467522
12.16458436;11.61107254
12.18458436;11.43467522
12.20458436;11.43467522
12.22458436;11.43467522
12.24458436;11.43467522
12.26458436;11.61107254
12.28458436;11.43467522
12.30458436;11.43467522
12.32458436;11.61107254
12.34458436;11.43467522
12.36458436;11.43467522
12.38458436;11.61107254
12.40458436;11.43467522
12.42458436;11.43467522
12.44458436;11.43467522
12.46458435;11.43467522
12.48458435;11.43467522
12.50458435;11.43467522
12.52458435;11.61107254
12.54458435;11.43467522
12.56458435;11.43467522
12.58458435;11.61107254
12.60458435;11.61107254
12.62458435;11.43467522
12.64458435;11.43467522
12.66458435;11.61107254
12.68458435;11.61107254
12.70458435;11.61107254
12.72458435;11.61107254
12.74458435;11.43467522
12.76458435;11.43467522
12.78458435;11.43467522
12.80458435;11.43467522
12.82458435;11.43467522
12.84458435;11.43467522
12.86458435;11.43467522
12.88458435;11.61107254
12.90458435;11.43467522
12.92458435;11.43467522
12.94458435;11.43467522
12.96458435;11.43467522
12.98458435;11.61107254
13.00458435;11.61107254
13.02458435;11.43467522
13.04458435;11.61107254
13.06458435;11.61107254
13.08458435;11.61107254
13.10458435;11.43467522
13.12458435;11.43467522
13.14458435;11.43467522
13.16458435;11.43467522
13.18458435;11.43467522
13.20458435;11.61107254
13.22458435;11.61107254
13.24458435;11.43467522
13.26458435;11.61107254
13.28458435;11.43467522
13.30458435;11.43467522
13.32458435;11.61107254
13.34458435;11.61107254
13.36458435;11.43467522
13.38458435;11.43467522
13.40458435;11.43467522
13.42458435;11.43467522
13.44458435;11.43467522
13.46458435;11.43467522
13.48458435;11.43467522
13.50458435;11.43467522
13.52458435;11.43467522
13.54458435;11.43467522
13.56458435;11.43467522
13.58458435;11.61107254
13.60458435;11.43467522
13.62458435;11.61107254
13.64458435;11.61107254
13.66458435;11.43467522
13.68458435;11.61107254
13.70458435;11.43467522
13.72458435;11.43467522
13.74458435;11.43467522
13.76458435;11.61107254
13.78458435;11.43467522
13.80458435;11.43467522
13.82458435;11.43467522
13.84458435;11.43467522
13.86458435;11.43467522
13.88458435;11.61107254
13.90458435;11.43467522
13.92458435;11.43467522
13.94458435;11.61107254
13.96458435;11.43467522
13.98458435;11.61107254
14.00458435;11.43467522
14.02458435;11.43467522
14.04458435;11.43467522
14.06458435;11.43467522
14.08458435;11.43467522
14.10458434;11.43467522
14.12458434;11.61107254
14.14458434;11.43467522
14.16458434;11.43467522
14.18458434;11.43467522
14.20458434;11.43467522
14.22458434;11.43467522
14.24458434;11.43467522
14.26458434;11.43467522
14.28458434;11.43467522
14.30458434;11.43467522
14.32458434;11.43467522
14.34458434;11.43467522
14.36458434;11.61107254
14.38458434;11.61107254
14.40458434;11.43467522
14.42458434;11.43467522
14.44458434;11.61107254
14.46458434;11.43467522
14.48458434;11.61107254
14.50458434;11.43467522
14.52458434;11.61107254
14.54458434;11.43467522
14.56458434;11.43467522
14.58458434;11.61107254
14.60458434;11.43467522
14.62458434;11.43467522
14.64458434;11.43467522
14.66458434;11.43467522
14.68458434;11.43467522
14.70458434;11.43467522
14.72458434;11.43467522
14.74458434;11.43467522
14.76458434;11.43467522
14.78458434;11.43467522
14.80458434;11.43467522
14.82458434;11.43467522
14.84458434;11.61107254
14.86458434;11.43467522
14.88458434;11.43467522
14.90458434;11.61107254
14.92458434;11.43467522
14.94458434;11.61107254
14.96458434;11.43467522
14.98458434;11.43467522
15.00458434;11.61107254
15.02458434;11.43467522
15.04458434;11.43467522
15.06458434;11.43467522
15.08458434;11.43467522
15.10458434;11.43467522
15.12458434;11.43467522
15.14458434;11.43467522
15.16458434;11.43467522
15.18458434;11.43467522
15.20458434;11.61107254
15.22458434;11.43467522
15.24458434;11.43467522
15.26458434;11.43467522
15.28458434;11.43467522
15.30458434;11.43467522
15.32458434;11.43467522
15.34458434;11.61107254
15.36458434;11.43467522
15.38458434;11.43467522
15.40458434;11.43467522
15.42458434;11.43467522
15.44458434;11.61107254
15.46458434;11.61107254
15.48458434;11.43467522
15.50458434;11.43467522
15.52458434;11.43467522
15.54458434;11.43467522
15.56458434;11.61107254
15.58458434;11.61107254
15.60458434;11.43467522
15.62458434;11.61107254
15.64458434;11.61107254
15.66458434;11.43467522
15.68458434;11.43467522
15.70458434;11.43467522
15.72458434;11.43467522
15.74458433;11.43467522
15.76458433;11.43467522
15.78458433;11.43467522
15.80458433;11.61107254
15.82458433;11.43467522
15.84458433;11.61107254
15.86458433;11.43467522
15.88458433;11.43467522
15.90458433;11.43467522
15.92458433;11.43467522
15.94458433;11.43467522
15.96458433;11.43467522
15.98458433;11.61107254
16.00458433;11.43467522
16.02458433;11.43467522
16.04458433;11.43467522
16.06458433;11.43467522
16.08458433;11.43467522
16.10458433;11.43467522
16.12458433;11.43467522
16.14458433;11.43467522
16.16458433;11.43467522
16.18458433;11.43467522
16.20458433;11.43467522
16.22458433;11.43467522
16.24458433;11.43467522
16.26458433;11.43467522
16.28458433;11.43467522
16.30458433;11.43467522
16.32458433;11.43467522
16.34458433;11.43467522
16.36458433;11.43467522
16.38458433;11.43467522
16.40458433;11.43467522
16.42458433;11.61107254
16.44458433;11.43467522
16.46458433;11.43467522
16.48458433;11.43467522
16.50458433;11.43467522
16.52458433;11.43467522
16.54458433;11.43467522
16.56458433;11.43467522
16.58458433;11.43467522
16.60458433;11.61107254
16.62458433;11.43467522
16.64458433;11.43467522
16.66458433;11.61107254
16.68458433;11.61107254
16.70458433;11.61107254
16.72458433;11.43467522
16.74458433;11.43467522
16.76458433;11.43467522
16.78458433;11.61107254
16.80458433;11.43467522
16.82458433;11.61107254
16.84458433;11.43467522
16.86458433;11.43467522
16.88458433;11.43467522
16.90458433;11.61107254
16.92458433;11.61107254
16.94458433;11.61107254
16.96458433;11.61107254
16.98458433;11.61107254
17.00458433;11.43467522
17.02458433;11.43467522
17.04458433;11.43467522
17.06458433;11.43467522
17.08458433;11.43467522
17.10458433;11.43467522
17.12458433;11.61107254
17.14458433;11.43467522
17.16458433;11.43467522
17.18458433;11.43467522
17.20458433;11.61107254
17.22458433;11.43467522
17.24458433;11.43467522
17.26458433;11.43467522
17.28458433;11.43467522
17.30458433;11.43467522
17.32458433;11.43467522
17.34458433;11.43467522
17.36458433;11.61107254
17.38458432;11.43467522
17.40458432;11.61107254
17.42458432;11.43467522
17.44458432;11.43467522
17.46458432;11.43467522
17.48458432;11.43467522
17.50458432;11.43467522
17.52458432;11.43467522
17.54458432;11.61107254
17.56458432;11.43467522
17.58458432;11.61107254
17.60458432;11.61107254
17.62458432;11.43467522
17.64458432;11.43467522
17.66458432;11.61107254
17.68458432;11.43467522
17.70458432;11.61107254
17.72458432;11.43467522
17.74458432;11.43467522
17.76458432;11.61107254
17.78458432;11.43467522
17.80458432;11.43467522
17.82458432;11.43467522
17.84458432;11.61107254
17.86458432;11.61107254
17.88458432;11.43467522
17.90458432;11.43467522
17.92458432;11.43467522
17.94458432;11.61107254
17.96458432;11.61107254
17.98458432;11.43467522
18.00458432;11.43467522
18.02458432;11.43467522
18.04458432;11.43467522
18.06458432;11.43467522
18.08458432;11.43467522
18.10458432;11.43467522
18.12458432;11.43467522
18.14458432;11.43467522
18.16458432;11.61107254
18.18458432;11.43467522
18.20458432;11.61107254
18.22458432;11.61107254
18.24458432;11.61107254
18.26458432;11.43467522
18.28458432;11.43467522
18.30458432;11.61107254
18.32458432;11.43467522
18.34458432;11.43467522
18.36458432;11.43467522
18.38458432;11.43467522
18.40458432;11.43467522
18.42458432;11.43467522
18.44458432;11.43467522
18.46458432;11.61107254
18.48458432;11.43467522
18.50458432;11.43467522
18.52458432;11.43467522
18.54458432;11.43467522
18.56458432;11.43467522
18.58458432;11.43467522
18.60458432;11.43467522
18.62458432;11.43467522
18.64458432;11.61107254
18.66458432;11.43467522
18.68458432;11.43467522
18.70458432;11.43467522
18.72458432;11.43467522
18.74458432;11.43467522
18.76458432;11.43467522
18.78458432;11.43467522
18.80458432;11.43467522
18.82458432;11.43467522
18.84458432;11.43467522
18.86458432;11.43467522
18.88458432;11.61107254
18.90458432;11.61107254
18.92458432;11.43467522
18.94458432;11.43467522
18.96458432;11.61107254
18.98458432;11.43467522
19.00458432;11.43467522
19.02458432;11.61107254
19.04458431;11.43467522
19.06458431;11.61107254
19.08458431;11.43467522
19.10458431;11.43467522
19.12458431;11.43467522
19.14458431;11.61107254
19.16458431;11.61107254
19.18458431;11.43467522
19.20458431;11.43467522
19.22458431;11.43467522
19.24458431;11.61107254
19.26458431;11.43467522
19.28458431;11.43467522
19.30458431;11.43467522
19.32458431;11.43467522
19.34458431;11.43467522
19.36458431;11.43467522
19.38458431;11.61107254
19.40458431;11.43467522
19.42458431;11.43467522
19.44458431;11.43467522
19.46458431;11.43467522
19.48458431;11.43467522
19.50458431;11.43467522
19.52458431;11.43467522
19.54458431;11.43467522
19.56458431;11.43467522
19.58458431;11.43467522
19.60458431;11.43467522
19.62458431;11.43467522
19.64458431;11.43467522
19.66458431;11.43467522
19.68458431;11.43467522
19.70458431;11.43467522
19.72458431;11.43467522
19.74458431;11.61107254
19.76458431;11.61107254
19.78458431;11.61107254
19.80458431;11.43467522
19.82458431;11.43467522
19.84458431;11.43467522
19.86458431;11.43467522
19.88458431;11.43467522
19.90458431;11.43467522
19.92458431;11.43467522
19.94458431;11.61107254
19.96458431;11.61107254
19.98458431;11.43467522
20.00458431;11.43467522
20.02458431;11.43467522
20.04458431;11.61107254
20.06458431;11.43467522
20.08458431;11.43467522
20.10458431;11.43467522
20.12458431;11.61107254
20.14458431;11.43467522
20.16458431;11.61107254
20.18458431;11.43467522
20.20458431;11.61107254
20.22458431;11.61107254
20.24458431;11.43467522
20.26458431;11.43467522
20.28458431;11.61107254
20.30458431;11.61107254
20.32458431;11.43467522
20.34458431;11.43467522
20.36458431;11.61107254
20.38458431;11.61107254
20.40458431;11.43467522
20.42458431;11.43467522
20.44458431;11.43467522
20.46458431;11.43467522
20.48458431;11.43467522
20.50458431;11.61107254
20.52458431;11.61107254
20.54458431;11.43467522
20.56458431;11.43467522
20.58458431;11.61107254
20.60458431;11.43467522
20.62458431;11.43467522
20.64458431;11.61107254
20.66458431;11.61107254
20.68458430;11.43467522
20.70458430;11.43467522
20.72458430;11.61107254
20.74458430;11.43467522
20.76458430;11.43467522
20.78458430;11.61107254
20.80458430;11.61107254
20.82458430;11.43467522
20.84458430;11.43467522
20.86458430;11.43467522
20.88458430;11.43467522
20.90458430;11.43467522
20.92458430;11.43467522
20.94458430;11.61107254
20.96458430;11.43467522
20.98458430;11.61107254
21.00458430;11.61107254
21.02458430;11.43467522
21.04458430;11.61107254
21.06458430;11.43467522
21.08458430;11.61107254
21.10458430;11.61107254
21.12458430;11.43467522
21.14458430;11.61107254
21.16458430;11.43467522
21.18458430;11.61107254
21.20458430;11.61107254
21.22458430;11.43467522
21.24458430;11.43467522
21.26458430;11.43467522
21.28458430;11.43467522
21.30458430;11.43467522
21.32458430;11.43467522
21.34458430;11.61107254
21.36458430;11.43467522
21.38458430;11.43467522
21.40458430;11.61107254
21.42458430;11.43467522
21.44458430;11.61107254
21.46458430;11.43467522
21.48458430;11.43467522
21.50458430;11.43467522
21.52458430;11.43467522
21.54458430;11.61107254
21.56458430;11.43467522
21.58458430;11.61107254
21.60458430;11.43467522
21.62458430;11.43467522
21.64458430;11.43467522
21.66458430;11.43467522
21.68458430;11.61107254
21.70458430;11.43467522
21.72458430;11.43467522
21.74458430;11.61107254
21.76458430;11.61107254
21.78458430;11.43467522
21.80458430;11.43467522
21.82458430;11.43467522
21.84458430;11.43467522
21.86458430;11.43467522
21.88458430;11.43467522
21.90458430;11.61107254
21.92458430;11.43467522
21.94458430;11.61107254
21.96458430;11.61107254
21.98458430;11.43467522
22.00458430;11.61107254
22.02458430;11.61107254
22.04458430;11.43467522
22.06458430;11.43467522
22.08458430;11.43467522
22.10458430;11.43467522
22.12458430;11.61107254
22.14458430;11.61107254
22.16458430;11.61107254
22.18458430;11.43467522
22.20458430;11.61107254
22.22458430;11.43467522
22.24458430;11.43467522
22.26458430;11.43467522
22.28458430;11.43467522
22.30458430;11.61107254
22.32458429;11.43467522
22.34458429;11.43467522
22.36458429;11.43467522
22.38458429;11.43467522
22.40458429;11.61107254
22.42458429;11.43467522
22.44458429;11.43467522
22.46458429;11.61107254
22.48458429;11.43467522
22.50458429;11.61107254
22.52458429;11.43467522
22.54458429;11.43467522
22.56458429;11.43467522
22.58458429;11.43467522
22.60458429;11.43467522
22.62458429;11.43467522
22.64458429;11.43467522
22.66458429;11.43467522
22.68458429;11.61107254
22.70458429;11.43467522
22.72458429;11.43467522
22.74458429;11.43467522
22.76458429;11.43467522
22.78458429;11.43467522
22.80458429;11.43467522
22.82458429;11.61107254
22.84458429;11.61107254
22.86458429;11.43467522
22.88458429;11.61107254
22.90458429;11.43467522
22.92458429;11.61107254
22.94458429;11.43467522
22.96458429;11.43467522
22.98458429;11.43467522
23.00458429;11.61107254
23.02458429;11.61107254
23.04458429;11.43467522
23.06458429;11.61107254
23.08458429;11.43467522
23.10458429;11.43467522
23.12458429;11.43467522
23.14458429;11.43467522
23.16458429;11.43467522
23.18458429;11.43467522
23.20458429;11.43467522
23.22458429;11.43467522
23.24458429;11.61107254
23.26458429;11.43467522
23.28458429;11.43467522
23.30458429;11.43467522
23.32458429;11.43467522
23.34458429;11.43467522
23.36458429;11.43467522
23.38458429;11.61107254
23.40458429;11.43467522
23.42458429;11.43467522
23.44458429;11.43467522
23.46458429;11.43467522
23.48458429;11.61107254
23.50458429;11.43467522
23.52458429;11.43467522
23.54458429;11.43467522
23.56458429;11.43467522
23.58458429;11.43467522
23.60458429;11.43467522
23.62458429;11.61107254
23.64458429;11.43467522
23.66458429;11.61107254
23.68458429;11.43467522
23.70458429;11.43467522
23.72458429;11.43467522
23.74458429;11.43467522
23.76458429;11.43467522
23.78458429;11.61107254
23.80458429;11.43467522
23.82458429;11.61107254
23.84458429;11.61107254
23.86458429;11.43467522
23.88458429;11.61107254
23.90458429;11.43467522
23.92458429;11.43467522
23.94458429;11.43467522
23.96458428;11.43467522
23.98458428;11.61107254
24.00458428;11.43467522
24.02458428;11.43467522
24.04458428;11.43467522
24.06458428;11.61107254
24.08458428;11.43467522
24.10458428;11.43467522
24.12458428;11.43467522
24.14458428;11.43467522
24.16458428;11.43467522
24.18458428;11.43467522
24.20458428;11.61107254
24.22458428;11.43467522
24.24458428;11.61107254
24.26458428;11.43467522
24.28458428;11.61107254
24.30458428;11.61107254
24.32458428;11.43467522
24.34458428;11.43467522
24.36458428;11.43467522
24.38458428;11.61107254
24.40458428;11.43467522
24.42458428;11.61107254
24.44458428;11.43467522
24.46458428;11.43467522
24.48458428;11.43467522
24.50458428;11.43467522
24.52458428;11.43467522
24.54458428;11.43467522
24.56458428;11.43467522
24.58458428;11.43467522
24.60458428;11.43467522
24.62458428;11.43467522
24.64458428;11.43467522
24.66458428;11.43467522
24.68458428;11.43467522
24.70458428;11.43467522
24.72458428;11.43467522
24.74458428;11.61107254
24.76458428;11.43467522
24.78458428;11.43467522
24.80458428;11.43467522
24.82458428;11.43467522
24.84458428;11.43467522
24.86458428;11.43467522
24.88458428;11.61107254
24.90458428;11.43467522
24.92458428;11.43467522
24.94458428;11.43467522
24.96458428;11.43467522
24.98458428;11.43467522
25.00458428;11.43467522
25.02458428;11.43467522
25.04458428;11.43467522
25.06458428;11.43467522
25.08458428;11.43467522
25.10458428;11.43467522
25.12458428;11.61107254
25.14458428;11.61107254
25.16458428;11.61107254
25.18458428;11.43467522
25.20458428;11.43467522
25.22458428;11.61107254
25.24458428;11.43467522
25.26458428;11.61107254
25.28458428;11.61107254
25.30458428;11.43467522
25.32458428;11.61107254
25.34458428;11.43467522
25.36458428;11.61107254
25.38458428;11.61107254
25.40458428;11.61107254
25.42458428;11.61107254
25.44458428;11.61107254
25.46458428;11.43467522
25.48458428;11.43467522
25.50458428;11.61107254
25.52458428;11.43467522
25.54458428;11.61107254
25.56458428;11.61107254
25.58458428;11.61107254
25.60458428;11.43467522
25.62458427;11.61107254
25.64458427;11.43467522
25.66458427;11.61107254
25.68458427;11.61107254
25.70458427;11.43467522
25.72458427;11.43467522
25.74458427;11.43467522
25.76458427;11.43467522
25.78458427;11.43467522
25.80458427;11.43467522
25.82458427;11.61107254
25.84458427;11.61107254
25.86458427;11.43467522
25.88458427;11.61107254
25.90458427;11.43467522
25.92458427;11.43467522
25.94458427;11.61107254
25.96458427;11.43467522
25.98458427;11.43467522
26.00458427;11.43467522
26.02458427;11.43467522
26.04458427;11.43467522
26.06458427;11.43467522
26.08458427;11.61107254
26.10458427;11.43467522
26.12458427;11.43467522
26.14458427;11.43467522
26.16458427;11.43467522
26.18458427;11.43467522
26.20458427;11.43467522
26.22458427;11.61107254
26.24458427;11.43467522
26.26458427;11.43467522
26.28458427;11.43467522
26.30458427;11.43467522
26.32458427;11.43467522
26.34458427;11.61107254
26.36458427;11.61107254
26.38458427;11.61107254
26.40458427;11.43467522
26.42458427;11.61107254
26.44458427;11.43467522
26.46458427;11.43467522
26.48458427;11.43467522
26.50458427;11.61107254
26.52458427;11.61107254
26.54458427;11.61107254
26.56458427;11.43467522
26.58458427;11.43467522
26.60458427;11.43467522
26.62458427;11.43467522
26.64458427;11.43467522
26.66458427;11.43467522
26.68458427;11.61107254
26.70458427;11.43467522
26.72458427;11.43467522
26.74458427;11.61107254
26.76458427;11.43467522
26.78458427;11.43467522
26.80458427;11.43467522
26.82458427;11.61107254
26.84458427;11.43467522
26.86458427;11.43467522
26.88458427;11.43467522
26.90458427;11.43467522
26.92458427;11.61107254
26.94458427;11.43467522
26.96458427;11.61107254
26.98458427;11.43467522
27.00458427;11.43467522
27.02458427;11.43467522
27.04458427;11.43467522
27.06458427;11.43467522
27.08458427;11.61107254
27.10458427;11.43467522
27.12458427;11.61107254
27.14458427;11.61107254
27.16458427;11.61107254
27.18458427;11.43467522
27.20458427;11.43467522
27.22458427;11.61107254
27.24458427;11.61107254
27.26458426;11.43467522
27.28458426;11.43467522
27.30458426;11.43467522
27.32458426;11.43467522
27.34458426;11.43467522
27.36458426;11.61107254
27.38458426;11.61107254
27.40458426;11.43467522
27.42458426;11.43467522
27.44458426;11.43467522
27.46458426;11.43467522
27.48458426;11.43467522
27.50458426;11.43467522
27.52458426;11.43467522
27.54458426;11.43467522
27.56458426;11.43467522
27.58458426;11.61107254
27.60458426;11.61107254
27.62458426;11.43467522
27.64458426;11.43467522
27.66458426;11.43467522
27.68458426;11.43467522
27.70458426;11.61107254
27.72458426;11.43467522
27.74458426;11.43467522
27.76458426;11.43467522
27.78458426;11.43467522
27.80458426;11.43467522
27.82458426;11.43467522
27.84458426;11.43467522
27.86458426;11.43467522
27.88458426;11.61107254
27.90458426;11.43467522
27.92458426;11.43467522
27.94458426;11.43467522
27.96458426;11.43467522
27.98458426;11.43467522
28.00458426;11.43467522
28.02458426;11.43467522
28.04458426;11.43467522
28.06458426;11.61107254
28.08458426;11.43467522
28.10458426;11.61107254
28.12458426;11.61107254
28.14458426;11.43467522
28.16458426;11.43467522
28.18458426;11.43467522
28.20458426;11.43467522
28.22458426;11.43467522
28.24458426;11.61107254
28.26458426;11.61107254
28.28458426;11.43467522
28.30458426;11.43467522
28.32458426;11.61107254
28.34458426;11.43467522
28.36458426;11.61107254
28.38458426;11.43467522
28.40458426;11.43467522
28.42458426;11.43467522
28.44458426;11.43467522
28.46458426;11.43467522
28.48458426;11.43467522
28.50458426;11.61107254
28.52458426;11.43467522
28.54458426;11.43467522
28.56458426;11.61107254
28.58458426;11.43467522
28.60458426;11.61107254
28.62458426;11.61107254
28.64458426;11.43467522
28.66458426;11.61107254
28.68458426;11.43467522
28.70458426;11.43467522
28.72458426;11.43467522
28.74458426;11.61107254
28.76458426;11.43467522
28.78458426;11.43467522
28.80458426;11.61107254
28.82458426;11.43467522
28.84458426;11.43467522
28.86458426;11.43467522
28.88458426;11.43467522
28.90458425;11.43467522
28.92458425;11.61107254
28.94458425;11.43467522
28.96458425;11.43467522
28.98458425;11.43467522
29.00458425;11.43467522
29.02458425;11.43467522
29.04458425;11.61107254
29.06458425;11.43467522
29.08458425;11.43467522
29.10458425;11.43467522
29.12458425;11.43467522
29.14458425;11.61107254
29.16458425;11.61107254
29.18458425;11.43467522
29.20458425;11.43467522
29.22458425;11.43467522
29.24458425;11.43467522
29.26458425;11.43467522
29.28458425;11.43467522
29.30458425;11.61107254
29.32458425;11.61107254
29.34458425;11.43467522
29.36458425;11.61107254
29.38458425;11.61107254
29.40458425;11.43467522
29.42458425;11.61107254
29.44458425;11.43467522
29.46458425;11.43467522
29.48458425;11.43467522
29.50458425;11.43467522
29.52458425;11.61107254
29.54458425;11.43467522
29.56458425;11.43467522
29.58458425;11.61107254
29.60458425;11.61107254
29.62458425;11.43467522
29.64458425;11.43467522
29.66458425;11.43467522
29.68458425;11.61107254
29.70458425;11.43467522
29.72458425;11.61107254
29.74458425;11.43467522
29.76458425;11.43467522
29.78458425;11.61107254
29.80458425;11.43467522
29.82458425;11.43467522
29.84458425;11.43467522
29.86458425;11.43467522
29.88458425;11.43467522
29.90458425;11.43467522
29.92458425;11.43467522
29.94458425;11.43467522
29.96458425;11.61107254
29.98458425;11.61107254
30.00458425;11.43467522
30.02458425;11.43467522
30.04458425;11.43467522
30.06458425;11.43467522
30.08458425;11.43467522
30.10458425;11.43467522
30.12458425;11.61107254
30.14458425;11.43467522
30.16458425;11.61107254
30.18458425;11.43467522
30.20458425;11.43467522
30.22458425;11.43467522
30.24458425;11.43467522
30.26458425;11.43467522
30.28458425;11.43467522
30.30458425;11.43467522
30.32458425;11.43467522
30.34458425;11.61107254
30.36458425;11.43467522
30.38458425;11.43467522
30.40458425;11.61107254
30.42458425;11.61107254
30.44458425;11.43467522
30.46458425;11.43467522
30.48458425;11.43467522
30.50458425;11.43467522
30.52458425;11.43467522
30.54458425;11.43467522
30.56458424;11.43467522
30.58458424;11.43467522
30.60458424;11.43467522
30.62458424;11.43467522
30.64458424;11.43467522
30.66458424;11.43467522
30.68458424;11.43467522
30.70458424;11.43467522
30.72458424;11.43467522
30.74458424;11.43467522
30.76458424;11.43467522
30.78458424;11.43467522
30.80458424;11.43467522
30.82458424;11.43467522
30.84458424;11.61107254
30.86458424;11.43467522
30.88458424;11.43467522
30.90458424;11.61107254
30.92458424;11.43467522
30.94458424;11.43467522
30.96458424;11.43467522
30.98458424;11.43467522
31.00458424;11.61107254
31.02458424;11.43467522
31.04458424;11.43467522
31.06458424;11.61107254
31.08458424;11.61107254
31.10458424;11.43467522
31.12458424;11.43467522
31.14458424;11.43467522
31.16458424;11.43467522
31.18458424;11.43467522
31.20458424;11.43467522
31.22458424;11.43467522
31.24458424;11.43467522
31.26458424;11.61107254
31.28458424;11.43467522
31.30458424;11.61107254
31.32458424;11.43467522
31.34458424;11.43467522
31.36458424;11.43467522
31.38458424;11.43467522
31.40458424;11.61107254
31.42458424;11.43467522
31.44458424;11.43467522
31.46458424;11.61107254
31.48458424;11.43467522
31.50458424;11.43467522
31.52458424;11.43467522
31.54458424;11.43467522
31.56458424;11.61107254
31.58458424;11.43467522
31.60458424;11.61107254
31.62458424;11.43467522
31.64458424;11.61107254
31.66458424;11.43467522
31.68458424;11.61107254
31.70458424;11.43467522
31.72458424;11.61107254
31.74458424;11.43467522
31.76458424;11.61107254
31.78458424;11.43467522
31.80458424;11.43467522
31.82458424;11.61107254
31.84458424;11.43467522
31.86458424;11.61107254
31.88458424;11.43467522
31.90458424;11.61107254
31.92458424;11.43467522
31.94458424;11.43467522
31.96458424;11.61107254
31.98458424;11.43467522
32.00458424;11.43467522
32.02458424;11.43467522
32.04458424;11.61107254
32.06458424;11.43467522
32.08458424;11.43467522
32.10458424;11.61107254
32.12458424;11.43467522
32.14458424;11.43467522
32.16458424;11.61107254
32.18458424;11.43467522
32.20458423;11.43467522
32.22458423;11.61107254
32.24458423;11.43467522
32.26458423;11.61107254
32.28458423;11.43467522
32.30458423;11.43467522
32.32458423;11.43467522
32.34458423;11.61107254
32.36458423;11.43467522
32.38458423;11.43467522
32.40458423;11.61107254
32.42458423;11.61107254
32.44458423;11.43467522
32.46458423;11.43467522
32.48458423;11.43467522
32.50458423;11.43467522
32.52458423;11.43467522
32.54458423;11.43467522
32.56458423;11.43467522
32.58458423;11.43467522
32.60458423;11.61107254
32.62458423;11.43467522
32.64458423;11.43467522
32.66458423;11.43467522
32.68458423;11.43467522
32.70458423;11.43467522
32.72458423;11.43467522
32.74458423;11.43467522
32.76458423;11.43467522
32.78458423;11.43467522
32.80458423;11.43467522
32.82458423;11.61107254
32.84458423;11.43467522
32.86458423;11.61107254
32.88458423;11.43467522
32.90458423;11.43467522
32.92458423;11.43467522
32.94458423;11.61107254
32.96458423;11.43467522
32.98458423;11.61107254
33.00458423;11.61107254
33.02458423;11.43467522
33.04458423;11.43467522
33.06458423;11.43467522
33.08458423;11.43467522
33.10458423;11.61107254
33.12458423;11.43467522
33.14458423;11.61107254
33.16458423;11.61107254
33.18458423;11.61107254
33.20458423;11.43467522
33.22458423;11.43467522
33.24458423;11.61107254
33.26458423;11.61107254
33.28458423;11.43467522
33.30458423;11.61107254
33.32458423;11.43467522
33.34458423;11.43467522
33.36458423;11.43467522
33.38458423;11.43467522
33.40458423;11.43467522
33.42458423;11.43467522
33.44458423;11.43467522
33.46458423;11.43467522
33.48458423;11.43467522
33.50458423;11.61107254
33.52458423;11.61107254
33.54458423;11.43467522
33.56458423;11.43467522
33.58458423;11.61107254
33.60458423;11.61107254
33.62458423;11.61107254
33.64458423;11.43467522
33.66458423;11.43467522
33.68458423;11.61107254
33.70458423;11.43467522
33.72458423;11.61107254
33.74458423;11.43467522
33.76458423;11.43467522
33.78458423;11.61107254
33.80458423;11.43467522
33.82458423;11.43467522
33.84458422;11.61107254
33.86458422;11.43467522
33.88458422;11.43467522
33.90458422;11.61107254
33.92458422;11.43467522
33.94458422;11.43467522
33.96458422;11.43467522
33.98458422;11.43467522
34.00458422;11.61107254
34.02458422;11.43467522
34.04458422;11.61107254
34.06458422;11.43467522
34.08458422;11.43467522
34.10458422;11.43467522
34.12458422;11.43467522
34.14458422;11.43467522
34.16458422;11.43467522
34.18458422;11.61107254
34.20458422;11.43467522
34.22458422;11.43467522
34.24458422;11.61107254
34.26458422;11.43467522
34.28458422;11.43467522
34.30458422;11.61107254
34.32458422;11.61107254
34.34458422;11.43467522
34.36458422;11.43467522
34.38458422;11.43467522
34.40458422;11.43467522
34.42458422;11.43467522
34.44458422;11.43467522
34.46458422;11.43467522
34.48458422;11.43467522
34.50458422;11.43467522
34.52458422;11.61107254
34.54458422;11.43467522
34.56458422;11.43467522
34.58458422;11.61107254
34.60458422;11.43467522
34.62458422;11.61107254
34.64458422;11.43467522
34.66458422;11.43467522
34.68458422;11.61107254
34.70458422;11.43467522
34.72458422;11.43467522
34.74458422;11.43467522
34.76458422;11.43467522
34.78458422;11.43467522
34.80458422;11.61107254
34.82458422;11.43467522
34.84458422;11.61107254
34.86458422;11.61107254
34.88458422;11.43467522
34.90458422;11.43467522
34.92458422;11.43467522
34.94458422;11.43467522
34.96458422;11.61107254
34.98458422;11.43467522
35.00458422;11.61107254
35.02458422;11.43467522
35.04458422;11.61107254
35.06458422;11.43467522
35.08458422;11.61107254
35.10458422;11.43467522
35.12458422;11.61107254
35.14458422;11.43467522
35.16458422;11.43467522
35.18458422;11.61107254
35.20458422;11.43467522
35.22458422;11.43467522
35.24458422;11.43467522
35.26458422;11.43467522
35.28458422;11.43467522
35.30458422;11.61107254
35.32458422;11.43467522
35.34458422;11.43467522
35.36458422;11.43467522
35.38458422;11.61107254
35.40458422;11.61107254
35.42458422;11.61107254
35.44458422;11.43467522
35.46458422;11.43467522
35.48458421;11.43467522
35.50458421;11.43467522
35.52458421;11.61107254
35.54458421;11.43467522
35.56458421;11.43467522
35.58458421;11.43467522
35.60458421;11.43467522
35.62458421;11.61107254
35.64458421;11.43467522
35.66458421;11.43467522
35.68458421;11.61107254
35.70458421;11.43467522
35.72458421;11.43467522
35.74458421;11.43467522
35.76458421;11.43467522
35.78458421;11.43467522
35.80458421;11.61107254
35.82458421;11.43467522
35.84458421;11.43467522
35.86458421;11.43467522
35.88458421;11.43467522
35.90458421;11.43467522
35.92458421;11.43467522
35.94458421;11.43467522
35.96458421;11.61107254
35.98458421;11.43467522
36.00458421;11.43467522
36.02458421;11.43467522
36.04458421;11.43467522
36.06458421;11.43467522
36.08458421;11.43467522
36.10458421;11.61107254
36.12458421;11.43467522
36.14458421;11.43467522
36.16458421;11.43467522
36.18458421;11.43467522
36.20458421;11.43467522
36.22458421;11.43467522
36.24458421;11.43467522
36.26458421;11.43467522
36.28458421;11.43467522
36.30458421;11.61107254
36.32458421;11.43467522
36.34458421;11.43467522
36.36458421;11.43467522
36.38458421;11.43467522
36.40458421;11.43467522
36.42458421;11.43467522
36.44458421;11.43467522
36.46458421;11.43467522
36.48458421;11.43467522
36.50458421;11.61107254
36.52458421;11.43467522
36.54458421;11.43467522
36.56458421;11.43467522
36.58458421;11.43467522
36.60458421;11.61107254
36.62458421;11.43467522
36.64458421;11.61107254
36.66458421;11.43467522
36.68458421;11.43467522
36.70458421;11.43467522
36.72458421;11.43467522
36.74458421;11.43467522
36.76458421;11.43467522
36.78458421;11.43467522
36.80458421;11.43467522
36.82458421;11.43467522
36.84458421;11.43467522
36.86458421;11.43467522
36.88458421;11.43467522
36.90458421;11.43467522
36.92458421;11.61107254
36.94458421;11.61107254
36.96458421;11.43467522
36.98458421;11.43467522
37.00458421;11.61107254
37.02458421;11.43467522
37.04458421;11.43467522
37.06458421;11.61107254
37.08458421;11.43467522
37.10458421;11.61107254
37.12458421;11.43467522
37.14458420;11.43467522
37.16458420;11.43467522
37.18458420;11.43467522
37.20458420;11.43467522
37.22458420;11.43467522
37.24458420;11.43467522
37.26458420;11.61107254
37.28458420;11.43467522
37.30458420;11.43467522
37.32458420;11.61107254
37.34458420;11.61107254
37.36458420;11.43467522
37.38458420;11.43467522
37.40458420;11.43467522
37.42458420;11.61107254
37.44458420;11.43467522
37.46458420;11.43467522
37.48458420;11.43467522
37.50458420;11.43467522
37.52458420;11.43467522
37.54458420;11.43467522
37.56458420;11.43467522
37.58458420;11.61107254
37.60458420;11.43467522
37.62458420;11.43467522
37.64458420;11.43467522
37.66458420;11.43467522
37.68458420;11.61107254
37.70458420;11.61107254
37.72458420;11.43467522
37.74458420;11.43467522
37.76458420;11.61107254
37.78458420;11.43467522
37.80458420;11.61107254
37.82458420;11.43467522
37.84458420;11.43467522
37.86458420;11.43467522
37.88458420;11.43467522
37.90458420;11.43467522
37.92458420;11.43467522
37.94458420;11.43467522
37.96458420;11.43467522
37.98458420;11.43467522
38.00458420;11.43467522
38.02458420;11.43467522
38.04458420;11.43467522
38.06458420;11.61107254
38.08458420;11.43467522
38.10458420;11.43467522
38.12458420;11.43467522
38.14458420;11.43467522
38.16458420;11.43467522
38.18458420;11.61107254
38.20458420;11.43467522
38.22458420;11.43467522
38.24458420;11.43467522
38.26458420;11.43467522
38.28458420;11.43467522
38.30458420;11.43467522
38.32458420;11.43467522
38.34458420;11.43467522
38.36458420;11.43467522
38.38458420;11.43467522
38.40458420;11.43467522
38.42458420;11.43467522
38.44458420;11.43467522
38.46458420;11.43467522
38.48458420;11.43467522
38.50458420;11.43467522
38.52458420;11.43467522
38.54458420;11.43467522
38.56458420;11.43467522
38.58458420;11.61107254
38.60458420;11.43467522
38.62458420;11.43467522
38.64458420;11.43467522
38.66458420;11.43467522
38.68458420;11.43467522
38.70458420;11.43467522
38.72458420;11.61107254
38.74458420;11.43467522
38.76458420;11.61107254
38.78458419;11.61107254
38.80458419;11.43467522
38.82458419;11.61107254
38.84458419;11.43467522
38.86458419;11.61107254
38.88458419;11.43467522
38.90458419;11.61107254
38.92458419;11.43467522
38.94458419;11.43467522
38.96458419;11.43467522
38.98458419;11.61107254
39.00458419;11.43467522
39.02458419;11.43467522
39.04458419;11.43467522
39.06458419;11.61107254
39.08458419;11.43467522
39.10458419;11.43467522
39.12458419;11.43467522
39.14458419;11.61107254
39.16458419;11.43467522
39.18458419;11.43467522
39.20458419;11.43467522
39.22458419;11.43467522
39.24458419;11.61107254
39.26458419;11.43467522
39.28458419;11.43467522
39.30458419;11.61107254
39.32458419;11.43467522
39.34458419;11.61107254
39.36458419;11.43467522
39.38458419;11.61107254
39.40458419;11.43467522
39.42458419;11.43467522
39.44458419;11.43467522
39.46458419;11.61107254
39.48458419;11.43467522
39.50458419;11.43467522
39.52458419;11.43467522
39.54458419;11.43467522
39.56458419;11.43467522
39.58458419;11.43467522
39.60458419;11.43467522
39.62458419;11.43467522
39.64458419;11.43467522
39.66458419;11.43467522
39.68458419;11.61107254
39.70458419;11.43467522
39.72458419;11.43467522
39.74458419;11.43467522
39.76458419;11.43467522
39.78458419;11.43467522
39.80458419;11.43467522
39.82458419;11.61107254
39.84458419;11.61107254
39.86458419;11.43467522
39.88458419;11.43467522
39.90458419;11.43467522
39.92458419;10.55269051
39.94458419;9.49369812
39.96458419;9.49369812
39.98458419;9.14090347
40.00458419;8.43470573
40.02458419;7.55272055
40.04458419;7.02291918
40.06458419;6.67012548
40.08458419;5.96392727
40.10458419;5.43473625
40.12458419;4.90554523
40.14458419;4.37574387
40.16458419;4.02294970
40.18458419;3.49375892
40.20458419;3.14035463
40.22458419;2.78756070
40.24458419;2.43476677
40.26458419;2.08197260
40.28458419;1.72856832
40.30458419;1.55217135
40.32458419;1.37577438
40.34458419;1.19937742
40.36458419;1.02298045
40.38458419;0.84658343
40.40458419;0.84658343
40.42458418;0.67018646
40.44458418;0.67018646
40.46458418;0.67018646
40.48458418;0.49378949
40.50458418;0.49378949
40.52458418;0.31739250
40.54458418;0.31739250
40.56458418;0.31739250
40.58458418;0.67018646
40.60458418;0.84658343
40.62458418;1.02298045
40.64458418;1.02298045
40.66458418;0.67018646
40.68458418;0.67018646
40.70458418;0.31739250
40.72458418;0.14099552
40.74458418;0.67018646
40.76458418;0.49378949
40.78458418;0.14099552
40.80458418;0.31739250
40.82458418;0.31739250
40.84458418;0.14099552
40.86458418;0.14099552
40.88458418;0.31739250
40.90458418;0.14099552
40.92458418;0.14099552
40.94458418;0.14099552
40.96458418;0.14099552
40.98458418;0.14099552
41.00458418;0.14099552
41.02458418;0.14099552
41.04458418;-0.03540147
41.06458418;0.14099552
41.08458418;0.14099552
41.10458418;0.14099552
41.12458418;0.14099552
41.14458418;0.14099552
41.16458418;0.14099552
41.18458418;0.14099552
41.20458418;0.14099552
41.22458418;0.14099552
41.24458418;0.14099552
41.26458418;0.14099552
41.28458418;0.14099552
41.30458418;0.14099552
41.32458418;0.14099552
41.34458418;0.14099552
41.36458418;0.14099552
41.38458418;0.14099552
41.40458418;0.14099552
41.42458418;0.14099552
41.44458418;0.14099552
41.46458418;0.14099552
41.48458418;0.14099552
41.50458418;0.14099552
41.52458418;0.14099552
41.54458418;0.14099552
41.56458418;0.14099552
41.58458418;0.14099552
41.60458418;0.14099552
41.62458418;0.14099552
41.64458418;0.14099552
41.66458418;0.14099552
41.68458418;0.14099552
41.70458418;0.14099552
41.72458418;0.14099552
41.74458418;0.14099552
41.76458418;0.14099552
41.78458418;0.14099552
41.80458418;0.14099552
41.82458418;0.14099552
41.84458418;0.14099552
41.86458418;0.14099552
41.88458418;0.14099552
41.90458418;0.14099552
41.92458418;0.14099552
41.94458418;0.14099552
41.96458418;0.14099552
41.98458418;0.14099552
42.00458418;0.14099552
42.02458418;0.14099552
42.04458418;-0.03540147
42.06458417;0.14099552
42.08458417;0.14099552
42.10458417;-0.03540147
42.12458417;0.14099552
42.14458417;0.14099552
42.16458417;0.14099552
42.18458417;0.14099552
42.20458417;0.14099552
42.22458417;0.14099552
42.24458417;0.14099552
42.26458417;-0.03540147
42.28458417;-0.03540147
42.30458417;0.14099552
42.32458417;0.14099552
42.34458417;0.14099552
42.36458417;0.14099552
42.38458417;-0.03540147
42.40458417;0.14099552
42.42458417;-0.03540147
42.44458417;0.14099552
42.46458417;0.14099552
42.48458417;0.14099552
42.50458417;0.14099552
42.52458417;0.14099552
42.54458417;0.14099552
42.56458417;0.14099552
42.58458417;0.14099552
42.60458417;0.14099552
42.62458417;0.14099552
42.64458417;0.14099552
42.66458417;0.14099552
42.68458417;-0.03540147
42.70458417;0.14099552
42.72458417;0.14099552
42.74458417;-0.03540147
42.76458417;0.14099552
42.78458417;0.14099552
42.80458417;0.14099552
42.82458417;0.14099552
42.84458417;0.14099552
42.86458417;0.14099552
42.88458417;0.14099552
42.90458417;0.14099552
42.92458417;-0.03540147
42.94458417;0.14099552
42.96458417;0.14099552
42.98458417;-0.03540147
43.00458417;0.14099552
43.02458417;0.14099552
43.04458417;0.14099552
43.06458417;0.14099552
43.08458417;0.14099552
43.10458417;0.14099552
43.12458417;0.14099552
43.14458417;0.14099552
43.16458417;0.14099552
43.18458417;0.14099552
43.20458417;0.14099552
43.22458417;0.14099552
43.24458417;0.14099552
43.26458417;-0.03540147
43.28458417;0.14099552
43.30458417;0.14099552
43.32458417;0.14099552
43.34458417;0.14099552
43.36458417;-0.03540147
43.38458417;0.14099552
43.40458417;0.14099552
43.42458417;0.14099552
43.44458417;-0.03540147
43.46458417;-0.03540147
43.48458417;0.14099552
43.50458417;0.14099552
43.52458417;0.14099552
43.54458417;0.14099552
43.56458417;0.14099552
43.58458417;0.14099552
43.60458417;-0.03540147
43.62458417;-0.03540147
43.64458417;0.14099552
43.66458417;-0.03540147
43.68458417;-0.03540147
43.70458417;0.14099552
43.72458416;0.14099552
43.74458416;0.14099552
43.76458416;0.14099552
43.78458416;-0.03540147
43.80458416;0.14099552
43.82458416;0.14099552
43.84458416;-0.03540147
43.86458416;0.14099552
43.88458416;-0.03540147
43.90458416;0.14099552
43.92458416;0.14099552
43.94458416;0.14099552
43.96458416;-0.03540147
43.98458416;0.14099552
44.00458416;0.14099552
44.02458416;0.14099552
44.04458416;-0.03540147
44.06458416;0.14099552
44.08458416;-0.03540147
44.10458416;0.14099552
44.12458416;0.14099552
44.14458416;0.14099552
44.16458416;-0.03540147
44.18458416;0.14099552
44.20458416;0.14099552
44.22458416;0.14099552
44.24458416;-0.03540147
44.26458416;0.14099552
44.28458416;0.14099552
44.30458416;0.14099552
44.32458416;-0.03540147
44.34458416;0.14099552
44.36458416;0.14099552
44.38458416;0.14099552
44.40458416;-0.03540147
44.42458416;0.14099552
44.44458416;-0.03540147
44.46458416;0.14099552
44.48458416;0.14099552
44.50458416;-0.03540147
44.52458416;0.14099552
44.54458416;0.14099552
44.56458416;0.14099552
44.58458416;0.14099552
44.60458416;0.14099552
44.62458416;0.14099552
44.64458416;0.14099552
44.66458416;0.14099552
44.68458416;0.14099552
44.70458416;0.14099552
44.72458416;-0.03540147
44.74458416;-0.03540147
44.76458416;0.14099552
44.78458416;0.14099552
44.80458416;-0.03540147
44.82458416;0.14099552
44.84458416;0.14099552
44.86458416;0.14099552
44.88458416;0.14099552
44.90458416;0.14099552
44.92458416;0.14099552
44.94458416;-0.03540147
44.96458416;0.14099552
44.98458416;0.14099552
45.00458416;0.14099552
45.02458416;-0.03540147
45.04458416;0.14099552
45.06458416;0.14099552
45.08458416;0.14099552
45.10458416;-0.03540147
45.12458416;0.14099552
45.14458416;-0.03540147
45.16458416;0.14099552
45.18458416;0.14099552
45.20458416;-0.03540147
45.22458416;0.14099552
45.24458416;0.14099552
45.26458416;0.14099552
45.28458416;0.14099552
45.30458416;0.14099552
45.32458416;0.14099552
45.34458416;0.14099552
45.36458415;0.14099552
45.38458415;0.14099552
45.40458415;0.14099552
45.42458415;0.14099552
45.44458415;-0.03540147
45.46458415;0.14099552
45.48458415;-0.03540147
45.50458415;-0.03540147
45.52458415;-0.03540147
45.54458415;-0.03540147
45.56458415;0.14099552
45.58458415;-0.03540147
45.60458415;0.14099552
45.62458415;-0.03540147
45.64458415;0.14099552
45.66458415;0.14099552
45.68458415;0.14099552
45.70458415;-0.03540147
45.72458415;-0.03540147
45.74458415;0.14099552
45.76458415;0.14099552
45.78458415;0.14099552
45.80458415;0.14099552
45.82458415;0.14099552
45.84458415;0.14099552
45.86458415;0.14099552
45.88458415;0.14099552
45.90458415;-0.03540147
45.92458415;0.14099552
45.94458415;0.14099552
45.96458415;-0.03540147
45.98458415;-0.03540147
46.00458415;0.14099552
46.02458415;0.14099552
46.04458415;0.14099552
46.06458415;-0.03540147
46.08458415;0.14099552
46.10458415;0.14099552
46.12458415;-0.03540147
46.14458415;0.14099552
46.16458415;0.14099552
46.18458415;0.14099552
46.20458415;0.14099552
46.22458415;0.14099552
46.24458415;0.14099552
46.26458415;0.14099552
46.28458415;0.14099552
46.30458415;0.14099552
46.32458415;-0.03540147
46.34458415;0.14099552
46.36458415;0.14099552
46.38458415;0.14099552
46.40458415;0.14099552
46.42458415;0.14099552
46.44458415;0.14099552
46.46458415;0.14099552
46.48458415;0.14099552
46.50458415;0.14099552
46.52458415;0.14099552
46.54458415;0.14099552
46.56458415;0.14099552
46.58458415;0.14099552
46.60458415;0.14099552
46.62458415;0.14099552
46.64458415;0.14099552
46.66458415;0.14099552
46.68458415;-0.03540147
46.70458415;0.14099552
46.72458415;-0.03540147
46.74458415;0.14099552
46.76458415;0.14099552
46.78458415;-0.03540147
46.80458415;0.14099552
46.82458415;-0.03540147
46.84458415;0.14099552
46.86458415;0.14099552
46.88458415;-0.03540147
46.90458415;0.14099552
46.92458415;-0.03540147
46.94458415;0.14099552
46.96458415;0.14099552
46.98458415;-0.03540147
47.00458414;0.14099552
47.02458414;0.14099552
47.04458414;0.14099552
47.06458414;0.14099552
47.08458414;-0.03540147
47.10458414;-0.03540147
47.12458414;0.14099552
47.14458414;0.14099552
47.16458414;0.14099552
47.18458414;0.14099552
47.20458414;-0.03540147
47.22458414;0.14099552
47.24458414;0.14099552
47.26458414;0.14099552
47.28458414;0.14099552
47.30458414;0.14099552
47.32458414;0.14099552
47.34458414;0.14099552
47.36458414;-0.03540147
47.38458414;-0.03540147
47.40458414;-0.03540147
47.42458414;0.14099552
47.44458414;0.14099552
47.46458414;0.14099552
47.48458414;0.14099552
47.50458414;0.14099552
47.52458414;0.14099552
47.54458414;0.14099552
47.56458414;0.14099552
47.58458414;0.14099552
47.60458414;0.14099552
47.62458414;-0.03540147
47.64458414;-0.03540147
47.66458414;-0.03540147
47.68458414;-0.03540147
47.70458414;0.14099552
47.72458414;0.14099552
47.74458414;0.14099552
47.76458414;0.14099552
47.78458414;-0.03540147
47.80458414;0.14099552
47.82458414;0.14099552
47.84458414;-0.03540147
47.86458414;-0.03540147
47.88458414;-0.03540147
47.90458414;-0.03540147
47.92458414;0.14099552
47.94458414;-0.03540147
47.96458414;-0.03540147
47.98458414;0.14099552
48.00458414;0.14099552
48.02458414;0.14099552
48.04458414;0.14099552
48.06458414;0.14099552
48.08458414;0.14099552
48.10458414;-0.03540147
48.12458414;-0.03540147
48.14458414;0.14099552
48.16458414;0.14099552
48.18458414;-0.03540147
48.20458414;0.14099552
48.22458414;-0.03540147
48.24458414;0.14099552
48.26458414;0.14099552
48.28458414;-0.03540147
48.30458414;0.14099552
48.32458414;0.14099552
48.34458414;-0.03540147
48.36458414;0.14099552
48.38458414;0.14099552
48.40458414;-0.03540147
48.42458414;-0.03540147
48.44458414;0.14099552
48.46458414;-0.03540147
48.48458414;0.14099552
48.50458414;0.14099552
48.52458414;0.14099552
48.54458414;0.14099552
48.56458414;-0.03540147
48.58458414;-0.03540147
48.60458414;0.14099552
48.62458414;-0.03540147
48.64458414;-0.03540147
48.66458413;0.14099552
48.68458413;0.14099552
48.70458413;0.14099552
48.72458413;-0.03540147
48.74458413;0.14099552
48.76458413;-0.03540147
48.78458413;-0.03540147
48.80458413;0.14099552
48.82458413;-0.03540147
48.84458413;0.14099552
48.86458413;0.14099552
48.88458413;0.14099552
48.90458413;-0.03540147
48.92458413;-0.03540147
48.94458413;0.14099552
48.96458413;-0.03540147
48.98458413;0.14099552
49.00458413;-0.03540147
49.02458413;-0.03540147
49.04458413;0.14099552
49.06458413;0.14099552
49.08458413;0.14099552
49.10458413;-0.03540147
49.12458413;0.14099552
49.14458413;0.14099552
49.16458413;-0.03540147
49.18458413;0.14099552
49.20458413;-0.03540147
49.22458413;0.14099552
49.24458413;0.14099552
49.26458413;0.14099552
49.28458413;0.14099552
49.30458413;0.14099552
49.32458413;0.14099552
49.34458413;-0.03540147
49.36458413;-0.03540147
49.38458413;-0.03540147
49.40458413;0.14099552
49.42458413;-0.03540147
49.44458413;-0.03540147
49.46458413;-0.03540147
49.48458413;0.14099552
49.50458413;0.14099552
49.52458413;0.14099552
49.54458413;0.14099552
49.56458413;0.14099552
49.58458413;0.14099552
49.60458413;0.14099552
49.62458413;0.14099552
49.64458413;0.14099552
49.66458413;0.14099552
49.68458413;0.14099552
49.70458413;0.14099552
49.72458413;0.14099552
49.74458413;0.14099552
49.76458413;-0.03540147
49.78458413;0.14099552
49.80458413;-0.03540147
49.82458413;0.31739250
49.84458413;0.84658343
49.86458413;1.55217135
49.88458413;1.90557575
49.90458413;2.43476677
49.92458413;3.14035463
49.94458413;3.84655285
49.96458413;4.37574387
49.98458413;3.67015600
50.00458413;2.78756070
50.02458413;3.14035463
50.04458413;4.37574387
50.06458413;4.02294970
50.08458413;3.14035463
50.10458413;4.19934702
50.12458413;4.90554523
50.14458413;4.90554523
50.16458413;4.90554523
50.18458413;5.43473625
50.20458413;5.61113310
50.22458413;5.96392727
50.24458413;6.31733131
50.26458413;6.31733131
50.28458413;6.49372864
50.30458412;7.02291918
50.32458412;7.19931650
50.34458412;7.19931650
50.36458412;7.55272055
50.38458412;7.72911787
50.40458412;7.90551472
50.42458412;8.08191204
50.44458412;8.25830841
50.46458412;8.43470573
50.48458412;8.61110306
50.50458412;8.78749943
50.52458412;8.78749943
50.54458412;9.14090347
50.56458412;9.14090347
50.58458412;9.31730080
50.60458412;9.31730080
50.62458412;9.49369812
50.64458412;9.67009449
50.66458412;9.67009449
50.68458412;9.84649181
50.70458412;10.02288914
50.72458412;10.02288914
50.74458412;10.02288914
50.76458412;10.19928551
50.78458412;10.19928551
50.80458412;10.19928551
50.82458412;10.37629318
50.84458412;10.55269051
50.86458412;10.55269051
50.88458412;10.55269051
50.90458412;10.55269051
50.92458412;10.55269051
50.94458412;10.72908688
50.96458412;10.72908688
50.98458412;10.72908688
51.00458412;10.90548420
51.02458412;10.90548420
51.04458412;10.90548420
51.06458412;10.90548420
51.08458412;10.90548420
51.10458412;10.90548420
51.12458412;10.90548420
51.14458412;11.08188152
51.16458412;10.90548420
51.18458412;11.08188152
51.20458412;11.25827789
51.22458412;11.25827789
51.24458412;11.25827789
51.26458412;11.08188152
51.28458412;11.25827789
51.30458412;11.25827789
51.32458412;11.25827789
51.34458412;11.25827789
51.36458412;11.25827789
51.38458412;11.25827789
51.40458412;11.25827789
51.42458412;11.25827789
51.44458412;11.25827789
51.46458412;11.25827789
51.48458412;11.25827789
51.50458412;11.25827789
51.52458412;11.25827789
51.54458412;11.43467522
51.56458412;11.25827789
51.58458412;11.43467522
51.60458412;11.43467522
51.62458412;11.43467522
51.64458412;11.43467522
51.66458412;11.43467522
51.68458412;11.43467522
51.70458412;11.43467522
51.72458412;11.43467522
51.74458412;11.43467522
51.76458412;11.43467522
51.78458412;11.43467522
51.80458412;11.43467522
51.82458412;11.43467522
51.84458412;11.43467522
51.86458412;11.43467522
51.88458412;11.43467522
51.90458412;11.43467522
51.92458412;11.43467522
51.94458411;11.43467522
51.96458411;11.43467522
51.98458411;11.43467522
52.00458411;11.43467522
52.02458411;11.43467522
52.04458411;11.43467522
52.06458411;11.43467522
52.08458411;11.43467522
52.10458411;11.43467522
52.12458411;11.43467522
52.14458411;11.43467522
52.16458411;11.61107254
52.18458411;11.43467522
52.20458411;11.43467522
52.22458411;11.43467522
52.24458411;11.43467522
52.26458411;11.61107254
52.28458411;11.43467522
52.30458411;11.43467522
52.32458411;11.43467522
52.34458411;11.43467522
52.36458411;11.43467522
52.38458411;11.43467522
52.40458411;11.43467522
52.42458411;11.43467522
52.44458411;11.43467522
52.46458411;11.43467522
52.48458411;11.43467522
52.50458411;11.43467522
52.52458411;11.43467522
52.54458411;11.43467522
52.56458411;11.43467522
52.58458411;11.43467522
52.60458411;11.43467522
52.62458411;11.43467522
52.64458411;11.43467522
52.66458411;11.43467522
52.68458411;11.43467522
52.70458411;11.43467522
52.72458411;11.43467522
52.74458411;11.43467522
52.76458411;11.43467522
52.78458411;11.43467522
52.80458411;11.43467522
52.82458411;11.61107254
52.84458411;11.43467522
52.86458411;11.43467522
52.88458411;11.43467522
52.90458411;11.43467522
52.92458411;11.43467522
52.94458411;11.43467522
52.96458411;11.43467522
52.98458411;11.43467522
53.00458411;11.43467522
53.02458411;11.43467522
53.04458411;11.43467522
53.06458411;11.43467522
53.08458411;11.43467522
53.10458411;11.43467522
53.12458411;11.43467522
53.14458411;11.43467522
53.16458411;11.43467522
53.18458411;11.43467522
53.20458411;11.43467522
53.22458411;11.43467522
53.24458411;11.43467522
53.26458411;11.43467522
53.28458411;11.43467522
53.30458411;11.43467522
53.32458411;11.43467522
53.34458411;11.43467522
53.36458411;11.43467522
53.38458411;11.43467522
53.40458411;11.43467522
53.42458411;11.43467522
53.44458411;11.43467522
53.46458411;11.43467522
53.48458411;11.61107254
53.50458411;11.43467522
53.52458411;11.43467522
53.54458411;11.43467522
53.56458411;11.43467522
53.58458410;11.43467522
53.60458410;11.43467522
53.62458410;11.43467522
53.64458410;11.43467522
53.66458410;11.43467522
53.68458410;11.43467522
53.70458410;11.43467522
53.72458410;11.43467522
53.74458410;11.43467522
53.76458410;11.43467522
53.78458410;11.43467522
53.80458410;11.43467522
53.82458410;11.43467522
53.84458410;11.43467522
53.86458410;11.43467522
53.88458410;11.43467522
53.90458410;11.43467522
53.92458410;11.43467522
53.94458410;11.43467522
53.96458410;11.43467522
53.98458410;11.43467522
54.00458410;11.43467522
54.02458410;11.43467522
54.04458410;11.43467522
54.06458410;11.43467522
54.08458410;11.43467522
54.10458410;11.43467522
54.12458410;11.43467522
54.14458410;11.43467522
54.16458410;11.43467522
54.18458410;11.43467522
54.20458410;11.43467522
54.22458410;11.43467522
54.24458410;11.61107254
54.26458410;11.43467522
54.28458410;11.61107254
54.30458410;11.43467522
54.32458410;11.43467522
54.34458410;11.43467522
54.36458410;11.43467522
54.38458410;11.43467522
54.40458410;11.61107254
54.42458410;11.43467522
54.44458410;11.43467522
54.46458410;11.43467522
54.48458410;11.43467522
54.50458410;11.61107254
54.52458410;11.61107254
54.54458410;11.43467522
54.56458410;11.43467522
54.58458410;11.43467522
54.60458410;11.43467522
54.62458410;11.43467522
54.64458410;11.61107254
54.66458410;11.43467522
54.68458410;11.43467522
54.70458410;11.43467522
54.72458410;11.43467522
54.74458410;11.43467522
54.76458410;11.43467522
54.78458410;11.43467522
54.80458410;11.43467522
54.82458410;11.61107254
54.84458410;11.43467522
54.86458410;11.43467522
54.88458410;11.61107254
54.90458410;11.43467522
54.92458410;11.43467522
54.94458410;11.43467522
54.96458410;11.43467522
54.98458410;11.61107254
55.00458410;11.43467522
55.02458410;11.43467522
55.04458410;11.43467522
55.06458410;11.43467522
55.08458410;11.43467522
55.10458410;11.43467522
55.12458410;11.43467522
55.14458410;11.43467522
55.16458410;11.43467522
55.18458410;11.43467522
55.20458410;11.43467522
55.22458410;11.43467522
55.24458409;11.43467522
55.26458409;11.43467522
55.28458409;11.43467522
55.30458409;11.61107254
55.32458409;11.43467522
55.34458409;11.43467522
55.36458409;11.43467522
55.38458409;11.43467522
55.40458409;11.43467522
55.42458409;11.43467522
55.44458409;11.61107254
55.46458409;11.43467522
55.48458409;11.43467522
55.50458409;11.61107254
55.52458409;11.43467522
55.54458409;11.43467522
55.56458409;11.43467522
55.58458409;11.43467522
55.60458409;11.43467522
55.62458409;11.43467522
55.64458409;11.61107254
55.66458409;11.43467522
55.68458409;11.61107254
55.70458409;11.43467522
55.72458409;11.43467522
55.74458409;11.43467522
55.76458409;11.43467522
55.78458409;11.43467522
55.80458409;11.43467522
55.82458409;11.43467522
55.84458409;11.43467522
55.86458409;11.43467522
55.88458409;11.43467522
55.90458409;11.43467522
55.92458409;11.43467522
55.94458409;11.43467522
55.96458409;11.43467522
55.98458409;11.43467522
56.00458409;11.43467522
56.02458409;11.43467522
56.04458409;11.43467522
56.06458409;11.43467522
56.08458409;11.61107254
56.10458409;11.43467522
56.12458409;11.43467522
56.14458409;11.43467522
56.16458409;11.43467522
56.18458409;11.43467522
56.20458409;11.43467522
56.22458409;11.43467522
56.24458409;11.43467522
56.26458409;11.43467522
56.28458409;11.43467522
56.30458409;11.43467522
56.32458409;11.43467522
56.34458409;11.43467522
56.36458409;11.43467522
56.38458409;11.43467522
56.40458409;11.43467522
56.42458409;11.43467522
56.44458409;11.43467522
56.46458409;11.43467522
56.48458409;11.43467522
56.50458409;11.61107254
56.52458409;11.43467522
56.54458409;11.43467522
56.56458409;11.43467522
56.58458409;11.43467522
56.60458409;11.43467522
56.62458409;11.43467522
56.64458409;11.43467522
56.66458409;11.43467522
56.68458409;11.43467522
56.70458409;11.43467522
56.72458409;11.43467522
56.74458409;11.43467522
56.76458409;11.43467522
56.78458409;11.43467522
56.80458409;11.43467522
56.82458409;11.43467522
56.84458409;11.43467522
56.86458409;11.43467522
56.88458408;11.43467522
56.90458408;11.43467522
56.92458408;11.43467522
56.94458408;11.43467522
56.96458408;11.43467522
56.98458408;11.43467522
57.00458408;11.43467522
57.02458408;11.61107254
57.04458408;11.43467522
57.06458408;11.61107254
57.08458408;11.61107254
57.10458408;11.61107254
57.12458408;11.43467522
57.14458408;11.43467522
57.16458408;11.43467522
57.18458408;11.43467522
57.20458408;11.61107254
57.22458408;11.43467522
57.24458408;11.61107254
57.26458408;11.43467522
57.28458408;11.61107254
57.30458408;11.61107254
57.32458408;11.43467522
57.34458408;11.61107254
57.36458408;11.43467522
57.38458408;11.43467522
57.40458408;11.61107254
57.42458408;11.43467522
57.44458408;11.43467522
57.46458408;11.43467522
57.48458408;11.43467522
57.50458408;11.61107254
57.52458408;11.43467522
57.54458408;11.43467522
57.56458408;11.43467522
57.58458408;11.43467522
57.60458408;11.43467522
57.62458408;11.43467522
57.64458408;11.43467522
57.66458408;11.43467522
57.68458408;11.43467522
57.70458408;11.43467522
57.72458408;11.61107254
57.74458408;11.43467522
57.76458408;11.43467522
57.78458408;11.43467522
57.80458408;11.43467522
57.82458408;11.43467522
57.84458408;11.43467522
57.86458408;11.43467522
57.88458408;11.61107254
57.90458408;11.43467522
57.92458408;11.43467522
57.94458408;11.43467522
57.96458408;11.43467522
57.98458408;11.43467522
58.00458408;11.43467522
58.02458408;11.43467522
58.04458408;11.61107254
58.06458408;11.61107254
58.08458408;11.43467522
58.10458408;11.43467522
58.12458408;11.43467522
58.14458408;11.43467522
58.16458408;11.43467522
58.18458408;11.61107254
58.20458408;11.43467522
58.22458408;11.43467522
58.24458408;11.43467522
58.26458408;11.43467522
58.28458408;11.61107254
58.30458408;11.61107254
58.32458408;11.61107254
58.34458408;11.61107254
58.36458408;11.43467522
58.38458408;11.43467522
58.40458408;11.43467522
58.42458408;11.43467522
58.44458408;11.61107254
58.46458408;11.43467522
58.48458408;11.43467522
58.50458408;11.61107254
58.52458407;11.43467522
58.54458407;11.61107254
58.56458407;11.43467522
58.58458407;11.43467522
58.60458407;11.61107254
58.62458407;11.43467522
58.64458407;11.43467522
58.66458407;11.43467522
58.68458407;11.43467522
58.70458407;11.43467522
58.72458407;11.43467522
58.74458407;11.43467522
58.76458407;11.43467522
58.78458407;11.43467522
58.80458407;11.61107254
58.82458407;11.43467522
58.84458407;11.43467522
58.86458407;11.43467522
58.88458407;11.43467522
58.90458407;11.43467522
58.92458407;11.61107254
58.94458407;11.43467522
58.96458407;11.61107254
58.98458407;11.43467522
59.00458407;11.43467522
59.02458407;11.61107254
59.04458407;11.43467522
59.06458407;11.43467522
59.08458407;11.43467522
59.10458407;11.43467522
59.12458407;11.61107254
59.14458407;11.43467522
59.16458407;11.43467522
59.18458407;11.43467522
59.20458407;11.43467522
59.22458407;11.61107254
59.24458407;11.43467522
59.26458407;11.43467522
59.28458407;11.43467522
59.30458407;11.61107254
59.32458407;11.43467522
59.34458407;11.61107254
59.36458407;11.43467522
59.38458407;11.61107254
59.40458407;11.43467522
59.42458407;11.61107254
59.44458407;11.43467522
59.46458407;11.43467522
59.48458407;11.43467522
59.50458407;11.43467522
59.52458407;11.43467522
59.54458407;11.61107254
59.56458407;11.43467522
59.58458407;11.61107254
59.60458407;11.43467522
59.62458407;11.43467522
59.64458407;11.61107254
59.66458407;11.43467522
59.68458407;11.61107254
59.70458407;11.43467522
59.72458407;11.61107254
59.74458407;11.43467522
59.76458407;11.61107254
59.78458407;11.43467522
59.80458407;11.43467522
59.82458407;11.43467522
59.84458407;11.43467522
59.86458407;11.43467522
59.88458407;11.43467522
59.90458407;11.61107254
59.92458407;11.43467522
59.94458407;11.43467522
59.96458407;11.43467522
59.98458407;11.61107254
60.00458407;11.61107254
60.02458407;11.43467522
60.04458407;11.43467522
60.06458407;11.43467522
60.08458407;11.43467522
60.10458407;11.61107254
60.12458407;11.43467522
60.14458407;11.43467522
60.16458406;11.43467522
60.18458406;11.43467522
60.20458406;11.43467522
60.22458406;11.43467522
60.24458406;11.43467522
60.26458406;11.43467522
60.28458406;11.43467522
60.30458406;11.43467522
60.32458406;11.43467522
60.34458406;11.43467522
60.36458406;11.43467522
60.38458406;11.43467522
60.40458406;11.43467522
60.42458406;11.43467522
60.44458406;11.43467522
60.46458406;11.43467522
60.48458406;11.43467522
60.50458406;11.43467522
60.52458406;11.43467522
60.54458406;11.61107254
60.56458406;11.43467522
60.58458406;11.43467522
60.60458406;11.43467522
60.62458406;11.43467522
60.64458406;11.43467522
60.66458406;11.61107254
60.68458406;11.61107254
60.70458406;11.61107254
60.72458406;11.43467522
60.74458406;11.43467522
60.76458406;11.43467522
60.78458406;11.43467522
60.80458406;11.43467522
60.82458406;11.61107254
60.84458406;11.43467522
60.86458406;11.43467522
60.88458406;11.43467522
60.90458406;11.43467522
60.92458406;11.43467522
60.94458406;11.43467522
60.96458406;11.61107254
60.98458406;11.43467522
61.00458406;11.43467522
61.02458406;11.61107254
61.04458406;11.43467522
61.06458406;11.43467522
61.08458406;11.61107254
61.10458406;11.43467522
61.12458406;11.61107254
61.14458406;11.61107254
61.16458406;11.43467522
61.18458406;11.61107254
61.20458406;11.43467522
61.22458406;11.43467522
61.24458406;11.43467522
61.26458406;11.43467522
61.28458406;11.61107254
61.30458406;11.43467522
61.32458406;11.43467522
61.34458406;11.43467522
61.36458406;11.43467522
61.38458406;11.43467522
61.40458406;11.43467522
61.42458406;11.43467522
61.44458406;11.43467522
61.46458406;11.43467522
61.48458406;11.43467522
61.50458406;11.61107254
61.52458406;11.61107254
61.54458406;11.43467522
61.56458406;11.43467522
61.58458406;11.43467522
61.60458406;11.43467522
61.62458406;11.61107254
61.64458406;11.43467522
61.66458406;11.43467522
61.68458406;11.61107254
61.70458406;11.43467522
61.72458406;11.43467522
61.74458406;11.43467522
61.76458406;11.61107254
61.78458406;11.61107254
61.80458406;11.43467522
61.82458405;11.43467522
61.84458405;11.43467522
61.86458405;11.61107254
61.88458405;11.61107254
61.90458405;11.61107254
61.92458405;11.43467522
61.94458405;11.43467522
61.96458405;11.43467522
61.98458405;11.61107254
62.00458405;11.43467522
62.02458405;11.43467522
62.04458405;11.43467522
62.06458405;11.61107254
62.08458405;11.43467522
62.10458405;11.61107254
62.12458405;11.43467522
62.14458405;11.43467522
62.16458405;11.43467522
62.18458405;11.61107254
62.20458405;11.61107254
62.22458405;11.43467522
62.24458405;11.43467522
62.26458405;11.43467522
62.28458405;11.43467522
62.30458405;11.61107254
62.32458405;11.43467522
62.34458405;11.43467522
62.36458405;11.43467522
62.38458405;11.43467522
62.40458405;11.43467522
62.42458405;11.43467522
62.44458405;11.43467522
62.46458405;11.43467522
62.48458405;11.43467522
62.50458405;11.43467522
62.52458405;11.43467522
62.54458405;11.43467522
62.56458405;11.61107254
62.58458405;11.43467522
62.60458405;11.43467522
62.62458405;11.43467522
62.64458405;11.43467522
62.66458405;11.43467522
62.68458405;11.43467522
62.70458405;11.43467522
62.72458405;11.43467522
62.74458405;11.43467522
62.76458405;11.61107254
62.78458405;11.43467522
62.80458405;11.43467522
62.82458405;11.61107254
62.84458405;11.43467522
62.86458405;11.43467522
62.88458405;11.43467522
62.90458405;11.43467522
62.92458405;11.43467522
62.94458405;11.43467522
62.96458405;11.43467522
62.98458405;11.61107254
63.00458405;11.61107254
63.02458405;11.61107254
63.04458405;11.43467522
63.06458405;11.43467522
63.08458405;11.43467522
63.10458405;11.43467522
63.12458405;11.43467522
63.14458405;11.61107254
63.16458405;11.61107254
63.18458405;11.43467522
63.20458405;11.43467522
63.22458405;11.61107254
63.24458405;11.61107254
63.26458405;11.61107254
63.28458405;11.43467522
63.30458405;11.43467522
63.32458405;11.43467522
63.34458405;11.43467522
63.36458405;11.43467522
63.38458405;11.43467522
63.40458405;11.43467522
63.42458405;11.43467522
63.44458405;11.61107254
63.46458404;11.43467522
63.48458404;11.43467522
63.50458404;11.43467522
63.52458404;11.61107254
63.54458404;11.43467522
63.56458404;11.43467522
63.58458404;11.43467522
63.60458404;11.43467522
63.62458404;11.61107254
63.64458404;11.43467522
63.66458404;11.61107254
63.68458404;11.43467522
63.70458404;11.43467522
63.72458404;11.61107254
63.74458404;11.43467522
63.76458404;11.43467522
63.78458404;11.43467522
63.80458404;11.43467522
63.82458404;11.61107254
63.84458404;11.43467522
63.86458404;11.43467522
63.88458404;11.43467522
63.90458404;11.43467522
63.92458404;11.43467522
63.94458404;11.43467522
63.96458404;11.43467522
63.98458404;11.61107254
64.00458404;11.43467522
64.02458404;11.61107254
64.04458404;11.61107254
64.06458404;11.43467522
64.08458404;11.43467522
64.10458404;11.43467522
64.12458404;11.61107254
64.14458404;11.43467522
64.16458404;11.43467522
64.18458404;11.61107254
64.20458404;11.43467522
64.22458404;11.61107254
64.24458404;11.43467522
64.26458404;11.43467522
64.28458404;11.43467522
64.30458404;11.43467522
64.32458404;11.43467522
64.34458404;11.43467522
64.36458404;11.43467522
64.38458404;11.43467522
64.40458404;11.61107254
64.42458404;11.43467522
64.44458404;11.43467522
64.46458404;11.43467522
64.48458404;11.43467522
64.50458404;11.43467522
64.52458404;11.43467522
64.54458404;11.43467522
64.56458404;11.43467522
64.58458404;11.43467522
64.60458404;11.43467522
64.62458404;11.61107254
64.64458404;11.43467522
64.66458404;11.43467522
64.68458404;11.43467522
64.70458404;11.43467522
64.72458404;11.61107254
64.74458404;11.43467522
64.76458404;11.61107254
64.78458404;11.61107254
64.80458404;11.43467522
64.82458404;11.43467522
64.84458404;11.61107254
64.86458404;11.43467522
64.88458404;11.43467522
64.90458404;11.43467522
64.92458404;11.61107254
64.94458404;11.61107254
64.96458404;11.43467522
64.98458404;11.43467522
65.00458404;11.61107254
65.02458404;11.61107254
65.04458404;11.43467522
65.06458404;11.43467522
65.08458404;11.43467522
65.10458403;11.43467522
65.12458403;11.43467522
65.14458403;11.43467522
65.16458403;11.43467522
65.18458403;11.43467522
65.20458403;11.43467522
65.22458403;11.61107254
65.24458403;11.43467522
65.26458403;11.43467522
65.28458403;11.43467522
65.30458403;11.43467522
65.32458403;11.61107254
65.34458403;11.61107254
65.36458403;11.43467522
65.38458403;11.43467522
65.40458403;11.61107254
65.42458403;11.61107254
65.44458403;11.61107254
65.46458403;11.43467522
65.48458403;11.43467522
65.50458403;11.43467522
65.52458403;11.43467522
65.54458403;11.43467522
65.56458403;11.43467522
65.58458403;11.43467522
65.60458403;11.43467522
65.62458403;11.43467522
65.64458403;11.61107254
65.66458403;11.43467522
65.68458403;11.43467522
65.70458403;11.43467522
65.72458403;11.43467522
65.74458403;11.43467522
65.76458403;11.61107254
65.78458403;11.43467522
65.80458403;11.43467522
65.82458403;11.61107254
65.84458403;11.43467522
65.86458403;11.61107254
65.88458403;11.43467522
65.90458403;11.43467522
65.92458403;11.43467522
65.94458403;11.43467522
65.96458403;11.43467522
65.98458403;11.43467522
66.00458403;11.43467522
66.02458403;11.43467522
66.04458403;11.43467522
66.06458403;11.43467522
66.08458403;11.43467522
66.10458403;11.61107254
66.12458403;11.43467522
66.14458403;11.43467522
66.16458403;11.43467522
66.18458403;11.43467522
66.20458403;11.43467522
66.22458403;11.43467522
66.24458403;11.43467522
66.26458403;11.43467522
66.28458403;11.61107254
66.30458403;11.61107254
66.32458403;11.43467522
66.34458403;11.61107254
66.36458403;11.43467522
66.38458403;11.43467522
66.40458403;11.61107254
66.42458403;11.43467522
66.44458403;11.43467522
66.46458403;11.61107254
66.48458403;11.43467522
66.50458403;11.43467522
66.52458403;11.43467522
66.54458403;11.43467522
66.56458403;11.43467522
66.58458403;11.61107254
66.60458403;11.43467522
66.62458403;11.43467522
66.64458403;11.43467522
66.66458403;11.43467522
66.68458403;11.43467522
66.70458403;11.43467522
66.72458403;11.43467522
66.74458403;11.43467522
66.76458402;11.61107254
66.78458402;11.43467522
66.80458402;11.61107254
66.82458402;11.43467522
66.84458402;11.43467522
66.86458402;11.43467522
66.88458402;11.43467522
66.90458402;11.61107254
66.92458402;11.43467522
66.94458402;11.61107254
66.96458402;11.43467522
66.98458402;11.61107254
67.00458402;11.43467522
67.02458402;11.43467522
67.04458402;11.43467522
67.06458402;11.43467522
67.08458402;11.43467522
67.10458402;11.43467522
67.12458402;11.43467522
67.14458402;11.43467522
67.16458402;11.43467522
67.18458402;11.43467522
67.20458402;11.61107254
67.22458402;11.43467522
67.24458402;11.43467522
67.26458402;11.61107254
67.28458402;11.43467522
67.30458402;11.43467522
67.32458402;11.43467522
67.34458402;11.43467522
67.36458402;11.43467522
67.38458402;11.43467522
67.40458402;11.61107254
67.42458402;11.43467522
67.44458402;11.61107254
67.46458402;11.43467522
67.48458402;11.61107254
67.50458402;11.43467522
67.52458402;11.43467522
67.54458402;11.43467522
67.56458402;11.61107254
67.58458402;11.43467522
67.60458402;11.43467522
67.62458402;11.43467522
67.64458402;11.43467522
67.66458402;11.43467522
67.68458402;11.43467522
67.70458402;11.43467522
67.72458402;11.61107254
67.74458402;11.61107254
67.76458402;11.43467522
67.78458402;11.61107254
67.80458402;11.61107254
67.82458402;11.61107254
67.84458402;11.43467522
67.86458402;11.43467522
67.88458402;11.43467522
67.90458402;11.43467522
67.92458402;11.61107254
67.94458402;11.43467522
67.96458402;11.43467522
67.98458402;11.61107254
68.00458402;11.43467522
68.02458402;11.43467522
68.04458402;11.43467522
68.06458402;11.61107254
68.08458402;11.43467522
68.10458402;11.43467522
68.12458402;11.43467522
68.14458402;11.43467522
68.16458402;11.43467522
68.18458402;11.43467522
68.20458402;11.43467522
68.22458402;11.43467522
68.24458402;11.43467522
68.26458402;11.43467522
68.28458402;11.43467522
68.30458402;11.43467522
68.32458402;11.61107254
68.34458402;11.43467522
68.36458402;11.43467522
68.38458402;11.61107254
68.40458401;11.43467522
68.42458401;11.61107254
68.44458401;11.61107254
68.46458401;11.61107254
68.48458401;11.43467522
68.50458401;11.61107254
68.52458401;11.43467522
68.54458401;11.61107254
68.56458401;11.43467522
68.58458401;11.43467522
68.60458401;11.43467522
68.62458401;11.43467522
68.64458401;11.43467522
68.66458401;11.61107254
68.68458401;11.43467522
68.70458401;11.43467522
68.72458401;11.43467522
68.74458401;11.43467522
68.76458401;11.61107254
68.78458401;11.43467522
68.80458401;11.43467522
68.82458401;11.43467522
68.84458401;11.43467522
68.86458401;11.43467522
68.88458401;11.43467522
68.90458401;11.43467522
68.92458401;11.43467522
68.94458401;11.43467522
68.96458401;11.43467522
68.98458401;11.61107254
69.00458401;11.43467522
69.02458401;11.61107254
69.04458401;11.61107254
69.06458401;11.43467522
69.08458401;11.43467522
69.10458401;11.43467522
69.12458401;11.43467522
69.14458401;11.43467522
69.16458401;11.43467522
69.18458401;11.43467522
69.20458401;11.43467522
69.22458401;11.61107254
69.24458401;11.43467522
69.26458401;11.43467522
69.28458401;11.43467522
69.30458401;11.61107254
69.32458401;11.43467522
69.34458401;11.43467522
69.36458401;11.43467522
69.38458401;11.43467522
69.40458401;11.43467522
69.42458401;11.43467522
69.44458401;11.43467522
69.46458401;11.43467522
69.48458401;11.43467522
69.50458401;11.43467522
69.52458401;11.43467522
69.54458401;11.43467522
69.56458401;11.43467522
69.58458401;11.43467522
69.60458401;11.61107254
69.62458401;11.61107254
69.64458401;11.61107254
69.66458401;11.43467522
69.68458401;11.43467522
69.70458401;11.43467522
69.72458401;11.43467522
69.74458401;11.43467522
69.76458401;11.43467522
69.78458401;11.43467522
69.80458401;11.61107254
69.82458401;11.43467522
69.84458401;11.61107254
69.86458401;11.43467522
69.88458401;11.43467522
69.90458401;11.43467522
69.92458401;11.43467522
69.94458401;11.61107254
69.96458401;11.43467522
69.98458401;11.43467522
70.00458401;11.43467522
70.02458401;11.43467522
70.04458400;11.43467522
70.06458400;11.43467522
70.08458400;11.43467522
70.10458400;11.43467522
70.12458400;11.43467522
70.14458400;11.43467522
70.16458400;11.43467522
70.18458400;11.61107254
70.20458400;11.43467522
70.22458400;11.43467522
70.24458400;11.43467522
70.26458400;11.43467522
70.28458400;11.43467522
70.30458400;11.61107254
70.32458400;11.43467522
70.34458400;11.43467522
70.36458400;11.43467522
70.38458400;11.43467522
70.40458400;11.43467522
70.42458400;11.61107254
70.44458400;11.43467522
70.46458400;11.43467522
70.48458400;11.43467522
70.50458400;11.43467522
70.52458400;11.43467522
70.54458400;11.43467522
70.56458400;11.43467522
70.58458400;11.61107254
70.60458400;11.43467522
70.62458400;11.43467522
70.64458400;11.43467522
70.66458400;11.43467522
70.68458400;11.61107254
70.70458400;11.43467522
70.72458400;11.43467522
70.74458400;11.43467522
70.76458400;11.43467522
70.78458400;11.43467522
70.80458400;11.61107254
70.82458400;11.43467522
70.84458400;11.43467522
70.86458400;11.61107254
70.88458400;11.43467522
70.90458400;11.43467522
70.92458400;11.43467522
70.94458400;11.61107254
70.96458400;11.61107254
70.98458400;11.61107254
71.00458400;11.61107254
71.02458400;11.61107254
71.04458400;11.43467522
71.06458400;11.61107254
71.08458400;11.43467522
71.10458400;11.61107254
71.12458400;11.43467522
71.14458400;11.43467522
71.16458400;11.43467522
71.18458400;11.43467522
71.20458400;11.61107254
71.22458400;11.43467522
71.24458400;11.61107254
71.26458400;11.43467522
71.28458400;11.61107254
71.30458400;11.43467522
71.32458400;11.43467522
71.34458400;11.43467522
71.36458400;11.43467522
71.38458400;11.43467522
71.40458400;11.43467522
71.42458400;11.43467522
71.44458400;11.43467522
71.46458400;11.43467522
71.48458400;11.43467522
71.50458400;11.43467522
71.52458400;11.43467522
71.54458400;11.43467522
71.56458400;11.43467522
71.58458400;11.61107254
71.60458400;11.61107254
71.62458400;11.61107254
71.64458400;11.61107254
71.66458400;11.61107254
71.68458399;11.61107254
71.70458399;11.43467522
71.72458399;11.43467522
71.74458399;11.43467522
71.76458399;11.61107254
71.78458399;11.43467522
71.80458399;11.43467522
71.82458399;11.43467522
71.84458399;11.43467522
71.86458399;11.43467522
71.88458399;11.61107254
71.90458399;11.43467522
71.92458399;11.61107254
71.94458399;11.61107254
71.96458399;11.43467522
71.98458399;11.43467522
72.00458399;11.43467522
72.02458399;11.43467522
72.04458399;11.61107254
72.06458399;11.43467522
72.08458399;11.43467522
72.10458399;11.43467522
72.12458399;11.61107254
72.14458399;11.43467522
72.16458399;11.43467522
72.18458399;11.43467522
72.20458399;11.61107254
72.22458399;11.43467522
72.24458399;11.43467522
72.26458399;11.43467522
72.28458399;11.43467522
72.30458399;11.43467522
72.32458399;11.43467522
72.34458399;11.43467522
72.36458399;11.43467522
72.38458399;11.43467522
72.40458399;11.43467522
72.42458399;11.61107254
72.44458399;11.61107254
72.46458399;11.61107254
72.48458399;11.43467522
72.50458399;11.43467522
72.52458399;11.61107254
72.54458399;11.43467522
72.56458399;11.43467522
72.58458399;11.43467522
72.60458399;11.43467522
72.62458399;11.43467522
72.64458399;11.61107254
72.66458399;11.43467522
72.68458399;11.43467522
72.70458399;11.43467522
72.72458399;11.43467522
72.74458399;11.43467522
72.76458399;11.43467522
72.78458399;11.43467522
72.80458399;11.61107254
72.82458399;11.43467522
72.84458399;11.43467522
72.86458399;11.43467522
72.88458399;11.61107254
72.90458399;11.43467522
72.92458399;11.43467522
72.94458399;11.61107254
72.96458399;11.43467522
72.98458399;11.61107254
73.00458399;11.61107254
73.02458399;11.43467522
73.04458399;11.43467522
73.06458399;11.43467522
73.08458399;11.43467522
73.10458399;11.43467522
73.12458399;11.43467522
73.14458399;11.43467522
73.16458399;11.61107254
73.18458399;11.61107254
73.20458399;11.61107254
73.22458399;11.43467522
73.24458399;11.43467522
73.26458399;11.61107254
73.28458399;11.43467522
73.30458399;11.43467522
73.32458399;11.61107254
73.34458398;11.43467522
73.36458398;11.61107254
73.38458398;11.61107254
73.40458398;11.43467522
73.42458398;11.43467522
73.44458398;11.43467522
73.46458398;11.43467522
73.48458398;11.43467522
73.50458398;11.43467522
73.52458398;11.61107254
73.54458398;11.61107254
73.56458398;11.43467522
73.58458398;11.43467522
73.60458398;11.43467522
73.62458398;11.43467522
73.64458398;11.43467522
73.66458398;11.43467522
73.68458398;11.61107254
73.70458398;11.43467522
73.72458398;11.61107254
73.74458398;11.43467522
73.76458398;11.43467522
73.78458398;11.43467522
73.80458398;11.61107254
73.82458398;11.43467522
73.84458398;11.43467522
73.86458398;11.43467522
73.88458398;11.43467522
73.90458398;11.43467522
73.92458398;11.43467522
73.94458398;11.43467522
73.96458398;11.43467522
73.98458398;11.43467522
74.00458398;11.43467522
74.02458398;11.61107254
74.04458398;11.43467522
74.06458398;11.61107254
74.08458398;11.43467522
74.10458398;11.43467522
74.12458398;11.61107254
74.14458398;11.43467522
74.16458398;11.43467522
74.18458398;11.43467522
74.20458398;11.43467522
74.22458398;11.43467522
74.24458398;11.43467522
74.26458398;11.43467522
74.28458398;11.43467522
74.30458398;11.43467522
74.32458398;11.43467522
74.34458398;11.43467522
74.36458398;11.43467522
74.38458398;11.43467522
74.40458398;11.61107254
74.42458398;11.43467522
74.44458398;11.43467522
74.46458398;11.43467522
74.48458398;11.43467522
74.50458398;11.43467522
74.52458398;11.43467522
74.54458398;11.61107254
74.56458398;11.43467522
74.58458398;11.43467522
74.60458398;11.43467522
74.62458398;11.43467522
74.64458398;11.43467522
74.66458398;11.43467522
74.68458398;11.43467522
74.70458398;11.43467522
74.72458398;11.43467522
74.74458398;11.43467522
74.76458398;11.61107254
74.78458398;11.43467522
74.80458398;11.43467522
74.82458398;11.43467522
74.84458398;11.61107254
74.86458398;11.43467522
74.88458398;11.61107254
74.90458398;11.61107254
74.92458398;11.61107254
74.94458398;11.61107254
74.96458398;11.43467522
74.98458397;11.61107254
75.00458397;11.43467522
75.02458397;11.61107254
75.04458397;11.61107254
75.06458397;11.61107254
75.08458397;11.43467522
75.10458397;11.61107254
75.12458397;11.43467522
75.14458397;11.43467522
75.16458397;11.43467522
75.18458397;11.43467522
75.20458397;11.61107254
75.22458397;11.43467522
75.24458397;11.43467522
75.26458397;11.43467522
75.28458397;11.43467522
75.30458397;11.43467522
75.32458397;11.43467522
75.34458397;11.43467522
75.36458397;11.61107254
75.38458397;11.61107254
75.40458397;11.43467522
75.42458397;11.61107254
75.44458397;11.43467522
75.46458397;11.43467522
75.48458397;11.43467522
75.50458397;11.43467522
75.52458397;11.43467522
75.54458397;11.43467522
75.56458397;11.43467522
75.58458397;11.43467522
75.60458397;11.43467522
75.62458397;11.61107254
75.64458397;11.61107254
75.66458397;11.43467522
75.68458397;11.43467522
75.70458397;11.61107254
75.72458397;11.43467522
75.74458397;11.43467522
75.76458397;11.43467522
75.78458397;11.43467522
75.80458397;11.43467522
75.82458397;11.61107254
75.84458397;11.43467522
75.86458397;11.43467522
75.88458397;11.61107254
75.90458397;11.43467522
75.92458397;11.61107254
75.94458397;11.43467522
75.96458397;11.43467522
75.98458397;11.43467522
76.00458397;11.43467522
76.02458397;11.43467522
76.04458397;11.61107254
76.06458397;11.43467522
76.08458397;11.43467522
76.10458397;11.61107254
76.12458397;11.43467522
76.14458397;11.61107254
76.16458397;11.43467522
76.18458397;11.43467522
76.20458397;11.61107254
76.22458397;11.43467522
76.24458397;11.43467522
76.26458397;11.43467522
76.28458397;11.43467522
76.30458397;11.43467522
76.32458397;11.43467522
76.34458397;11.43467522
76.36458397;11.43467522
76.38458397;11.61107254
76.40458397;11.43467522
76.42458397;11.43467522
76.44458397;11.43467522
76.46458397;11.61107254
76.48458397;11.43467522
76.50458397;11.43467522
76.52458397;11.43467522
76.54458397;11.43467522
76.56458397;11.43467522
76.58458397;11.43467522
76.60458397;11.43467522
76.62458396;11.43467522
76.64458396;11.43467522
76.66458396;11.43467522
76.68458396;11.43467522
76.70458396;11.43467522
76.72458396;11.43467522
76.74458396;11.43467522
76.76458396;11.61107254
76.78458396;11.43467522
76.80458396;11.43467522
76.82458396;11.43467522
76.84458396;11.43467522
76.86458396;11.43467522
76.88458396;11.61107254
76.90458396;11.61107254
76.92458396;11.43467522
76.94458396;11.43467522
76.96458396;11.43467522
76.98458396;11.61107254
77.00458396;11.43467522
77.02458396;11.43467522
77.04458396;11.43467522
77.06458396;11.61107254
77.08458396;11.43467522
77.10458396;11.43467522
77.12458396;11.43467522
77.14458396;11.43467522
77.16458396;11.43467522
77.18458396;11.43467522
77.20458396;11.43467522
77.22458396;11.43467522
77.24458396;11.43467522
77.26458396;11.61107254
77.28458396;11.61107254
77.30458396;11.43467522
77.32458396;11.43467522
77.34458396;11.43467522
77.36458396;11.43467522
77.38458396;11.43467522
77.40458396;11.61107254
77.42458396;11.61107254
77.44458396;11.43467522
77.46458396;11.43467522
77.48458396;11.43467522
77.50458396;11.43467522
77.52458396;11.43467522
77.54458396;11.43467522
77.56458396;11.43467522
77.58458396;11.43467522
77.60458396;11.43467522
77.62458396;11.43467522
77.64458396;11.43467522
77.66458396;11.43467522
77.68458396;11.61107254
77.70458396;11.43467522
77.72458396;11.61107254
77.74458396;11.43467522
77.76458396;11.43467522
77.78458396;11.61107254
77.80458396;11.43467522
77.82458396;11.61107254
77.84458396;11.43467522
77.86458396;11.43467522
77.88458396;11.43467522
77.90458396;11.43467522
77.92458396;11.61107254
77.94458396;11.43467522
77.96458396;11.43467522
77.98458396;11.43467522
78.00458396;11.43467522
78.02458396;11.43467522
78.04458396;11.43467522
78.06458396;11.61107254
78.08458396;11.61107254
78.10458396;11.43467522
78.12458396;11.43467522
78.14458396;11.43467522
78.16458396;11.43467522
78.18458396;11.61107254
78.20458396;11.43467522
78.22458396;11.61107254
78.24458396;11.43467522
78.26458395;11.43467522
78.28458395;11.61107254
78.30458395;11.61107254
78.32458395;11.43467522
78.34458395;11.43467522
78.36458395;11.61107254
78.38458395;11.61107254
78.40458395;11.43467522
78.42458395;11.43467522
78.44458395;11.43467522
78.46458395;11.43467522
78.48458395;11.43467522
78.50458395;11.43467522
78.52458395;11.61107254
78.54458395;11.43467522
78.56458395;11.43467522
78.58458395;11.43467522
78.60458395;11.61107254
78.62458395;11.43467522
78.64458395;11.43467522
78.66458395;11.43467522
78.68458395;11.43467522
78.70458395;11.61107254
78.72458395;11.43467522
78.74458395;11.43467522
78.76458395;11.43467522
78.78458395;11.43467522
78.80458395;11.43467522
78.82458395;11.43467522
78.84458395;11.43467522
78.86458395;11.43467522
78.88458395;11.43467522
78.90458395;11.43467522
78.92458395;11.61107254
78.94458395;11.43467522
78.96458395;11.43467522
78.98458395;11.61107254
79.00458395;11.43467522
79.02458395;11.61107254
79.04458395;11.61107254
79.06458395;11.43467522
79.08458395;11.43467522
79.10458395;11.43467522
79.12458395;11.61107254
79.14458395;11.61107254
79.16458395;11.43467522
79.18458395;11.43467522
79.20458395;11.43467522
79.22458395;11.43467522
79.24458395;11.43467522
79.26458395;11.43467522
79.28458395;11.43467522
79.30458395;11.61107254
79.32458395;11.43467522
79.34458395;11.43467522
79.36458395;11.61107254
79.38458395;11.43467522
79.40458395;11.43467522
79.42458395;11.43467522
79.44458395;11.43467522
79.46458395;11.43467522
79.48458395;11.43467522
79.50458395;11.43467522
79.52458395;11.43467522
79.54458395;11.43467522
79.56458395;11.43467522
79.58458395;11.43467522
79.60458395;11.61107254
79.62458395;11.61107254
79.64458395;11.43467522
79.66458395;11.43467522
79.68458395;11.43467522
79.70458395;11.43467522
79.72458395;11.43467522
79.74458395;11.43467522
79.76458395;11.61107254
79.78458395;11.43467522
79.80458395;11.43467522
79.82458395;11.43467522
79.84458395;11.43467522
79.86458395;11.43467522
79.88458395;11.61107254
79.90458395;11.43467522
79.92458394;11.43467522
79.94458394;11.61107254
79.96458394;11.43467522
79.98458394;11.61107254
80.00458394;11.43467522
80.02458394;11.43467522
80.04458394;11.43467522
80.06458394;11.61107254
80.08458394;11.43467522
80.10458394;11.43467522
80.12458394;11.43467522
80.14458394;11.61107254
80.16458394;11.43467522
80.18458394;11.43467522
80.20458394;11.43467522
80.22458394;11.43467522
80.24458394;11.61107254
80.26458394;11.43467522
80.28458394;11.43467522
80.30458394;11.43467522
80.32458394;11.61107254
80.34458394;11.43467522
80.36458394;11.43467522
80.38458394;11.61107254
80.40458394;11.43467522
80.42458394;11.61107254
80.44458394;11.43467522
80.46458394;11.61107254
80.48458394;11.43467522
80.50458394;11.43467522
80.52458394;11.43467522
80.54458394;11.43467522
80.56458394;11.43467522
80.58458394;11.43467522
80.60458394;11.61107254
80.62458394;11.61107254
80.64458394;11.61107254
80.66458394;11.43467522
80.68458394;11.43467522
80.70458394;11.43467522
80.72458394;11.43467522
80.74458394;11.43467522
80.76458394;11.43467522
80.78458394;11.43467522
80.80458394;11.61107254
80.82458394;11.43467522
80.84458394;11.43467522
80.86458394;11.43467522
80.88458394;11.43467522
80.90458394;11.61107254
80.92458394;11.43467522
80.94458394;11.61107254
80.96458394;11.43467522
80.98458394;11.61107254
81.00458394;11.43467522
81.02458394;11.43467522
81.04458394;11.43467522
81.06458394;11.43467522
81.08458394;11.43467522
81.10458394;11.43467522
81.12458394;11.61107254
81.14458394;11.61107254
81.16458394;11.43467522
81.18458394;11.43467522
81.20458394;11.61107254
81.22458394;11.43467522
81.24458394;11.61107254
81.26458394;11.61107254
81.28458394;11.43467522
81.30458394;11.43467522
81.32458394;11.61107254
81.34458394;11.43467522
81.36458394;11.61107254
81.38458394;11.61107254
81.40458394;11.43467522
81.42458394;11.43467522
81.44458394;11.43467522
81.46458394;11.43467522
81.48458394;11.43467522
81.50458394;11.61107254
81.52458394;11.43467522
81.54458394;11.43467522
81.56458393;11.43467522
81.58458393;11.43467522
81.60458393;11.61107254
81.62458393;11.61107254
81.64458393;11.43467522
81.66458393;11.61107254
81.68458393;11.43467522
81.70458393;11.43467522
81.72458393;11.61107254
81.74458393;11.61107254
81.76458393;11.61107254
81.78458393;11.43467522
81.80458393;11.43467522
81.82458393;11.61107254
81.84458393;11.43467522
81.86458393;11.61107254
81.88458393;11.43467522
81.90458393;11.43467522
81.92458393;11.61107254
81.94458393;11.43467522
81.96458393;11.43467522
81.98458393;11.61107254
82.00458393;11.61107254
82.02458393;11.43467522
82.04458393;11.43467522
82.06458393;11.43467522
82.08458393;11.61107254
82.10458393;11.43467522
82.12458393;11.43467522
82.14458393;11.43467522
82.16458393;11.43467522
82.18458393;11.43467522
82.20458393;11.43467522
82.22458393;11.61107254
82.24458393;11.61107254
82.26458393;11.43467522
82.28458393;11.43467522
82.30458393;11.43467522
82.32458393;11.43467522
82.34458393;11.61107254
82.36458393;11.43467522
82.38458393;11.43467522
82.40458393;11.61107254
82.42458393;11.43467522
82.44458393;11.61107254
82.46458393;11.61107254
82.48458393;11.43467522
82.50458393;11.61107254
82.52458393;11.43467522
82.54458393;11.43467522
82.56458393;11.43467522
82.58458393;11.43467522
82.60458393;11.43467522
82.62458393;11.43467522
82.64458393;11.61107254
82.66458393;11.61107254
82.68458393;11.43467522
82.70458393;11.61107254
82.72458393;11.43467522
82.74458393;11.61107254
82.76458393;11.43467522
82.78458393;11.61107254
82.80458393;11.43467522
82.82458393;11.61107254
82.84458393;11.43467522
82.86458393;11.43467522
82.88458393;11.61107254
82.90458393;11.43467522
82.92458393;11.61107254
82.94458393;11.43467522
82.96458393;11.61107254
82.98458393;11.61107254
83.00458393;11.61107254
83.02458393;11.43467522
83.04458393;11.43467522
83.06458393;11.43467522
83.08458393;11.43467522
83.10458393;11.43467522
83.12458393;11.43467522
83.14458393;11.43467522
83.16458393;11.43467522
83.18458393;11.43467522
83.20458392;11.61107254
83.22458392;11.43467522
83.24458392;11.43467522
83.26458392;11.43467522
83.28458392;11.43467522
83.30458392;11.43467522
83.32458392;11.61107254
83.34458392;11.61107254
83.36458392;11.43467522
83.38458392;11.43467522
83.40458392;11.43467522
83.42458392;11.43467522
83.44458392;11.43467522
83.46458392;11.43467522
83.48458392;11.43467522
83.50458392;11.43467522
83.52458392;11.43467522
83.54458392;11.61107254
83.56458392;11.43467522
83.58458392;11.61107254
83.60458392;11.43467522
83.62458392;11.43467522
83.64458392;11.43467522
83.66458392;11.43467522
83.68458392;11.43467522
83.70458392;11.43467522
83.72458392;11.43467522
83.74458392;11.43467522
83.76458392;11.43467522
83.78458392;11.43467522
83.80458392;11.43467522
83.82458392;11.43467522
83.84458392;11.43467522
83.86458392;11.43467522
83.88458392;11.43467522
83.90458392;11.43467522
83.92458392;11.43467522
83.94458392;11.61107254
83.96458392;11.61107254
83.98458392;11.43467522
84.00458392;11.43467522
